Workbook
Name Print_Area_MI: #N/A
Name Print_Titles_MI: #N/A
Name SPRING: #N/A
Name SPRING2: #N/A
Name TABLES: #N/A

Sheet Gila Hot Springs
CH4: New Mexico Interstate Stream Commission | CL4: Gila Hot Springs Ditch near Pinos Altos, New Mexico
A6: Gila Hot Springs near Pinos Altos, New Mexico (09429980)
CH7: Source: | CI7: Gila River - West Fork | CM7: Gila - San Francisco Basins
CH8: Location: | CI8: 33.1155, -108.1219 | CM8: DAILY DISCHARGE IN C/F/S
E9: JANUARY | L9: FEBRUARY | S9: MARCH | Z9: APRIL | AG9: MAY | AN9: JUNE | AU9: JULY | BB9: AUGUST | BI9: SEPTEMBER | BP9: OCTOBER | BW9: NOVEMBER | CD9: DECEMBER | CH9: Measuring Device: 12" Parshall Flume
A10: 2025
D11: PEN | E11: GHT | F11: CFS | K11: PEN | L11: GHT | M11: CFS | R11: PEN | S11: GHT | T11: CFS | Y11: PEN | Z11: GHT | AA11: CFS | AF11: PEN | AG11: GHT | AH11: CFS | AM11: PEN | AN11: GHT | AO11: CFS | AT11: PEN | AU11: GHT | AV11: CFS | BA11: PEN | BB11: GHT | BC11: CFS | BH11: PEN | BI11: GHT | BJ11: CFS | BO11: PEN | BP11: GHT | BQ11: CFS | BV11: PEN | BW11: GHT | BX11: CFS | CC11: PEN | CD11: GHT | CE11: CFS | CH11: Calendar Year 2025 | CR11: Site ID# 09429980
A12: DAY | B12: HRS | C12: GHT | D12: SHIFT | E12: AMOUNT | F12: PER TABLE | I12: HRS | J12: GHT | K12: SHIFT | L12: AMOUNT | M12: PER TABLE | P12: HRS | Q12: GHT | R12: SHIFT | S12: AMOUNT | T12: PER TABLE | W12: HRS | X12: GHT | Y12: SHIFT | Z12: AMOUNT | AA12: PER TABLE | AD12: HRS | AE12: GHT | AF12: SHIFT | AG12: AMOUNT | AH12: PER TABLE | AK12: HRS | AL12: GHT | AM12: SHIFT | AN12: AMOUNT | AO12: PER TABLE | AR12: HRS | AS12: GHT | AT12: SHIFT | AU12: AMOUNT | AV12: PER TABLE | AY12: HRS | AZ12: GHT | BA12: SHIFT | BB12: AMOUNT | BC12: PER TABLE | BF12: HRS | BG12: GHT | BH12: SHIFT | BI12: AMOUNT | BJ12: PER TABLE | BM12: HRS | BN12: GHT | BO12: SHIFT | BP12: AMOUNT | BQ12: PER TABLE | BT12: HRS | BU12: GHT | BV12: SHIFT | BW12: AMOUNT | BX12: PER TABLE | CA12: HRS | CB12: GHT | CC12: SHIFT | CD12: AMOUNT | CE12: PER TABLE | CH12: JANUARY | CI12: FEBRUARY | CJ12: MARCH | CK12: APRIL | CL12: MAY | CM12: JUNE | CN12: JULY | CO12: AUGUST | CP12: SEPTEMBER | CQ12: OCTOBER | CR12: NOVEMBER | CS12: DECEMBER
A13: - | B13: - | C13: - | D13: - | E13: - | F13: - | I13: - | J13: - | K13: - | L13: - | M13: - | P13: - | Q13: - | R13: - | S13: - | T13: - | W13: - | Y13: - | Z13: - | AA13: - | AD13: - | AE13: - | AF13: - | AG13: - | AH13: - | AK13: - | AL13: - | AM13: - | AN13: - | AO13: - | AR13: - | AS13: - | AT13: - | AU13: - | AV13: - | AY13: - | AZ13: - | BA13: - | BB13: - | BC13: - | BF13: - | BG13: - | BH13: - | BI13: - | BJ13: - | BM13: - | BN13: - | BO13: - | BP13: - | BQ13: - | BT13: - | BU13: - | BV13: - | BW13: - | BX13: - | CA13: - | CB13: - | CC13: - | CD13: - | CE13: -
A14: 1 | C14: 0 | D14: 0 | E14: =IF(C14=" ",0,ROUND(SUM(C14:D14),2)) -> 0 | F14: =VLOOKUP(E14,$IK$5000:$IU$5300,3) -> 0 | I14: 0 | J14: 0 | K14: 0 | L14: =IF(J14=" ",0,ROUND(SUM(J14:K14),2)) -> 0 | M14: =VLOOKUP(L14,$IK$5000:$IU$5300,3) -> 0 | S14: =IF(Q14=" ",0,ROUND(SUM(Q14:R14),2)) -> 0 | T14: =VLOOKUP(S14,$IK$5000:$IU$5300,3) -> 0 | X14: 0.81 | Z14: =IF(X14=" ",0,ROUND(SUM(X14:Y14),2)) -> 0.81 | AA14: =VLOOKUP(Z14,$IK$5000:$IU$5300,3) -> 2.9 | AE14: 0.93 | AG14: =IF(AE14=" ",0,ROUND(SUM(AE14:AF14),2)) -> 0.93 | AH14: =VLOOKUP(AG14,$IK$5000:$IU$5300,3) -> 3.6 | AL14: 0.65 | AN14: =IF(AL14=" ",0,ROUND(SUM(AL14:AM14),2)) -> 0.65 | AO14: =VLOOKUP(AN14,$IK$5000:$IU$5300,3) -> 2.1 | AS14: 0.06 | AU14: =IF(AS14=" ",0,ROUND(SUM(AS14:AT14),2)) -> 0.06 | AV14: =VLOOKUP(AU14,$IK$5000:$IU$5300,3) -> 0.168 | AZ14: 0.42 | BB14: =IF(AZ14=" ",0,ROUND(SUM(AZ14:BA14),2)) -> 0.42 | BC14: =VLOOKUP(BB14,$IK$5000:$IU$5300,3) -> 1.176 | BG14: 0.69 | BI14: =IF(BG14=" ",0,ROUND(SUM(BG14:BH14),2)) -> 0.69 | BJ14: =VLOOKUP(BI14,$IK$5000:$IU$5300,3) -> 2.3 | BN14: 0.6 | BP14: =IF(BN14=" ",0,ROUND(SUM(BN14:BO14),2)) -> 0.6 | BQ14: =VLOOKUP(BP14,$IK$5000:$IU$5300,3) -> 1.8 | BU14: 0.55 | BW14: =IF(BU14=" ",0,ROUND(SUM(BU14:BV14),2)) -> 0.55 | BX14: =VLOOKUP(BW14,$IK$5000:$IU$5300,3) -> 1.6 | CD14: =IF(CB14=" ",0,ROUND(SUM(CB14:CC14),2)) -> 0 | CE14: =VLOOKUP(CD14,$IK$5000:$IU$5300,3) -> 0 | CG14: 1 | CH14: =IF(B14=" ",F14,B14*F14/24) -> 0 | CI14: =IF(I14=" ",M14,I14*M14/24) -> 0 | CJ14: =IF(P14=" ",T14,P14*T14/24) -> 0 | CK14: =IF(W14=" ",AA14,W14*AA14/24) -> 2.9 | CL14: =IF(AD14=" ",AH14,AD14*AH14/24) -> 3.6 | CM14: =IF(AK14=" ",AO14,AK14*AO14/24) -> 2.1 | CN14: =IF(AR14=" ",AV14,AR14*AV14/24) -> 0.168 | CO14: =IF(AY14=" ",BC14,AY14*BC14/24) -> 1.176 | CP14: =IF(BF14=" ",BJ14,BF14*BJ14/24) -> 2.3 | CQ14: =IF(BM14=" ",BQ14,BM14*BQ14/24) -> 1.8 | CR14: =IF(BT14=" ",BX14,BT14*BX14/24) -> 1.6 | CS14: =IF(CA14=" ",CE14,CA14*CE14/24) -> 0
A15: 2 | C15: 0 | D15: 0 | E15: =IF(C15=" ",0,ROUND(SUM(C15:D15),2)) -> 0 | F15: =VLOOKUP(E15,$IK$5000:$IU$5300,3) -> 0 | I15: 0 | J15: 0 | K15: 0 | L15: =IF(J15=" ",0,ROUND(SUM(J15:K15),2)) -> 0 | M15: =VLOOKUP(L15,$IK$5000:$IU$5300,3) -> 0 | S15: =IF(Q15=" ",0,ROUND(SUM(Q15:R15),2)) -> 0 | T15: =VLOOKUP(S15,$IK$5000:$IU$5300,3) -> 0 | X15: 0.7 | Z15: =IF(X15=" ",0,ROUND(SUM(X15:Y15),2)) -> 0.7 | AA15: =VLOOKUP(Z15,$IK$5000:$IU$5300,3) -> 2.3 | AE15: 0.88 | AG15: =IF(AE15=" ",0,ROUND(SUM(AE15:AF15),2)) -> 0.88 | AH15: =VLOOKUP(AG15,$IK$5000:$IU$5300,3) -> 3.3 | AL15: 0.85 | AN15: =IF(AL15=" ",0,ROUND(SUM(AL15:AM15),2)) -> 0.85 | AO15: =VLOOKUP(AN15,$IK$5000:$IU$5300,3) -> 3.1 | AS15: 0.41 | AU15: =IF(AS15=" ",0,ROUND(SUM(AS15:AT15),2)) -> 0.41 | AV15: =VLOOKUP(AU15,$IK$5000:$IU$5300,3) -> 1.148 | AZ15: 0.43 | BB15: =IF(AZ15=" ",0,ROUND(SUM(AZ15:BA15),2)) -> 0.43 | BC15: =VLOOKUP(BB15,$IK$5000:$IU$5300,3) -> 1.204 | BG15: 0.83 | BI15: =IF(BG15=" ",0,ROUND(SUM(BG15:BH15),2)) -> 0.83 | BJ15: =VLOOKUP(BI15,$IK$5000:$IU$5300,3) -> 3 | BN15: 0.85 | BP15: =IF(BN15=" ",0,ROUND(SUM(BN15:BO15),2)) -> 0.85 | BQ15: =VLOOKUP(BP15,$IK$5000:$IU$5300,3) -> 3.1 | BU15: 0.55 | BW15: =IF(BU15=" ",0,ROUND(SUM(BU15:BV15),2)) -> 0.55 | BX15: =VLOOKUP(BW15,$IK$5000:$IU$5300,3) -> 1.6 | CD15: =IF(CB15=" ",0,ROUND(SUM(CB15:CC15),2)) -> 0 | CE15: =VLOOKUP(CD15,$IK$5000:$IU$5300,3) -> 0 | CG15: 2 | CH15: =IF(B15=" ",F15,B15*F15/24) -> 0 | CI15: =IF(I15=" ",M15,I15*M15/24) -> 0 | CJ15: =IF(P15=" ",T15,P15*T15/24) -> 0 | CK15: =IF(W15=" ",AA15,W15*AA15/24) -> 2.3 | CL15: =IF(AD15=" ",AH15,AD15*AH15/24) -> 3.3 | CM15: =IF(AK15=" ",AO15,AK15*AO15/24) -> 3.1 | CN15: =IF(AR15=" ",AV15,AR15*AV15/24) -> 1.148 | CO15: =IF(AY15=" ",BC15,AY15*BC15/24) -> 1.204 | CP15: =IF(BF15=" ",BJ15,BF15*BJ15/24) -> 3 | CQ15: =IF(BM15=" ",BQ15,BM15*BQ15/24) -> 3.1 | CR15: =IF(BT15=" ",BX15,BT15*BX15/24) -> 1.6 | CS15: =IF(CA15=" ",CE15,CA15*CE15/24) -> 0
A16: 3 | C16: 0 | D16: 0 | E16: =IF(C16=" ",0,ROUND(SUM(C16:D16),2)) -> 0 | F16: =VLOOKUP(E16,$IK$5000:$IU$5300,3) -> 0 | I16: 0 | J16: 0 | K16: 0 | L16: =IF(J16=" ",0,ROUND(SUM(J16:K16),2)) -> 0 | M16: =VLOOKUP(L16,$IK$5000:$IU$5300,3) -> 0 | S16: =IF(Q16=" ",0,ROUND(SUM(Q16:R16),2)) -> 0 | T16: =VLOOKUP(S16,$IK$5000:$IU$5300,3) -> 0 | X16: 0.69 | Z16: =IF(X16=" ",0,ROUND(SUM(X16:Y16),2)) -> 0.69 | AA16: =VLOOKUP(Z16,$IK$5000:$IU$5300,3) -> 2.3 | AE16: 0.96 | AG16: =IF(AE16=" ",0,ROUND(SUM(AE16:AF16),2)) -> 0.96 | AH16: =VLOOKUP(AG16,$IK$5000:$IU$5300,3) -> 3.8 | AL16: 0.96 | AN16: =IF(AL16=" ",0,ROUND(SUM(AL16:AM16),2)) -> 0.96 | AO16: =VLOOKUP(AN16,$IK$5000:$IU$5300,3) -> 3.8 | AS16: 0.68 | AU16: =IF(AS16=" ",0,ROUND(SUM(AS16:AT16),2)) -> 0.68 | AV16: =VLOOKUP(AU16,$IK$5000:$IU$5300,3) -> 2.2 | AZ16: 0.43 | BB16: =IF(AZ16=" ",0,ROUND(SUM(AZ16:BA16),2)) -> 0.43 | BC16: =VLOOKUP(BB16,$IK$5000:$IU$5300,3) -> 1.204 | BG16: 0.93 | BI16: =IF(BG16=" ",0,ROUND(SUM(BG16:BH16),2)) -> 0.93 | BJ16: =VLOOKUP(BI16,$IK$5000:$IU$5300,3) -> 3.6 | BN16: 0.85 | BP16: =IF(BN16=" ",0,ROUND(SUM(BN16:BO16),2)) -> 0.85 | BQ16: =VLOOKUP(BP16,$IK$5000:$IU$5300,3) -> 3.1 | BU16: 0.55 | BW16: =IF(BU16=" ",0,ROUND(SUM(BU16:BV16),2)) -> 0.55 | BX16: =VLOOKUP(BW16,$IK$5000:$IU$5300,3) -> 1.6 | CD16: =IF(CB16=" ",0,ROUND(SUM(CB16:CC16),2)) -> 0 | CE16: =VLOOKUP(CD16,$IK$5000:$IU$5300,3) -> 0 | CG16: 3 | CH16: =IF(B16=" ",F16,B16*F16/24) -> 0 | CI16: =IF(I16=" ",M16,I16*M16/24) -> 0 | CJ16: =IF(P16=" ",T16,P16*T16/24) -> 0 | CK16: =IF(W16=" ",AA16,W16*AA16/24) -> 2.3 | CL16: =IF(AD16=" ",AH16,AD16*AH16/24) -> 3.8 | CM16: =IF(AK16=" ",AO16,AK16*AO16/24) -> 3.8 | CN16: =IF(AR16=" ",AV16,AR16*AV16/24) -> 2.2 | CO16: =IF(AY16=" ",BC16,AY16*BC16/24) -> 1.204 | CP16: =IF(BF16=" ",BJ16,BF16*BJ16/24) -> 3.6 | CQ16: =IF(BM16=" ",BQ16,BM16*BQ16/24) -> 3.1 | CR16: =IF(BT16=" ",BX16,BT16*BX16/24) -> 1.6 | CS16: =IF(CA16=" ",CE16,CA16*CE16/24) -> 0
A17: 4 | C17: 0 | D17: 0 | E17: =IF(C17=" ",0,ROUND(SUM(C17:D17),2)) -> 0 | F17: =VLOOKUP(E17,$IK$5000:$IU$5300,3) -> 0 | I17: 0 | J17: 0 | K17: 0 | L17: =IF(J17=" ",0,ROUND(SUM(J17:K17),2)) -> 0 | M17: =VLOOKUP(L17,$IK$5000:$IU$5300,3) -> 0 | S17: =IF(Q17=" ",0,ROUND(SUM(Q17:R17),2)) -> 0 | T17: =VLOOKUP(S17,$IK$5000:$IU$5300,3) -> 0 | X17: 0.69 | Z17: =IF(X17=" ",0,ROUND(SUM(X17:Y17),2)) -> 0.69 | AA17: =VLOOKUP(Z17,$IK$5000:$IU$5300,3) -> 2.3 | AE17: 0.87 | AG17: =IF(AE17=" ",0,ROUND(SUM(AE17:AF17),2)) -> 0.87 | AH17: =VLOOKUP(AG17,$IK$5000:$IU$5300,3) -> 3.2 | AL17: 0.82 | AN17: =IF(AL17=" ",0,ROUND(SUM(AL17:AM17),2)) -> 0.82 | AO17: =VLOOKUP(AN17,$IK$5000:$IU$5300,3) -> 3 | AS17: 0.74 | AU17: =IF(AS17=" ",0,ROUND(SUM(AS17:AT17),2)) -> 0.74 | AV17: =VLOOKUP(AU17,$IK$5000:$IU$5300,3) -> 2.5 | AZ17: 0.53 | BB17: =IF(AZ17=" ",0,ROUND(SUM(AZ17:BA17),2)) -> 0.53 | BC17: =VLOOKUP(BB17,$IK$5000:$IU$5300,3) -> 1.5 | BG17: 0.71 | BI17: =IF(BG17=" ",0,ROUND(SUM(BG17:BH17),2)) -> 0.71 | BJ17: =VLOOKUP(BI17,$IK$5000:$IU$5300,3) -> 2.4 | BN17: 0.66 | BP17: =IF(BN17=" ",0,ROUND(SUM(BN17:BO17),2)) -> 0.66 | BQ17: =VLOOKUP(BP17,$IK$5000:$IU$5300,3) -> 2.1 | BU17: 0.55 | BW17: =IF(BU17=" ",0,ROUND(SUM(BU17:BV17),2)) -> 0.55 | BX17: =VLOOKUP(BW17,$IK$5000:$IU$5300,3) -> 1.6 | CD17: =IF(CB17=" ",0,ROUND(SUM(CB17:CC17),2)) -> 0 | CE17: =VLOOKUP(CD17,$IK$5000:$IU$5300,3) -> 0 | CG17: 4 | CH17: =IF(B17=" ",F17,B17*F17/24) -> 0 | CI17: =IF(I17=" ",M17,I17*M17/24) -> 0 | CJ17: =IF(P17=" ",T17,P17*T17/24) -> 0 | CK17: =IF(W17=" ",AA17,W17*AA17/24) -> 2.3 | CL17: =IF(AD17=" ",AH17,AD17*AH17/24) -> 3.2 | CM17: =IF(AK17=" ",AO17,AK17*AO17/24) -> 3 | CN17: =IF(AR17=" ",AV17,AR17*AV17/24) -> 2.5 | CO17: =IF(AY17=" ",BC17,AY17*BC17/24) -> 1.5 | CP17: =IF(BF17=" ",BJ17,BF17*BJ17/24) -> 2.4 | CQ17: =IF(BM17=" ",BQ17,BM17*BQ17/24) -> 2.1 | CR17: =IF(BT17=" ",BX17,BT17*BX17/24) -> 1.6 | CS17: =IF(CA17=" ",CE17,CA17*CE17/24) -> 0
A18: 5 | C18: 0 | D18: 0 | E18: =IF(C18=" ",0,ROUND(SUM(C18:D18),2)) -> 0 | F18: =VLOOKUP(E18,$IK$5000:$IU$5300,3) -> 0 | I18: 0 | J18: 0 | K18: 0 | L18: =IF(J18=" ",0,ROUND(SUM(J18:K18),2)) -> 0 | M18: =VLOOKUP(L18,$IK$5000:$IU$5300,3) -> 0 | S18: =IF(Q18=" ",0,ROUND(SUM(Q18:R18),2)) -> 0 | T18: =VLOOKUP(S18,$IK$5000:$IU$5300,3) -> 0 | X18: 0.68 | Z18: =IF(X18=" ",0,ROUND(SUM(X18:Y18),2)) -> 0.68 | AA18: =VLOOKUP(Z18,$IK$5000:$IU$5300,3) -> 2.2 | AE18: 0.96 | AG18: =IF(AE18=" ",0,ROUND(SUM(AE18:AF18),2)) -> 0.96 | AH18: =VLOOKUP(AG18,$IK$5000:$IU$5300,3) -> 3.8 | AL18: 0.64 | AN18: =IF(AL18=" ",0,ROUND(SUM(AL18:AM18),2)) -> 0.64 | AO18: =VLOOKUP(AN18,$IK$5000:$IU$5300,3) -> 2 | AS18: 0.94 | AU18: =IF(AS18=" ",0,ROUND(SUM(AS18:AT18),2)) -> 0.94 | AV18: =VLOOKUP(AU18,$IK$5000:$IU$5300,3) -> 3.6 | AZ18: 0.93 | BB18: =IF(AZ18=" ",0,ROUND(SUM(AZ18:BA18),2)) -> 0.93 | BC18: =VLOOKUP(BB18,$IK$5000:$IU$5300,3) -> 3.6 | BG18: 0.8 | BI18: =IF(BG18=" ",0,ROUND(SUM(BG18:BH18),2)) -> 0.8 | BJ18: =VLOOKUP(BI18,$IK$5000:$IU$5300,3) -> 2.8 | BN18: 0.72 | BP18: =IF(BN18=" ",0,ROUND(SUM(BN18:BO18),2)) -> 0.72 | BQ18: =VLOOKUP(BP18,$IK$5000:$IU$5300,3) -> 2.4 | BU18: 0.55 | BW18: =IF(BU18=" ",0,ROUND(SUM(BU18:BV18),2)) -> 0.55 | BX18: =VLOOKUP(BW18,$IK$5000:$IU$5300,3) -> 1.6 | CD18: =IF(CB18=" ",0,ROUND(SUM(CB18:CC18),2)) -> 0 | CE18: =VLOOKUP(CD18,$IK$5000:$IU$5300,3) -> 0 | CG18: 5 | CH18: =IF(B18=" ",F18,B18*F18/24) -> 0 | CI18: =IF(I18=" ",M18,I18*M18/24) -> 0 | CJ18: =IF(P18=" ",T18,P18*T18/24) -> 0 | CK18: =IF(W18=" ",AA18,W18*AA18/24) -> 2.2 | CL18: =IF(AD18=" ",AH18,AD18*AH18/24) -> 3.8 | CM18: =IF(AK18=" ",AO18,AK18*AO18/24) -> 2 | CN18: =IF(AR18=" ",AV18,AR18*AV18/24) -> 3.6 | CO18: =IF(AY18=" ",BC18,AY18*BC18/24) -> 3.6 | CP18: =IF(BF18=" ",BJ18,BF18*BJ18/24) -> 2.8 | CQ18: =IF(BM18=" ",BQ18,BM18*BQ18/24) -> 2.4 | CR18: =IF(BT18=" ",BX18,BT18*BX18/24) -> 1.6 | CS18: =IF(CA18=" ",CE18,CA18*CE18/24) -> 0
A19: 6 | C19: 0 | D19: 0 | E19: =IF(C19=" ",0,ROUND(SUM(C19:D19),2)) -> 0 | F19: =VLOOKUP(E19,$IK$5000:$IU$5300,3) -> 0 | I19: 0 | J19: 0 | K19: 0 | L19: =IF(J19=" ",0,ROUND(SUM(J19:K19),2)) -> 0 | M19: =VLOOKUP(L19,$IK$5000:$IU$5300,3) -> 0 | S19: =IF(Q19=" ",0,ROUND(SUM(Q19:R19),2)) -> 0 | T19: =VLOOKUP(S19,$IK$5000:$IU$5300,3) -> 0 | X19: 0.68 | Z19: =IF(X19=" ",0,ROUND(SUM(X19:Y19),2)) -> 0.68 | AA19: =VLOOKUP(Z19,$IK$5000:$IU$5300,3) -> 2.2 | AE19: 0.95 | AG19: =IF(AE19=" ",0,ROUND(SUM(AE19:AF19),2)) -> 0.95 | AH19: =VLOOKUP(AG19,$IK$5000:$IU$5300,3) -> 3.7 | AL19: 0.78 | AN19: =IF(AL19=" ",0,ROUND(SUM(AL19:AM19),2)) -> 0.78 | AO19: =VLOOKUP(AN19,$IK$5000:$IU$5300,3) -> 2.7 | AS19: 0.89 | AU19: =IF(AS19=" ",0,ROUND(SUM(AS19:AT19),2)) -> 0.89 | AV19: =VLOOKUP(AU19,$IK$5000:$IU$5300,3) -> 3.3 | AZ19: 0.85 | BB19: =IF(AZ19=" ",0,ROUND(SUM(AZ19:BA19),2)) -> 0.85 | BC19: =VLOOKUP(BB19,$IK$5000:$IU$5300,3) -> 3.1 | BG19: 0.72 | BI19: =IF(BG19=" ",0,ROUND(SUM(BG19:BH19),2)) -> 0.72 | BJ19: =VLOOKUP(BI19,$IK$5000:$IU$5300,3) -> 2.4 | BN19: 0.79 | BP19: =IF(BN19=" ",0,ROUND(SUM(BN19:BO19),2)) -> 0.79 | BQ19: =VLOOKUP(BP19,$IK$5000:$IU$5300,3) -> 2.8 | BU19: 0.55 | BW19: =IF(BU19=" ",0,ROUND(SUM(BU19:BV19),2)) -> 0.55 | BX19: =VLOOKUP(BW19,$IK$5000:$IU$5300,3) -> 1.6 | CD19: =IF(CB19=" ",0,ROUND(SUM(CB19:CC19),2)) -> 0 | CE19: =VLOOKUP(CD19,$IK$5000:$IU$5300,3) -> 0 | CG19: 6 | CH19: =IF(B19=" ",F19,B19*F19/24) -> 0 | CI19: =IF(I19=" ",M19,I19*M19/24) -> 0 | CJ19: =IF(P19=" ",T19,P19*T19/24) -> 0 | CK19: =IF(W19=" ",AA19,W19*AA19/24) -> 2.2 | CL19: =IF(AD19=" ",AH19,AD19*AH19/24) -> 3.7 | CM19: =IF(AK19=" ",AO19,AK19*AO19/24) -> 2.7 | CN19: =IF(AR19=" ",AV19,AR19*AV19/24) -> 3.3 | CO19: =IF(AY19=" ",BC19,AY19*BC19/24) -> 3.1 | CP19: =IF(BF19=" ",BJ19,BF19*BJ19/24) -> 2.4 | CQ19: =IF(BM19=" ",BQ19,BM19*BQ19/24) -> 2.8 | CR19: =IF(BT19=" ",BX19,BT19*BX19/24) -> 1.6 | CS19: =IF(CA19=" ",CE19,CA19*CE19/24) -> 0
A20: 7 | C20: 0 | D20: 0 | E20: =IF(C20=" ",0,ROUND(SUM(C20:D20),2)) -> 0 | F20: =VLOOKUP(E20,$IK$5000:$IU$5300,3) -> 0 | L20: =IF(J20=" ",0,ROUND(SUM(J20:K20),2)) -> 0 | M20: =VLOOKUP(L20,$IK$5000:$IU$5300,3) -> 0 | S20: =IF(Q20=" ",0,ROUND(SUM(Q20:R20),2)) -> 0 | T20: =VLOOKUP(S20,$IK$5000:$IU$5300,3) -> 0 | X20: 0.68 | Z20: =IF(X20=" ",0,ROUND(SUM(X20:Y20),2)) -> 0.68 | AA20: =VLOOKUP(Z20,$IK$5000:$IU$5300,3) -> 2.2 | AE20: 0.84 | AG20: =IF(AE20=" ",0,ROUND(SUM(AE20:AF20),2)) -> 0.84 | AH20: =VLOOKUP(AG20,$IK$5000:$IU$5300,3) -> 3.1 | AL20: 0.85 | AN20: =IF(AL20=" ",0,ROUND(SUM(AL20:AM20),2)) -> 0.85 | AO20: =VLOOKUP(AN20,$IK$5000:$IU$5300,3) -> 3.1 | AS20: 0.85 | AU20: =IF(AS20=" ",0,ROUND(SUM(AS20:AT20),2)) -> 0.85 | AV20: =VLOOKUP(AU20,$IK$5000:$IU$5300,3) -> 3.1 | AZ20: 0.87 | BB20: =IF(AZ20=" ",0,ROUND(SUM(AZ20:BA20),2)) -> 0.87 | BC20: =VLOOKUP(BB20,$IK$5000:$IU$5300,3) -> 3.2 | BG20: 0.67 | BI20: =IF(BG20=" ",0,ROUND(SUM(BG20:BH20),2)) -> 0.67 | BJ20: =VLOOKUP(BI20,$IK$5000:$IU$5300,3) -> 2.2 | BN20: 0.48 | BP20: =IF(BN20=" ",0,ROUND(SUM(BN20:BO20),2)) -> 0.48 | BQ20: =VLOOKUP(BP20,$IK$5000:$IU$5300,3) -> 1.344 | BU20: 0.55 | BW20: =IF(BU20=" ",0,ROUND(SUM(BU20:BV20),2)) -> 0.55 | BX20: =VLOOKUP(BW20,$IK$5000:$IU$5300,3) -> 1.6 | CD20: =IF(CB20=" ",0,ROUND(SUM(CB20:CC20),2)) -> 0 | CE20: =VLOOKUP(CD20,$IK$5000:$IU$5300,3) -> 0 | CG20: 7 | CH20: =IF(B20=" ",F20,B20*F20/24) -> 0 | CI20: =IF(I20=" ",M20,I20*M20/24) -> 0 | CJ20: =IF(P20=" ",T20,P20*T20/24) -> 0 | CK20: =IF(W20=" ",AA20,W20*AA20/24) -> 2.2 | CL20: =IF(AD20=" ",AH20,AD20*AH20/24) -> 3.1 | CM20: =IF(AK20=" ",AO20,AK20*AO20/24) -> 3.1 | CN20: =IF(AR20=" ",AV20,AR20*AV20/24) -> 3.1 | CO20: =IF(AY20=" ",BC20,AY20*BC20/24) -> 3.2 | CP20: =IF(BF20=" ",BJ20,BF20*BJ20/24) -> 2.2 | CQ20: =IF(BM20=" ",BQ20,BM20*BQ20/24) -> 1.344 | CR20: =IF(BT20=" ",BX20,BT20*BX20/24) -> 1.6 | CS20: =IF(CA20=" ",CE20,CA20*CE20/24) -> 0
A21: 8 | C21: 0 | D21: 0 | E21: =IF(C21=" ",0,ROUND(SUM(C21:D21),2)) -> 0 | F21: =VLOOKUP(E21,$IK$5000:$IU$5300,3) -> 0 | L21: =IF(J21=" ",0,ROUND(SUM(J21:K21),2)) -> 0 | M21: =VLOOKUP(L21,$IK$5000:$IU$5300,3) -> 0 | S21: =IF(Q21=" ",0,ROUND(SUM(Q21:R21),2)) -> 0 | T21: =VLOOKUP(S21,$IK$5000:$IU$5300,3) -> 0 | X21: 0.81 | Z21: =IF(X21=" ",0,ROUND(SUM(X21:Y21),2)) -> 0.81 | AA21: =VLOOKUP(Z21,$IK$5000:$IU$5300,3) -> 2.9 | AE21: 0.67 | AG21: =IF(AE21=" ",0,ROUND(SUM(AE21:AF21),2)) -> 0.67 | AH21: =VLOOKUP(AG21,$IK$5000:$IU$5300,3) -> 2.2 | AL21: 0.74 | AN21: =IF(AL21=" ",0,ROUND(SUM(AL21:AM21),2)) -> 0.74 | AO21: =VLOOKUP(AN21,$IK$5000:$IU$5300,3) -> 2.5 | AS21: 0.82 | AU21: =IF(AS21=" ",0,ROUND(SUM(AS21:AT21),2)) -> 0.82 | AV21: =VLOOKUP(AU21,$IK$5000:$IU$5300,3) -> 3 | AZ21: 0.84 | BB21: =IF(AZ21=" ",0,ROUND(SUM(AZ21:BA21),2)) -> 0.84 | BC21: =VLOOKUP(BB21,$IK$5000:$IU$5300,3) -> 3.1 | BG21: 0.95 | BI21: =IF(BG21=" ",0,ROUND(SUM(BG21:BH21),2)) -> 0.95 | BJ21: =VLOOKUP(BI21,$IK$5000:$IU$5300,3) -> 3.7 | BN21: 0.47 | BP21: =IF(BN21=" ",0,ROUND(SUM(BN21:BO21),2)) -> 0.47 | BQ21: =VLOOKUP(BP21,$IK$5000:$IU$5300,3) -> 1.316 | BU21: 0.55 | BW21: =IF(BU21=" ",0,ROUND(SUM(BU21:BV21),2)) -> 0.55 | BX21: =VLOOKUP(BW21,$IK$5000:$IU$5300,3) -> 1.6 | CD21: =IF(CB21=" ",0,ROUND(SUM(CB21:CC21),2)) -> 0 | CE21: =VLOOKUP(CD21,$IK$5000:$IU$5300,3) -> 0 | CG21: 8 | CH21: =IF(B21=" ",F21,B21*F21/24) -> 0 | CI21: =IF(I21=" ",M21,I21*M21/24) -> 0 | CJ21: =IF(P21=" ",T21,P21*T21/24) -> 0 | CK21: =IF(W21=" ",AA21,W21*AA21/24) -> 2.9 | CL21: =IF(AD21=" ",AH21,AD21*AH21/24) -> 2.2 | CM21: =IF(AK21=" ",AO21,AK21*AO21/24) -> 2.5 | CN21: =IF(AR21=" ",AV21,AR21*AV21/24) -> 3 | CO21: =IF(AY21=" ",BC21,AY21*BC21/24) -> 3.1 | CP21: =IF(BF21=" ",BJ21,BF21*BJ21/24) -> 3.7 | CQ21: =IF(BM21=" ",BQ21,BM21*BQ21/24) -> 1.316 | CR21: =IF(BT21=" ",BX21,BT21*BX21/24) -> 1.6 | CS21: =IF(CA21=" ",CE21,CA21*CE21/24) -> 0
A22: 9 | C22: 0 | D22: 0 | E22: =IF(C22=" ",0,ROUND(SUM(C22:D22),2)) -> 0 | F22: =VLOOKUP(E22,$IK$5000:$IU$5300,3) -> 0 | L22: =IF(J22=" ",0,ROUND(SUM(J22:K22),2)) -> 0 | M22: =VLOOKUP(L22,$IK$5000:$IU$5300,3) -> 0 | S22: =IF(Q22=" ",0,ROUND(SUM(Q22:R22),2)) -> 0 | T22: =VLOOKUP(S22,$IK$5000:$IU$5300,3) -> 0 | X22: 0.96 | Z22: =IF(X22=" ",0,ROUND(SUM(X22:Y22),2)) -> 0.96 | AA22: =VLOOKUP(Z22,$IK$5000:$IU$5300,3) -> 3.8 | AE22: 0.72 | AG22: =IF(AE22=" ",0,ROUND(SUM(AE22:AF22),2)) -> 0.72 | AH22: =VLOOKUP(AG22,$IK$5000:$IU$5300,3) -> 2.4 | AL22: 0.91 | AN22: =IF(AL22=" ",0,ROUND(SUM(AL22:AM22),2)) -> 0.91 | AO22: =VLOOKUP(AN22,$IK$5000:$IU$5300,3) -> 3.5 | AS22: 0.73 | AU22: =IF(AS22=" ",0,ROUND(SUM(AS22:AT22),2)) -> 0.73 | AV22: =VLOOKUP(AU22,$IK$5000:$IU$5300,3) -> 2.5 | AZ22: 0.68 | BB22: =IF(AZ22=" ",0,ROUND(SUM(AZ22:BA22),2)) -> 0.68 | BC22: =VLOOKUP(BB22,$IK$5000:$IU$5300,3) -> 2.2 | BG22: 0.8 | BI22: =IF(BG22=" ",0,ROUND(SUM(BG22:BH22),2)) -> 0.8 | BJ22: =VLOOKUP(BI22,$IK$5000:$IU$5300,3) -> 2.8 | BN22: 0.46 | BP22: =IF(BN22=" ",0,ROUND(SUM(BN22:BO22),2)) -> 0.46 | BQ22: =VLOOKUP(BP22,$IK$5000:$IU$5300,3) -> 1.288 | BU22: 0.55 | BW22: =IF(BU22=" ",0,ROUND(SUM(BU22:BV22),2)) -> 0.55 | BX22: =VLOOKUP(BW22,$IK$5000:$IU$5300,3) -> 1.6 | CD22: =IF(CB22=" ",0,ROUND(SUM(CB22:CC22),2)) -> 0 | CE22: =VLOOKUP(CD22,$IK$5000:$IU$5300,3) -> 0 | CG22: 9 | CH22: =IF(B22=" ",F22,B22*F22/24) -> 0 | CI22: =IF(I22=" ",M22,I22*M22/24) -> 0 | CJ22: =IF(P22=" ",T22,P22*T22/24) -> 0 | CK22: =IF(W22=" ",AA22,W22*AA22/24) -> 3.8 | CL22: =IF(AD22=" ",AH22,AD22*AH22/24) -> 2.4 | CM22: =IF(AK22=" ",AO22,AK22*AO22/24) -> 3.5 | CN22: =IF(AR22=" ",AV22,AR22*AV22/24) -> 2.5 | CO22: =IF(AY22=" ",BC22,AY22*BC22/24) -> 2.2 | CP22: =IF(BF22=" ",BJ22,BF22*BJ22/24) -> 2.8 | CQ22: =IF(BM22=" ",BQ22,BM22*BQ22/24) -> 1.288 | CR22: =IF(BT22=" ",BX22,BT22*BX22/24) -> 1.6 | CS22: =IF(CA22=" ",CE22,CA22*CE22/24) -> 0
A23: 10 | C23: 0 | D23: 0 | E23: =IF(C23=" ",0,ROUND(SUM(C23:D23),2)) -> 0 | F23: =VLOOKUP(E23,$IK$5000:$IU$5300,3) -> 0 | L23: =IF(J23=" ",0,ROUND(SUM(J23:K23),2)) -> 0 | M23: =VLOOKUP(L23,$IK$5000:$IU$5300,3) -> 0 | P23: 9 | Q23: 0.61 | S23: =IF(Q23=" ",0,ROUND(SUM(Q23:R23),2)) -> 0.61 | T23: =VLOOKUP(S23,$IK$5000:$IU$5300,3) -> 1.9 | X23: 0.81 | Z23: =IF(X23=" ",0,ROUND(SUM(X23:Y23),2)) -> 0.81 | AA23: =VLOOKUP(Z23,$IK$5000:$IU$5300,3) -> 2.9 | AE23: 0.81 | AG23: =IF(AE23=" ",0,ROUND(SUM(AE23:AF23),2)) -> 0.81 | AH23: =VLOOKUP(AG23,$IK$5000:$IU$5300,3) -> 2.9 | AL23: 0.66 | AN23: =IF(AL23=" ",0,ROUND(SUM(AL23:AM23),2)) -> 0.66 | AO23: =VLOOKUP(AN23,$IK$5000:$IU$5300,3) -> 2.1 | AS23: 0.62 | AU23: =IF(AS23=" ",0,ROUND(SUM(AS23:AT23),2)) -> 0.62 | AV23: =VLOOKUP(AU23,$IK$5000:$IU$5300,3) -> 1.9 | AZ23: 0.76 | BB23: =IF(AZ23=" ",0,ROUND(SUM(AZ23:BA23),2)) -> 0.76 | BC23: =VLOOKUP(BB23,$IK$5000:$IU$5300,3) -> 2.6 | BG23: 0.5 | BI23: =IF(BG23=" ",0,ROUND(SUM(BG23:BH23),2)) -> 0.5 | BJ23: =VLOOKUP(BI23,$IK$5000:$IU$5300,3) -> 1.4 | BN23: 0.46 | BP23: =IF(BN23=" ",0,ROUND(SUM(BN23:BO23),2)) -> 0.46 | BQ23: =VLOOKUP(BP23,$IK$5000:$IU$5300,3) -> 1.288 | BU23: 0.54 | BW23: =IF(BU23=" ",0,ROUND(SUM(BU23:BV23),2)) -> 0.54 | BX23: =VLOOKUP(BW23,$IK$5000:$IU$5300,3) -> 1.6 | CD23: =IF(CB23=" ",0,ROUND(SUM(CB23:CC23),2)) -> 0 | CE23: =VLOOKUP(CD23,$IK$5000:$IU$5300,3) -> 0 | CG23: 10 | CH23: =IF(B23=" ",F23,B23*F23/24) -> 0 | CI23: =IF(I23=" ",M23,I23*M23/24) -> 0 | CJ23: =IF(P23=" ",T23,P23*T23/24) -> 0.7125 | CK23: =IF(W23=" ",AA23,W23*AA23/24) -> 2.9 | CL23: =IF(AD23=" ",AH23,AD23*AH23/24) -> 2.9 | CM23: =IF(AK23=" ",AO23,AK23*AO23/24) -> 2.1 | CN23: =IF(AR23=" ",AV23,AR23*AV23/24) -> 1.9 | CO23: =IF(AY23=" ",BC23,AY23*BC23/24) -> 2.6 | CP23: =IF(BF23=" ",BJ23,BF23*BJ23/24) -> 1.4 | CQ23: =IF(BM23=" ",BQ23,BM23*BQ23/24) -> 1.288 | CR23: =IF(BT23=" ",BX23,BT23*BX23/24) -> 1.6 | CS23: =IF(CA23=" ",CE23,CA23*CE23/24) -> 0
A24: 11 | C24: 0 | D24: 0 | E24: =IF(C24=" ",0,ROUND(SUM(C24:D24),2)) -> 0 | F24: =VLOOKUP(E24,$IK$5000:$IU$5300,3) -> 0 | L24: =IF(J24=" ",0,ROUND(SUM(J24:K24),2)) -> 0 | M24: =VLOOKUP(L24,$IK$5000:$IU$5300,3) -> 0 | Q24: 0.75 | S24: =IF(Q24=" ",0,ROUND(SUM(Q24:R24),2)) -> 0.75 | T24: =VLOOKUP(S24,$IK$5000:$IU$5300,3) -> 2.6 | X24: 0.65 | Z24: =IF(X24=" ",0,ROUND(SUM(X24:Y24),2)) -> 0.65 | AA24: =VLOOKUP(Z24,$IK$5000:$IU$5300,3) -> 2.1 | AE24: 0.65 | AG24: =IF(AE24=" ",0,ROUND(SUM(AE24:AF24),2)) -> 0.65 | AH24: =VLOOKUP(AG24,$IK$5000:$IU$5300,3) -> 2.1 | AL24: 0.63 | AN24: =IF(AL24=" ",0,ROUND(SUM(AL24:AM24),2)) -> 0.63 | AO24: =VLOOKUP(AN24,$IK$5000:$IU$5300,3) -> 2 | AS24: 0.65 | AU24: =IF(AS24=" ",0,ROUND(SUM(AS24:AT24),2)) -> 0.65 | AV24: =VLOOKUP(AU24,$IK$5000:$IU$5300,3) -> 2.1 | AZ24: 0.93 | BB24: =IF(AZ24=" ",0,ROUND(SUM(AZ24:BA24),2)) -> 0.93 | BC24: =VLOOKUP(BB24,$IK$5000:$IU$5300,3) -> 3.6 | BG24: 0.5 | BI24: =IF(BG24=" ",0,ROUND(SUM(BG24:BH24),2)) -> 0.5 | BJ24: =VLOOKUP(BI24,$IK$5000:$IU$5300,3) -> 1.4 | BN24: 0.46 | BP24: =IF(BN24=" ",0,ROUND(SUM(BN24:BO24),2)) -> 0.46 | BQ24: =VLOOKUP(BP24,$IK$5000:$IU$5300,3) -> 1.288 | BU24: 0.54 | BW24: =IF(BU24=" ",0,ROUND(SUM(BU24:BV24),2)) -> 0.54 | BX24: =VLOOKUP(BW24,$IK$5000:$IU$5300,3) -> 1.6 | CD24: =IF(CB24=" ",0,ROUND(SUM(CB24:CC24),2)) -> 0 | CE24: =VLOOKUP(CD24,$IK$5000:$IU$5300,3) -> 0 | CG24: 11 | CH24: =IF(B24=" ",F24,B24*F24/24) -> 0 | CI24: =IF(I24=" ",M24,I24*M24/24) -> 0 | CJ24: =IF(P24=" ",T24,P24*T24/24) -> 2.6 | CK24: =IF(W24=" ",AA24,W24*AA24/24) -> 2.1 | CL24: =IF(AD24=" ",AH24,AD24*AH24/24) -> 2.1 | CM24: =IF(AK24=" ",AO24,AK24*AO24/24) -> 2 | CN24: =IF(AR24=" ",AV24,AR24*AV24/24) -> 2.1 | CO24: =IF(AY24=" ",BC24,AY24*BC24/24) -> 3.6 | CP24: =IF(BF24=" ",BJ24,BF24*BJ24/24) -> 1.4 | CQ24: =IF(BM24=" ",BQ24,BM24*BQ24/24) -> 1.288 | CR24: =IF(BT24=" ",BX24,BT24*BX24/24) -> 1.6 | CS24: =IF(CA24=" ",CE24,CA24*CE24/24) -> 0
A25: 12 | C25: 0 | D25: 0 | E25: =IF(C25=" ",0,ROUND(SUM(C25:D25),2)) -> 0 | F25: =VLOOKUP(E25,$IK$5000:$IU$5300,3) -> 0 | L25: =IF(J25=" ",0,ROUND(SUM(J25:K25),2)) -> 0 | M25: =VLOOKUP(L25,$IK$5000:$IU$5300,3) -> 0 | Q25: 0.77 | S25: =IF(Q25=" ",0,ROUND(SUM(Q25:R25),2)) -> 0.77 | T25: =VLOOKUP(S25,$IK$5000:$IU$5300,3) -> 2.7 | X25: 0.86 | Z25: =IF(X25=" ",0,ROUND(SUM(X25:Y25),2)) -> 0.86 | AA25: =VLOOKUP(Z25,$IK$5000:$IU$5300,3) -> 3.2 | AE25: 0.84 | AG25: =IF(AE25=" ",0,ROUND(SUM(AE25:AF25),2)) -> 0.84 | AH25: =VLOOKUP(AG25,$IK$5000:$IU$5300,3) -> 3.1 | AL25: 0.63 | AN25: =IF(AL25=" ",0,ROUND(SUM(AL25:AM25),2)) -> 0.63 | AO25: =VLOOKUP(AN25,$IK$5000:$IU$5300,3) -> 2 | AS25: 0.84 | AU25: =IF(AS25=" ",0,ROUND(SUM(AS25:AT25),2)) -> 0.84 | AV25: =VLOOKUP(AU25,$IK$5000:$IU$5300,3) -> 3.1 | AZ25: 0.85 | BB25: =IF(AZ25=" ",0,ROUND(SUM(AZ25:BA25),2)) -> 0.85 | BC25: =VLOOKUP(BB25,$IK$5000:$IU$5300,3) -> 3.1 | BG25: 0.5 | BI25: =IF(BG25=" ",0,ROUND(SUM(BG25:BH25),2)) -> 0.5 | BJ25: =VLOOKUP(BI25,$IK$5000:$IU$5300,3) -> 1.4 | BN25: 0.46 | BP25: =IF(BN25=" ",0,ROUND(SUM(BN25:BO25),2)) -> 0.46 | BQ25: =VLOOKUP(BP25,$IK$5000:$IU$5300,3) -> 1.288 | BU25: 0.53 | BW25: =IF(BU25=" ",0,ROUND(SUM(BU25:BV25),2)) -> 0.53 | BX25: =VLOOKUP(BW25,$IK$5000:$IU$5300,3) -> 1.5 | CD25: =IF(CB25=" ",0,ROUND(SUM(CB25:CC25),2)) -> 0 | CE25: =VLOOKUP(CD25,$IK$5000:$IU$5300,3) -> 0 | CG25: 12 | CH25: =IF(B25=" ",F25,B25*F25/24) -> 0 | CI25: =IF(I25=" ",M25,I25*M25/24) -> 0 | CJ25: =IF(P25=" ",T25,P25*T25/24) -> 2.7 | CK25: =IF(W25=" ",AA25,W25*AA25/24) -> 3.2 | CL25: =IF(AD25=" ",AH25,AD25*AH25/24) -> 3.1 | CM25: =IF(AK25=" ",AO25,AK25*AO25/24) -> 2 | CN25: =IF(AR25=" ",AV25,AR25*AV25/24) -> 3.1 | CO25: =IF(AY25=" ",BC25,AY25*BC25/24) -> 3.1 | CP25: =IF(BF25=" ",BJ25,BF25*BJ25/24) -> 1.4 | CQ25: =IF(BM25=" ",BQ25,BM25*BQ25/24) -> 1.288 | CR25: =IF(BT25=" ",BX25,BT25*BX25/24) -> 1.5 | CS25: =IF(CA25=" ",CE25,CA25*CE25/24) -> 0
A26: 13 | C26: 0 | D26: 0 | E26: =IF(C26=" ",0,ROUND(SUM(C26:D26),2)) -> 0 | F26: =VLOOKUP(E26,$IK$5000:$IU$5300,3) -> 0 | L26: =IF(J26=" ",0,ROUND(SUM(J26:K26),2)) -> 0 | M26: =VLOOKUP(L26,$IK$5000:$IU$5300,3) -> 0 | Q26: 0.61 | S26: =IF(Q26=" ",0,ROUND(SUM(Q26:R26),2)) -> 0.61 | T26: =VLOOKUP(S26,$IK$5000:$IU$5300,3) -> 1.9 | X26: 0.92 | Z26: =IF(X26=" ",0,ROUND(SUM(X26:Y26),2)) -> 0.92 | AA26: =VLOOKUP(Z26,$IK$5000:$IU$5300,3) -> 3.5 | AE26: 0.95 | AG26: =IF(AE26=" ",0,ROUND(SUM(AE26:AF26),2)) -> 0.95 | AH26: =VLOOKUP(AG26,$IK$5000:$IU$5300,3) -> 3.7 | AL26: 0.69 | AN26: =IF(AL26=" ",0,ROUND(SUM(AL26:AM26),2)) -> 0.69 | AO26: =VLOOKUP(AN26,$IK$5000:$IU$5300,3) -> 2.3 | AS26: 0.94 | AU26: =IF(AS26=" ",0,ROUND(SUM(AS26:AT26),2)) -> 0.94 | AV26: =VLOOKUP(AU26,$IK$5000:$IU$5300,3) -> 3.6 | AZ26: 0.69 | BB26: =IF(AZ26=" ",0,ROUND(SUM(AZ26:BA26),2)) -> 0.69 | BC26: =VLOOKUP(BB26,$IK$5000:$IU$5300,3) -> 2.3 | BG26: 0.41 | BI26: =IF(BG26=" ",0,ROUND(SUM(BG26:BH26),2)) -> 0.41 | BJ26: =VLOOKUP(BI26,$IK$5000:$IU$5300,3) -> 1.148 | BN26: 0.46 | BP26: =IF(BN26=" ",0,ROUND(SUM(BN26:BO26),2)) -> 0.46 | BQ26: =VLOOKUP(BP26,$IK$5000:$IU$5300,3) -> 1.288 | BU26: 0.53 | BW26: =IF(BU26=" ",0,ROUND(SUM(BU26:BV26),2)) -> 0.53 | BX26: =VLOOKUP(BW26,$IK$5000:$IU$5300,3) -> 1.5 | CD26: =IF(CB26=" ",0,ROUND(SUM(CB26:CC26),2)) -> 0 | CE26: =VLOOKUP(CD26,$IK$5000:$IU$5300,3) -> 0 | CG26: 13 | CH26: =IF(B26=" ",F26,B26*F26/24) -> 0 | CI26: =IF(I26=" ",M26,I26*M26/24) -> 0 | CJ26: =IF(P26=" ",T26,P26*T26/24) -> 1.9 | CK26: =IF(W26=" ",AA26,W26*AA26/24) -> 3.5 | CL26: =IF(AD26=" ",AH26,AD26*AH26/24) -> 3.7 | CM26: =IF(AK26=" ",AO26,AK26*AO26/24) -> 2.3 | CN26: =IF(AR26=" ",AV26,AR26*AV26/24) -> 3.6 | CO26: =IF(AY26=" ",BC26,AY26*BC26/24) -> 2.3 | CP26: =IF(BF26=" ",BJ26,BF26*BJ26/24) -> 1.148 | CQ26: =IF(BM26=" ",BQ26,BM26*BQ26/24) -> 1.288 | CR26: =IF(BT26=" ",BX26,BT26*BX26/24) -> 1.5 | CS26: =IF(CA26=" ",CE26,CA26*CE26/24) -> 0
A27: 14 | C27: 0 | D27: 0 | E27: =IF(C27=" ",0,ROUND(SUM(C27:D27),2)) -> 0 | F27: =VLOOKUP(E27,$IK$5000:$IU$5300,3) -> 0 | L27: =IF(J27=" ",0,ROUND(SUM(J27:K27),2)) -> 0 | M27: =VLOOKUP(L27,$IK$5000:$IU$5300,3) -> 0 | Q27: 0.61 | S27: =IF(Q27=" ",0,ROUND(SUM(Q27:R27),2)) -> 0.61 | T27: =VLOOKUP(S27,$IK$5000:$IU$5300,3) -> 1.9 | X27: 0.94 | Z27: =IF(X27=" ",0,ROUND(SUM(X27:Y27),2)) -> 0.94 | AA27: =VLOOKUP(Z27,$IK$5000:$IU$5300,3) -> 3.6 | AE27: 0.93 | AG27: =IF(AE27=" ",0,ROUND(SUM(AE27:AF27),2)) -> 0.93 | AH27: =VLOOKUP(AG27,$IK$5000:$IU$5300,3) -> 3.6 | AL27: 0.83 | AN27: =IF(AL27=" ",0,ROUND(SUM(AL27:AM27),2)) -> 0.83 | AO27: =VLOOKUP(AN27,$IK$5000:$IU$5300,3) -> 3 | AS27: 0.9 | AU27: =IF(AS27=" ",0,ROUND(SUM(AS27:AT27),2)) -> 0.9 | AV27: =VLOOKUP(AU27,$IK$5000:$IU$5300,3) -> 3.4 | AZ27: 0.68 | BB27: =IF(AZ27=" ",0,ROUND(SUM(AZ27:BA27),2)) -> 0.68 | BC27: =VLOOKUP(BB27,$IK$5000:$IU$5300,3) -> 2.2 | BG27: 0.31 | BI27: =IF(BG27=" ",0,ROUND(SUM(BG27:BH27),2)) -> 0.31 | BJ27: =VLOOKUP(BI27,$IK$5000:$IU$5300,3) -> 0.86 | BN27: 0.47 | BP27: =IF(BN27=" ",0,ROUND(SUM(BN27:BO27),2)) -> 0.47 | BQ27: =VLOOKUP(BP27,$IK$5000:$IU$5300,3) -> 1.316 | BU27: 0.53 | BW27: =IF(BU27=" ",0,ROUND(SUM(BU27:BV27),2)) -> 0.53 | BX27: =VLOOKUP(BW27,$IK$5000:$IU$5300,3) -> 1.5 | CD27: =IF(CB27=" ",0,ROUND(SUM(CB27:CC27),2)) -> 0 | CE27: =VLOOKUP(CD27,$IK$5000:$IU$5300,3) -> 0 | CG27: 14 | CH27: =IF(B27=" ",F27,B27*F27/24) -> 0 | CI27: =IF(I27=" ",M27,I27*M27/24) -> 0 | CJ27: =IF(P27=" ",T27,P27*T27/24) -> 1.9 | CK27: =IF(W27=" ",AA27,W27*AA27/24) -> 3.6 | CL27: =IF(AD27=" ",AH27,AD27*AH27/24) -> 3.6 | CM27: =IF(AK27=" ",AO27,AK27*AO27/24) -> 3 | CN27: =IF(AR27=" ",AV27,AR27*AV27/24) -> 3.4 | CO27: =IF(AY27=" ",BC27,AY27*BC27/24) -> 2.2 | CP27: =IF(BF27=" ",BJ27,BF27*BJ27/24) -> 0.86 | CQ27: =IF(BM27=" ",BQ27,BM27*BQ27/24) -> 1.316 | CR27: =IF(BT27=" ",BX27,BT27*BX27/24) -> 1.5 | CS27: =IF(CA27=" ",CE27,CA27*CE27/24) -> 0
A28: 15 | C28: 0 | D28: 0 | E28: =IF(C28=" ",0,ROUND(SUM(C28:D28),2)) -> 0 | F28: =VLOOKUP(E28,$IK$5000:$IU$5300,3) -> 0 | L28: =IF(J28=" ",0,ROUND(SUM(J28:K28),2)) -> 0 | M28: =VLOOKUP(L28,$IK$5000:$IU$5300,3) -> 0 | Q28: 0.81 | S28: =IF(Q28=" ",0,ROUND(SUM(Q28:R28),2)) -> 0.81 | T28: =VLOOKUP(S28,$IK$5000:$IU$5300,3) -> 2.9 | X28: 0.96 | Z28: =IF(X28=" ",0,ROUND(SUM(X28:Y28),2)) -> 0.96 | AA28: =VLOOKUP(Z28,$IK$5000:$IU$5300,3) -> 3.8 | AE28: 0.88 | AG28: =IF(AE28=" ",0,ROUND(SUM(AE28:AF28),2)) -> 0.88 | AH28: =VLOOKUP(AG28,$IK$5000:$IU$5300,3) -> 3.3 | AL28: 0.82 | AN28: =IF(AL28=" ",0,ROUND(SUM(AL28:AM28),2)) -> 0.82 | AO28: =VLOOKUP(AN28,$IK$5000:$IU$5300,3) -> 3 | AS28: 0.85 | AU28: =IF(AS28=" ",0,ROUND(SUM(AS28:AT28),2)) -> 0.85 | AV28: =VLOOKUP(AU28,$IK$5000:$IU$5300,3) -> 3.1 | AZ28: 0.89 | BB28: =IF(AZ28=" ",0,ROUND(SUM(AZ28:BA28),2)) -> 0.89 | BC28: =VLOOKUP(BB28,$IK$5000:$IU$5300,3) -> 3.3 | BG28: 0.49 | BI28: =IF(BG28=" ",0,ROUND(SUM(BG28:BH28),2)) -> 0.49 | BJ28: =VLOOKUP(BI28,$IK$5000:$IU$5300,3) -> 1.372 | BN28: 0.46 | BP28: =IF(BN28=" ",0,ROUND(SUM(BN28:BO28),2)) -> 0.46 | BQ28: =VLOOKUP(BP28,$IK$5000:$IU$5300,3) -> 1.288 | BU28: 0.53 | BW28: =IF(BU28=" ",0,ROUND(SUM(BU28:BV28),2)) -> 0.53 | BX28: =VLOOKUP(BW28,$IK$5000:$IU$5300,3) -> 1.5 | CD28: =IF(CB28=" ",0,ROUND(SUM(CB28:CC28),2)) -> 0 | CE28: =VLOOKUP(CD28,$IK$5000:$IU$5300,3) -> 0 | CG28: 15 | CH28: =IF(B28=" ",F28,B28*F28/24) -> 0 | CI28: =IF(I28=" ",M28,I28*M28/24) -> 0 | CJ28: =IF(P28=" ",T28,P28*T28/24) -> 2.9 | CK28: =IF(W28=" ",AA28,W28*AA28/24) -> 3.8 | CL28: =IF(AD28=" ",AH28,AD28*AH28/24) -> 3.3 | CM28: =IF(AK28=" ",AO28,AK28*AO28/24) -> 3 | CN28: =IF(AR28=" ",AV28,AR28*AV28/24) -> 3.1 | CO28: =IF(AY28=" ",BC28,AY28*BC28/24) -> 3.3 | CP28: =IF(BF28=" ",BJ28,BF28*BJ28/24) -> 1.372 | CQ28: =IF(BM28=" ",BQ28,BM28*BQ28/24) -> 1.288 | CR28: =IF(BT28=" ",BX28,BT28*BX28/24) -> 1.5 | CS28: =IF(CA28=" ",CE28,CA28*CE28/24) -> 0
A29: 16 | C29: 0 | D29: 0 | E29: =IF(C29=" ",0,ROUND(SUM(C29:D29),2)) -> 0 | F29: =VLOOKUP(E29,$IK$5000:$IU$5300,3) -> 0 | L29: =IF(J29=" ",0,ROUND(SUM(J29:K29),2)) -> 0 | M29: =VLOOKUP(L29,$IK$5000:$IU$5300,3) -> 0 | Q29: 0.8 | S29: =IF(Q29=" ",0,ROUND(SUM(Q29:R29),2)) -> 0.8 | T29: =VLOOKUP(S29,$IK$5000:$IU$5300,3) -> 2.8 | X29: 0.89 | Z29: =IF(X29=" ",0,ROUND(SUM(X29:Y29),2)) -> 0.89 | AA29: =VLOOKUP(Z29,$IK$5000:$IU$5300,3) -> 3.3 | AE29: 0.75 | AG29: =IF(AE29=" ",0,ROUND(SUM(AE29:AF29),2)) -> 0.75 | AH29: =VLOOKUP(AG29,$IK$5000:$IU$5300,3) -> 2.6 | AL29: 0.81 | AN29: =IF(AL29=" ",0,ROUND(SUM(AL29:AM29),2)) -> 0.81 | AO29: =VLOOKUP(AN29,$IK$5000:$IU$5300,3) -> 2.9 | AS29: 0.66 | AU29: =IF(AS29=" ",0,ROUND(SUM(AS29:AT29),2)) -> 0.66 | AV29: =VLOOKUP(AU29,$IK$5000:$IU$5300,3) -> 2.1 | AZ29: 0.83 | BB29: =IF(AZ29=" ",0,ROUND(SUM(AZ29:BA29),2)) -> 0.83 | BC29: =VLOOKUP(BB29,$IK$5000:$IU$5300,3) -> 3 | BG29: 0.48 | BI29: =IF(BG29=" ",0,ROUND(SUM(BG29:BH29),2)) -> 0.48 | BJ29: =VLOOKUP(BI29,$IK$5000:$IU$5300,3) -> 1.344 | BN29: 0.46 | BP29: =IF(BN29=" ",0,ROUND(SUM(BN29:BO29),2)) -> 0.46 | BQ29: =VLOOKUP(BP29,$IK$5000:$IU$5300,3) -> 1.288 | BU29: 0.53 | BW29: =IF(BU29=" ",0,ROUND(SUM(BU29:BV29),2)) -> 0.53 | BX29: =VLOOKUP(BW29,$IK$5000:$IU$5300,3) -> 1.5 | CD29: =IF(CB29=" ",0,ROUND(SUM(CB29:CC29),2)) -> 0 | CE29: =VLOOKUP(CD29,$IK$5000:$IU$5300,3) -> 0 | CG29: 16 | CH29: =IF(B29=" ",F29,B29*F29/24) -> 0 | CI29: =IF(I29=" ",M29,I29*M29/24) -> 0 | CJ29: =IF(P29=" ",T29,P29*T29/24) -> 2.8 | CK29: =IF(W29=" ",AA29,W29*AA29/24) -> 3.3 | CL29: =IF(AD29=" ",AH29,AD29*AH29/24) -> 2.6 | CM29: =IF(AK29=" ",AO29,AK29*AO29/24) -> 2.9 | CN29: =IF(AR29=" ",AV29,AR29*AV29/24) -> 2.1 | CO29: =IF(AY29=" ",BC29,AY29*BC29/24) -> 3 | CP29: =IF(BF29=" ",BJ29,BF29*BJ29/24) -> 1.344 | CQ29: =IF(BM29=" ",BQ29,BM29*BQ29/24) -> 1.288 | CR29: =IF(BT29=" ",BX29,BT29*BX29/24) -> 1.5 | CS29: =IF(CA29=" ",CE29,CA29*CE29/24) -> 0
A30: 17 | C30: 0 | D30: 0 | E30: =IF(C30=" ",0,ROUND(SUM(C30:D30),2)) -> 0 | F30: =VLOOKUP(E30,$IK$5000:$IU$5300,3) -> 0 | L30: =IF(J30=" ",0,ROUND(SUM(J30:K30),2)) -> 0 | M30: =VLOOKUP(L30,$IK$5000:$IU$5300,3) -> 0 | Q30: 0.62 | S30: =IF(Q30=" ",0,ROUND(SUM(Q30:R30),2)) -> 0.62 | T30: =VLOOKUP(S30,$IK$5000:$IU$5300,3) -> 1.9 | X30: 0.74 | Z30: =IF(X30=" ",0,ROUND(SUM(X30:Y30),2)) -> 0.74 | AA30: =VLOOKUP(Z30,$IK$5000:$IU$5300,3) -> 2.5 | AE30: 0.8 | AG30: =IF(AE30=" ",0,ROUND(SUM(AE30:AF30),2)) -> 0.8 | AH30: =VLOOKUP(AG30,$IK$5000:$IU$5300,3) -> 2.8 | AL30: 0.81 | AN30: =IF(AL30=" ",0,ROUND(SUM(AL30:AM30),2)) -> 0.81 | AO30: =VLOOKUP(AN30,$IK$5000:$IU$5300,3) -> 2.9 | AS30: 0.66 | AU30: =IF(AS30=" ",0,ROUND(SUM(AS30:AT30),2)) -> 0.66 | AV30: =VLOOKUP(AU30,$IK$5000:$IU$5300,3) -> 2.1 | AZ30: 0.76 | BB30: =IF(AZ30=" ",0,ROUND(SUM(AZ30:BA30),2)) -> 0.76 | BC30: =VLOOKUP(BB30,$IK$5000:$IU$5300,3) -> 2.6 | BG30: 0.42 | BI30: =IF(BG30=" ",0,ROUND(SUM(BG30:BH30),2)) -> 0.42 | BJ30: =VLOOKUP(BI30,$IK$5000:$IU$5300,3) -> 1.176 | BN30: 0.46 | BP30: =IF(BN30=" ",0,ROUND(SUM(BN30:BO30),2)) -> 0.46 | BQ30: =VLOOKUP(BP30,$IK$5000:$IU$5300,3) -> 1.288 | BU30: 0.53 | BW30: =IF(BU30=" ",0,ROUND(SUM(BU30:BV30),2)) -> 0.53 | BX30: =VLOOKUP(BW30,$IK$5000:$IU$5300,3) -> 1.5 | CD30: =IF(CB30=" ",0,ROUND(SUM(CB30:CC30),2)) -> 0 | CE30: =VLOOKUP(CD30,$IK$5000:$IU$5300,3) -> 0 | CG30: 17 | CH30: =IF(B30=" ",F30,B30*F30/24) -> 0 | CI30: =IF(I30=" ",M30,I30*M30/24) -> 0 | CJ30: =IF(P30=" ",T30,P30*T30/24) -> 1.9 | CK30: =IF(W30=" ",AA30,W30*AA30/24) -> 2.5 | CL30: =IF(AD30=" ",AH30,AD30*AH30/24) -> 2.8 | CM30: =IF(AK30=" ",AO30,AK30*AO30/24) -> 2.9 | CN30: =IF(AR30=" ",AV30,AR30*AV30/24) -> 2.1 | CO30: =IF(AY30=" ",BC30,AY30*BC30/24) -> 2.6 | CP30: =IF(BF30=" ",BJ30,BF30*BJ30/24) -> 1.176 | CQ30: =IF(BM30=" ",BQ30,BM30*BQ30/24) -> 1.288 | CR30: =IF(BT30=" ",BX30,BT30*BX30/24) -> 1.5 | CS30: =IF(CA30=" ",CE30,CA30*CE30/24) -> 0
A31: 18 | C31: 0 | D31: 0 | E31: =IF(C31=" ",0,ROUND(SUM(C31:D31),2)) -> 0 | F31: =VLOOKUP(E31,$IK$5000:$IU$5300,3) -> 0 | L31: =IF(J31=" ",0,ROUND(SUM(J31:K31),2)) -> 0 | M31: =VLOOKUP(L31,$IK$5000:$IU$5300,3) -> 0 | Q31: 0.6 | S31: =IF(Q31=" ",0,ROUND(SUM(Q31:R31),2)) -> 0.6 | T31: =VLOOKUP(S31,$IK$5000:$IU$5300,3) -> 1.8 | X31: 0.96 | Z31: =IF(X31=" ",0,ROUND(SUM(X31:Y31),2)) -> 0.96 | AA31: =VLOOKUP(Z31,$IK$5000:$IU$5300,3) -> 3.8 | AE31: 0.64 | AG31: =IF(AE31=" ",0,ROUND(SUM(AE31:AF31),2)) -> 0.64 | AH31: =VLOOKUP(AG31,$IK$5000:$IU$5300,3) -> 2 | AL31: 0.84 | AN31: =IF(AL31=" ",0,ROUND(SUM(AL31:AM31),2)) -> 0.84 | AO31: =VLOOKUP(AN31,$IK$5000:$IU$5300,3) -> 3.1 | AS31: 0.65 | AU31: =IF(AS31=" ",0,ROUND(SUM(AS31:AT31),2)) -> 0.65 | AV31: =VLOOKUP(AU31,$IK$5000:$IU$5300,3) -> 2.1 | AZ31: 0.94 | BB31: =IF(AZ31=" ",0,ROUND(SUM(AZ31:BA31),2)) -> 0.94 | BC31: =VLOOKUP(BB31,$IK$5000:$IU$5300,3) -> 3.6 | BG31: 0.27 | BI31: =IF(BG31=" ",0,ROUND(SUM(BG31:BH31),2)) -> 0.27 | BJ31: =VLOOKUP(BI31,$IK$5000:$IU$5300,3) -> 0.75 | BN31: 0.46 | BP31: =IF(BN31=" ",0,ROUND(SUM(BN31:BO31),2)) -> 0.46 | BQ31: =VLOOKUP(BP31,$IK$5000:$IU$5300,3) -> 1.288 | BU31: 0.53 | BW31: =IF(BU31=" ",0,ROUND(SUM(BU31:BV31),2)) -> 0.53 | BX31: =VLOOKUP(BW31,$IK$5000:$IU$5300,3) -> 1.5 | CD31: =IF(CB31=" ",0,ROUND(SUM(CB31:CC31),2)) -> 0 | CE31: =VLOOKUP(CD31,$IK$5000:$IU$5300,3) -> 0 | CG31: 18 | CH31: =IF(B31=" ",F31,B31*F31/24) -> 0 | CI31: =IF(I31=" ",M31,I31*M31/24) -> 0 | CJ31: =IF(P31=" ",T31,P31*T31/24) -> 1.8 | CK31: =IF(W31=" ",AA31,W31*AA31/24) -> 3.8 | CL31: =IF(AD31=" ",AH31,AD31*AH31/24) -> 2 | CM31: =IF(AK31=" ",AO31,AK31*AO31/24) -> 3.1 | CN31: =IF(AR31=" ",AV31,AR31*AV31/24) -> 2.1 | CO31: =IF(AY31=" ",BC31,AY31*BC31/24) -> 3.6 | CP31: =IF(BF31=" ",BJ31,BF31*BJ31/24) -> 0.75 | CQ31: =IF(BM31=" ",BQ31,BM31*BQ31/24) -> 1.288 | CR31: =IF(BT31=" ",BX31,BT31*BX31/24) -> 1.5 | CS31: =IF(CA31=" ",CE31,CA31*CE31/24) -> 0
A32: 19 | C32: 0 | D32: 0 | E32: =IF(C32=" ",0,ROUND(SUM(C32:D32),2)) -> 0 | F32: =VLOOKUP(E32,$IK$5000:$IU$5300,3) -> 0 | L32: =IF(J32=" ",0,ROUND(SUM(J32:K32),2)) -> 0 | M32: =VLOOKUP(L32,$IK$5000:$IU$5300,3) -> 0 | Q32: 0.51 | S32: =IF(Q32=" ",0,ROUND(SUM(Q32:R32),2)) -> 0.51 | T32: =VLOOKUP(S32,$IK$5000:$IU$5300,3) -> 1.4 | X32: 0.82 | Z32: =IF(X32=" ",0,ROUND(SUM(X32:Y32),2)) -> 0.82 | AA32: =VLOOKUP(Z32,$IK$5000:$IU$5300,3) -> 3 | AE32: 0.85 | AG32: =IF(AE32=" ",0,ROUND(SUM(AE32:AF32),2)) -> 0.85 | AH32: =VLOOKUP(AG32,$IK$5000:$IU$5300,3) -> 3.1 | AL32: 0.85 | AN32: =IF(AL32=" ",0,ROUND(SUM(AL32:AM32),2)) -> 0.85 | AO32: =VLOOKUP(AN32,$IK$5000:$IU$5300,3) -> 3.1 | AS32: 0.64 | AU32: =IF(AS32=" ",0,ROUND(SUM(AS32:AT32),2)) -> 0.64 | AV32: =VLOOKUP(AU32,$IK$5000:$IU$5300,3) -> 2 | AZ32: 0.83 | BB32: =IF(AZ32=" ",0,ROUND(SUM(AZ32:BA32),2)) -> 0.83 | BC32: =VLOOKUP(BB32,$IK$5000:$IU$5300,3) -> 3 | BG32: 0.25 | BI32: =IF(BG32=" ",0,ROUND(SUM(BG32:BH32),2)) -> 0.25 | BJ32: =VLOOKUP(BI32,$IK$5000:$IU$5300,3) -> 0.7 | BN32: 0.46 | BP32: =IF(BN32=" ",0,ROUND(SUM(BN32:BO32),2)) -> 0.46 | BQ32: =VLOOKUP(BP32,$IK$5000:$IU$5300,3) -> 1.288 | BU32: 0.53 | BW32: =IF(BU32=" ",0,ROUND(SUM(BU32:BV32),2)) -> 0.53 | BX32: =VLOOKUP(BW32,$IK$5000:$IU$5300,3) -> 1.5 | CD32: =IF(CB32=" ",0,ROUND(SUM(CB32:CC32),2)) -> 0 | CE32: =VLOOKUP(CD32,$IK$5000:$IU$5300,3) -> 0 | CG32: 19 | CH32: =IF(B32=" ",F32,B32*F32/24) -> 0 | CI32: =IF(I32=" ",M32,I32*M32/24) -> 0 | CJ32: =IF(P32=" ",T32,P32*T32/24) -> 1.4 | CK32: =IF(W32=" ",AA32,W32*AA32/24) -> 3 | CL32: =IF(AD32=" ",AH32,AD32*AH32/24) -> 3.1 | CM32: =IF(AK32=" ",AO32,AK32*AO32/24) -> 3.1 | CN32: =IF(AR32=" ",AV32,AR32*AV32/24) -> 2 | CO32: =IF(AY32=" ",BC32,AY32*BC32/24) -> 3 | CP32: =IF(BF32=" ",BJ32,BF32*BJ32/24) -> 0.7 | CQ32: =IF(BM32=" ",BQ32,BM32*BQ32/24) -> 1.288 | CR32: =IF(BT32=" ",BX32,BT32*BX32/24) -> 1.5 | CS32: =IF(CA32=" ",CE32,CA32*CE32/24) -> 0
A33: 20 | C33: 0 | D33: 0 | E33: =IF(C33=" ",0,ROUND(SUM(C33:D33),2)) -> 0 | F33: =VLOOKUP(E33,$IK$5000:$IU$5300,3) -> 0 | L33: =IF(J33=" ",0,ROUND(SUM(J33:K33),2)) -> 0 | M33: =VLOOKUP(L33,$IK$5000:$IU$5300,3) -> 0 | Q33: 0.55 | S33: =IF(Q33=" ",0,ROUND(SUM(Q33:R33),2)) -> 0.55 | T33: =VLOOKUP(S33,$IK$5000:$IU$5300,3) -> 1.6 | X33: 0.67 | Z33: =IF(X33=" ",0,ROUND(SUM(X33:Y33),2)) -> 0.67 | AA33: =VLOOKUP(Z33,$IK$5000:$IU$5300,3) -> 2.2 | AE33: 0.96 | AG33: =IF(AE33=" ",0,ROUND(SUM(AE33:AF33),2)) -> 0.96 | AH33: =VLOOKUP(AG33,$IK$5000:$IU$5300,3) -> 3.8 | AL33: 0.84 | AN33: =IF(AL33=" ",0,ROUND(SUM(AL33:AM33),2)) -> 0.84 | AO33: =VLOOKUP(AN33,$IK$5000:$IU$5300,3) -> 3.1 | AS33: 0.73 | AU33: =IF(AS33=" ",0,ROUND(SUM(AS33:AT33),2)) -> 0.73 | AV33: =VLOOKUP(AU33,$IK$5000:$IU$5300,3) -> 2.5 | AZ33: 0.69 | BB33: =IF(AZ33=" ",0,ROUND(SUM(AZ33:BA33),2)) -> 0.69 | BC33: =VLOOKUP(BB33,$IK$5000:$IU$5300,3) -> 2.3 | BG33: 0.4 | BI33: =IF(BG33=" ",0,ROUND(SUM(BG33:BH33),2)) -> 0.4 | BJ33: =VLOOKUP(BI33,$IK$5000:$IU$5300,3) -> 1.12 | BN33: 0.46 | BP33: =IF(BN33=" ",0,ROUND(SUM(BN33:BO33),2)) -> 0.46 | BQ33: =VLOOKUP(BP33,$IK$5000:$IU$5300,3) -> 1.288 | BU33: 0.53 | BW33: =IF(BU33=" ",0,ROUND(SUM(BU33:BV33),2)) -> 0.53 | BX33: =VLOOKUP(BW33,$IK$5000:$IU$5300,3) -> 1.5 | CD33: =IF(CB33=" ",0,ROUND(SUM(CB33:CC33),2)) -> 0 | CE33: =VLOOKUP(CD33,$IK$5000:$IU$5300,3) -> 0 | CG33: 20 | CH33: =IF(B33=" ",F33,B33*F33/24) -> 0 | CI33: =IF(I33=" ",M33,I33*M33/24) -> 0 | CJ33: =IF(P33=" ",T33,P33*T33/24) -> 1.6 | CK33: =IF(W33=" ",AA33,W33*AA33/24) -> 2.2 | CL33: =IF(AD33=" ",AH33,AD33*AH33/24) -> 3.8 | CM33: =IF(AK33=" ",AO33,AK33*AO33/24) -> 3.1 | CN33: =IF(AR33=" ",AV33,AR33*AV33/24) -> 2.5 | CO33: =IF(AY33=" ",BC33,AY33*BC33/24) -> 2.3 | CP33: =IF(BF33=" ",BJ33,BF33*BJ33/24) -> 1.12 | CQ33: =IF(BM33=" ",BQ33,BM33*BQ33/24) -> 1.288 | CR33: =IF(BT33=" ",BX33,BT33*BX33/24) -> 1.5 | CS33: =IF(CA33=" ",CE33,CA33*CE33/24) -> 0
A34: 21 | C34: 0 | D34: 0 | E34: =IF(C34=" ",0,ROUND(SUM(C34:D34),2)) -> 0 | F34: =VLOOKUP(E34,$IK$5000:$IU$5300,3) -> 0 | L34: =IF(J34=" ",0,ROUND(SUM(J34:K34),2)) -> 0 | M34: =VLOOKUP(L34,$IK$5000:$IU$5300,3) -> 0 | Q34: 0.71 | S34: =IF(Q34=" ",0,ROUND(SUM(Q34:R34),2)) -> 0.71 | T34: =VLOOKUP(S34,$IK$5000:$IU$5300,3) -> 2.4 | X34: 0.67 | Z34: =IF(X34=" ",0,ROUND(SUM(X34:Y34),2)) -> 0.67 | AA34: =VLOOKUP(Z34,$IK$5000:$IU$5300,3) -> 2.2 | AE34: 0.8 | AG34: =IF(AE34=" ",0,ROUND(SUM(AE34:AF34),2)) -> 0.8 | AH34: =VLOOKUP(AG34,$IK$5000:$IU$5300,3) -> 2.8 | AL34: 0.78 | AN34: =IF(AL34=" ",0,ROUND(SUM(AL34:AM34),2)) -> 0.78 | AO34: =VLOOKUP(AN34,$IK$5000:$IU$5300,3) -> 2.7 | AS34: 0.9 | AU34: =IF(AS34=" ",0,ROUND(SUM(AS34:AT34),2)) -> 0.9 | AV34: =VLOOKUP(AU34,$IK$5000:$IU$5300,3) -> 3.4 | AZ34: 0.68 | BB34: =IF(AZ34=" ",0,ROUND(SUM(AZ34:BA34),2)) -> 0.68 | BC34: =VLOOKUP(BB34,$IK$5000:$IU$5300,3) -> 2.2 | BG34: 0.54 | BI34: =IF(BG34=" ",0,ROUND(SUM(BG34:BH34),2)) -> 0.54 | BJ34: =VLOOKUP(BI34,$IK$5000:$IU$5300,3) -> 1.6 | BN34: 0.46 | BP34: =IF(BN34=" ",0,ROUND(SUM(BN34:BO34),2)) -> 0.46 | BQ34: =VLOOKUP(BP34,$IK$5000:$IU$5300,3) -> 1.288 | BU34: 0.53 | BW34: =IF(BU34=" ",0,ROUND(SUM(BU34:BV34),2)) -> 0.53 | BX34: =VLOOKUP(BW34,$IK$5000:$IU$5300,3) -> 1.5 | CD34: =IF(CB34=" ",0,ROUND(SUM(CB34:CC34),2)) -> 0 | CE34: =VLOOKUP(CD34,$IK$5000:$IU$5300,3) -> 0 | CG34: 21 | CH34: =IF(B34=" ",F34,B34*F34/24) -> 0 | CI34: =IF(I34=" ",M34,I34*M34/24) -> 0 | CJ34: =IF(P34=" ",T34,P34*T34/24) -> 2.4 | CK34: =IF(W34=" ",AA34,W34*AA34/24) -> 2.2 | CL34: =IF(AD34=" ",AH34,AD34*AH34/24) -> 2.8 | CM34: =IF(AK34=" ",AO34,AK34*AO34/24) -> 2.7 | CN34: =IF(AR34=" ",AV34,AR34*AV34/24) -> 3.4 | CO34: =IF(AY34=" ",BC34,AY34*BC34/24) -> 2.2 | CP34: =IF(BF34=" ",BJ34,BF34*BJ34/24) -> 1.6 | CQ34: =IF(BM34=" ",BQ34,BM34*BQ34/24) -> 1.288 | CR34: =IF(BT34=" ",BX34,BT34*BX34/24) -> 1.5 | CS34: =IF(CA34=" ",CE34,CA34*CE34/24) -> 0
A35: 22 | C35: 0 | D35: 0 | E35: =IF(C35=" ",0,ROUND(SUM(C35:D35),2)) -> 0 | F35: =VLOOKUP(E35,$IK$5000:$IU$5300,3) -> 0 | L35: =IF(J35=" ",0,ROUND(SUM(J35:K35),2)) -> 0 | M35: =VLOOKUP(L35,$IK$5000:$IU$5300,3) -> 0 | Q35: 0.94 | S35: =IF(Q35=" ",0,ROUND(SUM(Q35:R35),2)) -> 0.94 | T35: =VLOOKUP(S35,$IK$5000:$IU$5300,3) -> 3.6 | X35: 0.85 | Z35: =IF(X35=" ",0,ROUND(SUM(X35:Y35),2)) -> 0.85 | AA35: =VLOOKUP(Z35,$IK$5000:$IU$5300,3) -> 3.1 | AE35: 0.71 | AG35: =IF(AE35=" ",0,ROUND(SUM(AE35:AF35),2)) -> 0.71 | AH35: =VLOOKUP(AG35,$IK$5000:$IU$5300,3) -> 2.4 | AL35: 0.81 | AN35: =IF(AL35=" ",0,ROUND(SUM(AL35:AM35),2)) -> 0.81 | AO35: =VLOOKUP(AN35,$IK$5000:$IU$5300,3) -> 2.9 | AS35: 0.84 | AU35: =IF(AS35=" ",0,ROUND(SUM(AS35:AT35),2)) -> 0.84 | AV35: =VLOOKUP(AU35,$IK$5000:$IU$5300,3) -> 3.1 | AZ35: 0.67 | BB35: =IF(AZ35=" ",0,ROUND(SUM(AZ35:BA35),2)) -> 0.67 | BC35: =VLOOKUP(BB35,$IK$5000:$IU$5300,3) -> 2.2 | BG35: 0.54 | BI35: =IF(BG35=" ",0,ROUND(SUM(BG35:BH35),2)) -> 0.54 | BJ35: =VLOOKUP(BI35,$IK$5000:$IU$5300,3) -> 1.6 | BN35: 0.46 | BP35: =IF(BN35=" ",0,ROUND(SUM(BN35:BO35),2)) -> 0.46 | BQ35: =VLOOKUP(BP35,$IK$5000:$IU$5300,3) -> 1.288 | BU35: 0.53 | BW35: =IF(BU35=" ",0,ROUND(SUM(BU35:BV35),2)) -> 0.53 | BX35: =VLOOKUP(BW35,$IK$5000:$IU$5300,3) -> 1.5 | CD35: =IF(CB35=" ",0,ROUND(SUM(CB35:CC35),2)) -> 0 | CE35: =VLOOKUP(CD35,$IK$5000:$IU$5300,3) -> 0 | CG35: 22 | CH35: =IF(B35=" ",F35,B35*F35/24) -> 0 | CI35: =IF(I35=" ",M35,I35*M35/24) -> 0 | CJ35: =IF(P35=" ",T35,P35*T35/24) -> 3.6 | CK35: =IF(W35=" ",AA35,W35*AA35/24) -> 3.1 | CL35: =IF(AD35=" ",AH35,AD35*AH35/24) -> 2.4 | CM35: =IF(AK35=" ",AO35,AK35*AO35/24) -> 2.9 | CN35: =IF(AR35=" ",AV35,AR35*AV35/24) -> 3.1 | CO35: =IF(AY35=" ",BC35,AY35*BC35/24) -> 2.2 | CP35: =IF(BF35=" ",BJ35,BF35*BJ35/24) -> 1.6 | CQ35: =IF(BM35=" ",BQ35,BM35*BQ35/24) -> 1.288 | CR35: =IF(BT35=" ",BX35,BT35*BX35/24) -> 1.5 | CS35: =IF(CA35=" ",CE35,CA35*CE35/24) -> 0
... A41: 28 | C41: 0 | D41: 0 | E41: =IF(C41=" ",0,ROUND(SUM(C41:D41),2)) -> 0 | F41: =VLOOKUP(E41,$IK$5000:$IU$5300,3) -> 0 | L41: =IF(J41=" ",0,ROUND(SUM(J41:K41),2)) -> 0 | M41: =VLOOKUP(L41,$IK$5000:$IU$5300,3) -> 0 | Q41: 0.68 | S41: =IF(Q41=" ",0,ROUND(SUM(Q41:R41),2)) -> 0.68 | T41: =VLOOKUP(S41,$IK$5000:$IU$5300,3) -> 2.2 | X41: 0.72 | Z41: =IF(X41=" ",0,ROUND(SUM(X41:Y41),2)) -> 0.72 | AA41: =VLOOKUP(Z41,$IK$5000:$IU$5300,3) -> 2.4 | AE41: 0.88 | AG41: =IF(AE41=" ",0,ROUND(SUM(AE41:AF41),2)) -> 0.88 | AH41: =VLOOKUP(AG41,$IK$5000:$IU$5300,3) -> 3.3 | AL41: 0.83 | AN41: =IF(AL41=" ",0,ROUND(SUM(AL41:AM41),2)) -> 0.83 | AO41: =VLOOKUP(AN41,$IK$5000:$IU$5300,3) -> 3 | AS41: 0.91 | AU41: =IF(AS41=" ",0,ROUND(SUM(AS41:AT41),2)) -> 0.91 | AV41: =VLOOKUP(AU41,$IK$5000:$IU$5300,3) -> 3.5 | AZ41: 0.79 | BB41: =IF(AZ41=" ",0,ROUND(SUM(AZ41:BA41),2)) -> 0.79 | BC41: =VLOOKUP(BB41,$IK$5000:$IU$5300,3) -> 2.8 | BG41: 0.33 | BI41: =IF(BG41=" ",0,ROUND(SUM(BG41:BH41),2)) -> 0.33 | BJ41: =VLOOKUP(BI41,$IK$5000:$IU$5300,3) -> 0.924 | BN41: 0.83 | BP41: =IF(BN41=" ",0,ROUND(SUM(BN41:BO41),2)) -> 0.83 | BQ41: =VLOOKUP(BP41,$IK$5000:$IU$5300,3) -> 3 | BU41: 0.53 | BW41: =IF(BU41=" ",0,ROUND(SUM(BU41:BV41),2)) -> 0.53 | BX41: =VLOOKUP(BW41,$IK$5000:$IU$5300,3) -> 1.5 | CD41: =IF(CB41=" ",0,ROUND(SUM(CB41:CC41),2)) -> 0 | CE41: =VLOOKUP(CD41,$IK$5000:$IU$5300,3) -> 0 | CG41: 28 | CH41: =IF(B41=" ",F41,B41*F41/24) -> 0 | CI41: =IF(I41=" ",M41,I41*M41/24) -> 0 | CJ41: =IF(P41=" ",T41,P41*T41/24) -> 2.2 | CK41: =IF(W41=" ",AA41,W41*AA41/24) -> 2.4 | CL41: =IF(AD41=" ",AH41,AD41*AH41/24) -> 3.3 | CM41: =IF(AK41=" ",AO41,AK41*AO41/24) -> 3 | CN41: =IF(AR41=" ",AV41,AR41*AV41/24) -> 3.5 | CO41: =IF(AY41=" ",BC41,AY41*BC41/24) -> 2.8 | CP41: =IF(BF41=" ",BJ41,BF41*BJ41/24) -> 0.924 | CQ41: =IF(BM41=" ",BQ41,BM41*BQ41/24) -> 3 | CR41: =IF(BT41=" ",BX41,BT41*BX41/24) -> 1.5 | CS41: =IF(CA41=" ",CE41,CA41*CE41/24) -> 0
A42: 29 | C42: 0 | D42: 0 | E42: =IF(C42=" ",0,ROUND(SUM(C42:D42),2)) -> 0 | F42: =VLOOKUP(E42,$IK$5000:$IU$5300,3) -> 0 | J42: 0 | L42: =IF(J42=" ",0,ROUND(SUM(J42:K42),2)) -> 0 | M42: =VLOOKUP(L42,$IK$5000:$IU$5300,3) -> 0 | Q42: 0.62 | S42: =IF(Q42=" ",0,ROUND(SUM(Q42:R42),2)) -> 0.62 | T42: =VLOOKUP(S42,$IK$5000:$IU$5300,3) -> 1.9 | X42: 0.94 | Z42: =IF(X42=" ",0,ROUND(SUM(X42:Y42),2)) -> 0.94 | AA42: =VLOOKUP(Z42,$IK$5000:$IU$5300,3) -> 3.6 | AE42: 0.66 | AG42: =IF(AE42=" ",0,ROUND(SUM(AE42:AF42),2)) -> 0.66 | AH42: =VLOOKUP(AG42,$IK$5000:$IU$5300,3) -> 2.1 | AL42: 0.83 | AN42: =IF(AL42=" ",0,ROUND(SUM(AL42:AM42),2)) -> 0.83 | AO42: =VLOOKUP(AN42,$IK$5000:$IU$5300,3) -> 3 | AS42: 0.85 | AU42: =IF(AS42=" ",0,ROUND(SUM(AS42:AT42),2)) -> 0.85 | AV42: =VLOOKUP(AU42,$IK$5000:$IU$5300,3) -> 3.1 | AZ42: 0.92 | BB42: =IF(AZ42=" ",0,ROUND(SUM(AZ42:BA42),2)) -> 0.92 | BC42: =VLOOKUP(BB42,$IK$5000:$IU$5300,3) -> 3.5 | BG42: 0.33 | BI42: =IF(BG42=" ",0,ROUND(SUM(BG42:BH42),2)) -> 0.33 | BJ42: =VLOOKUP(BI42,$IK$5000:$IU$5300,3) -> 0.924 | BN42: 0.88 | BP42: =IF(BN42=" ",0,ROUND(SUM(BN42:BO42),2)) -> 0.88 | BQ42: =VLOOKUP(BP42,$IK$5000:$IU$5300,3) -> 3.3 | BU42: 0.52 | BW42: =IF(BU42=" ",0,ROUND(SUM(BU42:BV42),2)) -> 0.52 | BX42: =VLOOKUP(BW42,$IK$5000:$IU$5300,3) -> 1.5 | CD42: =IF(CB42=" ",0,ROUND(SUM(CB42:CC42),2)) -> 0 | CE42: =VLOOKUP(CD42,$IK$5000:$IU$5300,3) -> 0 | CG42: 29 | CH42: =IF(B42=" ",F42,B42*F42/24) -> 0 | CI42: ------- | CJ42: =IF(P42=" ",T42,P42*T42/24) -> 1.9 | CK42: =IF(W42=" ",AA42,W42*AA42/24) -> 3.6 | CL42: =IF(AD42=" ",AH42,AD42*AH42/24) -> 2.1 | CM42: =IF(AK42=" ",AO42,AK42*AO42/24) -> 3 | CN42: =IF(AR42=" ",AV42,AR42*AV42/24) -> 3.1 | CO42: =IF(AY42=" ",BC42,AY42*BC42/24) -> 3.5 | CP42: =IF(BF42=" ",BJ42,BF42*BJ42/24) -> 0.924 | CQ42: =IF(BM42=" ",BQ42,BM42*BQ42/24) -> 3.3 | CR42: =IF(BT42=" ",BX42,BT42*BX42/24) -> 1.5 | CS42: =IF(CA42=" ",CE42,CA42*CE42/24) -> 0
A43: 30 | C43: 0 | D43: 0 | E43: =IF(C43=" ",0,ROUND(SUM(C43:D43),2)) -> 0 | F43: =VLOOKUP(E43,$IK$5000:$IU$5300,3) -> 0 | J43: 0 | L43: =IF(J43=" ",0,ROUND(SUM(J43:K43),2)) -> 0 | M43: =VLOOKUP(L43,$IK$5000:$IU$5300,3) -> 0 | Q43: 0.92 | S43: =IF(Q43=" ",0,ROUND(SUM(Q43:R43),2)) -> 0.92 | T43: =VLOOKUP(S43,$IK$5000:$IU$5300,3) -> 3.5 | X43: 0.93 | Z43: =IF(X43=" ",0,ROUND(SUM(X43:Y43),2)) -> 0.93 | AA43: =VLOOKUP(Z43,$IK$5000:$IU$5300,3) -> 3.6 | AE43: 0.72 | AG43: =IF(AE43=" ",0,ROUND(SUM(AE43:AF43),2)) -> 0.72 | AH43: =VLOOKUP(AG43,$IK$5000:$IU$5300,3) -> 2.4 | AL43: 0.6 | AN43: =IF(AL43=" ",0,ROUND(SUM(AL43:AM43),2)) -> 0.6 | AO43: =VLOOKUP(AN43,$IK$5000:$IU$5300,3) -> 1.8 | AS43: 0.65 | AU43: =IF(AS43=" ",0,ROUND(SUM(AS43:AT43),2)) -> 0.65 | AV43: =VLOOKUP(AU43,$IK$5000:$IU$5300,3) -> 2.1 | AZ43: 0.8 | BB43: =IF(AZ43=" ",0,ROUND(SUM(AZ43:BA43),2)) -> 0.8 | BC43: =VLOOKUP(BB43,$IK$5000:$IU$5300,3) -> 2.8 | BG43: 0.38 | BI43: =IF(BG43=" ",0,ROUND(SUM(BG43:BH43),2)) -> 0.38 | BJ43: =VLOOKUP(BI43,$IK$5000:$IU$5300,3) -> 1.064 | BN43: 0.79 | BP43: =IF(BN43=" ",0,ROUND(SUM(BN43:BO43),2)) -> 0.79 | BQ43: =VLOOKUP(BP43,$IK$5000:$IU$5300,3) -> 2.8 | BU43: 0.52 | BW43: =IF(BU43=" ",0,ROUND(SUM(BU43:BV43),2)) -> 0.52 | BX43: =VLOOKUP(BW43,$IK$5000:$IU$5300,3) -> 1.5 | CD43: =IF(CB43=" ",0,ROUND(SUM(CB43:CC43),2)) -> 0 | CE43: =VLOOKUP(CD43,$IK$5000:$IU$5300,3) -> 0 | CG43: 30 | CH43: =IF(B43=" ",F43,B43*F43/24) -> 0 | CI43: ------- | CJ43: =IF(P43=" ",T43,P43*T43/24) -> 3.5 | CK43: =IF(W43=" ",AA43,W43*AA43/24) -> 3.6 | CL43: =IF(AD43=" ",AH43,AD43*AH43/24) -> 2.4 | CM43: =IF(AK43=" ",AO43,AK43*AO43/24) -> 1.8 | CN43: =IF(AR43=" ",AV43,AR43*AV43/24) -> 2.1 | CO43: =IF(AY43=" ",BC43,AY43*BC43/24) -> 2.8 | CP43: =IF(BF43=" ",BJ43,BF43*BJ43/24) -> 1.064 | CQ43: =IF(BM43=" ",BQ43,BM43*BQ43/24) -> 2.8 | CR43: =IF(BT43=" ",BX43,BT43*BX43/24) -> 1.5 | CS43: =IF(CA43=" ",CE43,CA43*CE43/24) -> 0
A44: 31 | C44: 0 | D44: 0 | E44: =IF(C44=" ",0,ROUND(SUM(C44:D44),2)) -> 0 | F44: =VLOOKUP(E44,$IK$5000:$IU$5300,3) -> 0 | L44: =IF(J44=" ",0,ROUND(SUM(J44:K44),2)) -> 0 | M44: =VLOOKUP(L44,$IK$5000:$IU$5300,3) -> 0 | Q44: 0.92 | S44: =IF(Q44=" ",0,ROUND(SUM(Q44:R44),2)) -> 0.92 | T44: =VLOOKUP(S44,$IK$5000:$IU$5300,3) -> 3.5 | Z44: =IF(X44=" ",0,ROUND(SUM(X44:Y44),2)) -> 0 | AA44: =VLOOKUP(Z44,$IK$5000:$IU$5300,3) -> 0 | AE44: 0.87 | AG44: =IF(AE44=" ",0,ROUND(SUM(AE44:AF44),2)) -> 0.87 | AH44: =VLOOKUP(AG44,$IK$5000:$IU$5300,3) -> 3.2 | AS44: 0.33 | AU44: =IF(AS44=" ",0,ROUND(SUM(AS44:AT44),2)) -> 0.33 | AV44: =VLOOKUP(AU44,$IK$5000:$IU$5300,3) -> 0.924 | AZ44: 0.68 | BB44: =IF(AZ44=" ",0,ROUND(SUM(AZ44:BA44),2)) -> 0.68 | BC44: =VLOOKUP(BB44,$IK$5000:$IU$5300,3) -> 2.2 | BN44: 0.56 | BP44: =IF(BN44=" ",0,ROUND(SUM(BN44:BO44),2)) -> 0.56 | BQ44: =VLOOKUP(BP44,$IK$5000:$IU$5300,3) -> 1.7 | BW44: =IF(BU44=" ",0,ROUND(SUM(BU44:BV44),2)) -> 0 | BX44: =VLOOKUP(BW44,$IK$5000:$IU$5300,3) -> 0 | CD44: =IF(CB44=" ",0,ROUND(SUM(CB44:CC44),2)) -> 0 | CE44: =VLOOKUP(CD44,$IK$5000:$IU$5300,3) -> 0 | CG44: 31 | CH44: =IF(B44=" ",F44,B44*F44/24) -> 0 | CI44: ------- | CJ44: =IF(P44=" ",T44,P44*T44/24) -> 3.5 | CK44: ------- | CL44: =IF(AD44=" ",AH44,AD44*AH44/24) -> 3.2 | CM44: ------- | CN44: =IF(AR44=" ",AV44,AR44*AV44/24) -> 0.924 | CO44: =IF(AY44=" ",BC44,AY44*BC44/24) -> 2.2 | CP44: ------- | CQ44: =IF(BM44=" ",BQ44,BM44*BQ44/24) -> 1.7 | CR44: ------- | CS44: =IF(CA44=" ",CE44,CA44*CE44/24) -> 0
A45: = | B45: = | C45: = | D45: = | E45: = | F45: = | I45: = | J45: = | K45: = | L45: = | M45: = | P45: = | Q45: = | R45: = | S45: = | T45: = | W45: = | Y45: = | Z45: = | AA45: = | AD45: = | AE45: = | AF45: = | AG45: = | AH45: = | AK45: = | AL45: = | AR45: = | AS45: = | AT45: = | AU45: = | AV45: = | AY45: = | AZ45: = | BA45: = | BB45: = | BC45: = | BF45: = | BG45: = | BH45: = | BI45: = | BJ45: = | BM45: = | BN45: = | BO45: = | BP45: = | BQ45: = | BT45: = | BU45: = | BV45: = | BW45: = | BX45: = | CA45: = | CB45: = | CC45: = | CD45: = | CE45: =
A46: CFS | X46: . | CH46: C.F.S.
A47: CFS | CH47: =SUM(CH14:CH44) -> 0 | CI47: =SUM(CI14:CI41) -> 0 | CJ47: =SUM(CJ14:CJ44) -> 53.6125 | CK47: =SUM(CK14:CK43) -> 89.4 | CL47: =SUM(CL14:CL44) -> 93.9 | CM47: =SUM(CM14:CM43) -> 84.2 | CN47: =SUM(CN14:CN44) -> 77.14 | CO47: =SUM(CO14:CO44) -> 83.184 | CP47: =SUM(CP14:CP43) -> 49.05 | CQ47: =SUM(CQ14:CQ44) -> 54.972 | CR47: =SUM(CR14:CR43) -> 46.1 | CS47: =SUM(CS14:CS44) -> 0
A48: AC/FT | CH48: ACRE FEET
A49: AC/FT | CH49: =1.9835*CH47 -> 0 | CI49: =1.9835*CI47 -> 0 | CJ49: =1.9835*CJ47 -> 106.34039 | CK49: =1.9835*CK47 -> 177.3249 | CL49: =1.9835*CL47 -> 186.25065 | CM49: =1.9835*CM47 -> 167.0107 | CN49: =1.9835*CN47 -> 153.00719 | CO49: =1.9835*CO47 -> 164.99546 | ... CS49: =1.9835*CS47 -> 0
A50: TOTAL | CQ50: Provisional Records, Subject to Revision
A51: =SUM(CH49:CS49) -> 1252.6963 | CH51: Total CFS | CI51: =SUM(CH47:CS47) -> 631.5585
CH53: Total AC/FT | CI53: =SUM(CH49:CS49) -> 1252.6963
CH55: Gila Hot Springs Ditch near Pinos Altos, New Mexico
CH57: 2025 cy/irrigation season. Season started 03-01-25, closed station on 11-30-25.
CH59: Note: All Gila Project Records are worked to USGS standards.
CH60: 1) Field data collected from D/A H-500 data recorders, field methods used for making flow measurements follow USGS standards.
CH61: Flow measurements obtained follow USGS standard and methods to insure quality data is collected.
CH62: Records computation made using Excel Program
CH64: Record rated good from 03-01-25 to 11-30-25.
CH66: Gage flow not effected by any flood events from West Fork of Gila River due to river header gate being closed by water users during flood event periods which protect ditch and gage from damage.
CH68: Zero no flow inspection and nine discharge measurements #'s 143-151 were maded during 2025 season. All 9 measurements were rated Good with zero shifts to rating # 3.0.
CH70: Gage flume remained 100% in control for entire season. Gage rating used directly with zero shifts entire season.
CH71: Daily flow ranged from a low of .170 cfs on 7-01 to a peak daily flow of 3.80 cfs recorded on numerous days.
CH72: Rating # 3.0 in use during 2024 cy/irrigation season was continued in use for entire CY 2025 irrigation season. Note: Rating #3.0 is same as rating # 1.0 (one foot Parshall flume).
... CH74: Battery not removed for storage. Data card removed for data downloading and formatting for use next season.
IK4996: Gila Hot Springs Ditch near Pinos Altos, New Mexico (09429980)
IK4998: TABLES | IM4998: Rating #3.0
IK4999: GHT | IM4999: 1 Foot Parshall Flume
IK5000: 0 | IM5000: 0
IK5001: 0.01 | IM5001: 0.028
IK5002: 0.02 | IM5002: 0.056
IK5003: 0.03 | IM5003: 0.084
IK5004: 0.04 | IM5004: 0.112
IK5005: 0.05 | IM5005: 0.14
IK5006: 0.06 | IM5006: 0.168
IK5007: 0.07 | IM5007: 0.19
IK5008: 0.08 | IM5008: 0.224
IK5009: 0.09 | IM5009: 0.252
IK5010: 0.1 | IM5010: 0.28
IK5011: 0.11 | IM5011: 0.308
... IK5250: 2.5 | IM5250: 16.1

Sheet Upper Gila
CH4: New Mexico Interstate Stream Commission | CL4: Upper Gila Ditch near Gila, New Mexico
A6: Upper Gila Ditch near Gila, New Mexico (09430815)
CH7: Source: | CI7: Gila River | CM7: Gila - San Francisco Basins
CH8: Location: | CI8: 33.0109, -108.3237 | CM8: DAILY DISCHARGE IN C/F/S
E9: JANUARY | L9: FEBRUARY | S9: MARCH | Z9: APRIL | AG9: MAY | AN9: JUNE | AU9: JULY | BB9: AUGUST | BI9: SEPTEMBER | BP9: OCTOBER | BW9: NOVEMBER | CD9: DECEMBER | CH9: Measuring Device: Natural Channel
A10: 2025
D11: PEN | E11: GHT | F11: CFS | K11: PEN | L11: GHT | M11: CFS | R11: PEN | S11: GHT | T11: CFS | Y11: PEN | Z11: GHT | AA11: CFS | AF11: PEN | AG11: GHT | AH11: CFS | AM11: PEN | AN11: GHT | AO11: CFS | AT11: PEN | AU11: GHT | AV11: CFS | BA11: PEN | BB11: GHT | BC11: CFS | BH11: PEN | BI11: GHT | BJ11: CFS | BO11: PEN | BP11: GHT | BQ11: CFS | BV11: PEN | BW11: GHT | BX11: CFS | CC11: PEN | CD11: GHT | CE11: CFS | CH11: Calendar Year 2025 | CR11: Site ID# 09430815
A12: DAY | B12: HRS | C12: GHT | D12: SHIFT | E12: AMOUNT | F12: PER TABLE | I12: HRS | J12: GHT | K12: SHIFT | L12: AMOUNT | M12: PER TABLE | P12: HRS | Q12: GHT | R12: SHIFT | S12: AMOUNT | T12: PER TABLE | W12: HRS | X12: GHT | Y12: SHIFT | Z12: AMOUNT | AA12: PER TABLE | AD12: HRS | AE12: GHT | AF12: SHIFT | AG12: AMOUNT | AH12: PER TABLE | AK12: HRS | AL12: GHT | AM12: SHIFT | AN12: AMOUNT | AO12: PER TABLE | AR12: HRS | AS12: GHT | AT12: SHIFT | AU12: AMOUNT | AV12: PER TABLE | AY12: HRS | AZ12: GHT | BA12: SHIFT | BB12: AMOUNT | BC12: PER TABLE | BF12: HRS | BG12: GHT | BH12: SHIFT | BI12: AMOUNT | BJ12: PER TABLE | BM12: HRS | BN12: GHT | BO12: SHIFT | BP12: AMOUNT | BQ12: PER TABLE | BT12: HRS | BU12: GHT | BV12: SHIFT | BW12: AMOUNT | BX12: PER TABLE | CA12: HRS | CB12: GHT | CC12: SHIFT | CD12: AMOUNT | CE12: PER TABLE | CH12: JANUARY | CI12: FEBRUARY | CJ12: MARCH | CK12: APRIL | CL12: MAY | CM12: JUNE | CN12: JULY | CO12: AUGUST | CP12: SEPTEMBER | CQ12: OCTOBER | CR12: NOVEMBER | CS12: DECEMBER
A13: - | B13: - | C13: - | D13: - | E13: - | F13: - | I13: - | J13: - | K13: - | L13: - | M13: - | P13: - | Q13: - | R13: - | S13: - | T13: - | W13: - | Y13: - | Z13: - | AA13: - | AD13: - | AE13: - | AF13: - | AG13: - | AH13: - | AK13: - | AL13: - | AM13: - | AN13: - | AO13: - | AR13: - | AS13: - | AT13: - | AU13: - | AV13: - | AY13: - | AZ13: - | BA13: - | BB13: - | BC13: - | BF13: - | BG13: - | BH13: - | BI13: - | BJ13: - | BM13: - | BN13: - | BO13: - | BP13: - | BQ13: - | BT13: - | BU13: - | BV13: - | BW13: - | BX13: - | CA13: - | CB13: - | CC13: - | CD13: - | CE13: -
A14: 1 | C14: 0 | D14: 0 | E14: =IF(C14=" ",0,ROUND(SUM(C14:D14),2)) -> 0 | F14: =VLOOKUP(E14,$IK$5000:$IU$5300,3) -> 0 | I14: 0 | J14: 0 | K14: 0 | L14: =IF(J14=" ",0,ROUND(SUM(J14:K14),2)) -> 0 | M14: =VLOOKUP(L14,$IK$5000:$IU$5300,3) -> 0 | P14: 24 | Q14: 1.64 | R14: 0.51 | S14: =IF(Q14=" ",0,ROUND(SUM(Q14:R14),2)) -> 2.15 | T14: =VLOOKUP(S14,$IK$5000:$IU$5300,3) -> 24.14 | W14: 24 | X14: 1.53 | Y14: 0.41 | Z14: =IF(X14=" ",0,ROUND(SUM(X14:Y14),2)) -> 1.94 | AA14: =VLOOKUP(Z14,$IK$5000:$IU$5300,3) -> 15.18 | AD14: 24 | AE14: 1.59 | AF14: 0.5 | AG14: =IF(AE14=" ",0,ROUND(SUM(AE14:AF14),2)) -> 2.09 | AH14: =VLOOKUP(AG14,$IK$5000:$IU$5300,3) -> 21.34 | AK14: 24 | AL14: 1.06 | AM14: 0.4 | AN14: =IF(AL14=" ",0,ROUND(SUM(AL14:AM14),2)) -> 1.46 | AO14: =VLOOKUP(AN14,$IK$5000:$IU$5300,3) -> 3.14 | AR14: 24 | AS14: 0.97 | AT14: 0.41 | AU14: =IF(AS14=" ",0,ROUND(SUM(AS14:AT14),2)) -> 1.38 | AV14: =VLOOKUP(AU14,$IK$5000:$IU$5300,3) -> 2.1 | AY14: 24 | AZ14: 1.3 | BA14: 0.47 | BB14: =IF(AZ14=" ",0,ROUND(SUM(AZ14:BA14),2)) -> 1.77 | BC14: =VLOOKUP(BB14,$IK$5000:$IU$5300,3) -> 9.65 | BF14: 24 | BG14: 1.51 | BH14: 0.53 | BI14: =IF(BG14=" ",0,ROUND(SUM(BG14:BH14),2)) -> 2.04 | BJ14: =VLOOKUP(BI14,$IK$5000:$IU$5300,3) -> 19.15 | BM14: 24 | BN14: 1.46 | BO14: 0.49 | BP14: =IF(BN14=" ",0,ROUND(SUM(BN14:BO14),2)) -> 1.95 | BQ14: =VLOOKUP(BP14,$IK$5000:$IU$5300,3) -> 15.56 | BT14: 24 | BU14: 1.55 | BV14: 0.49 | BW14: =IF(BU14=" ",0,ROUND(SUM(BU14:BV14),2)) -> 2.04 | BX14: =VLOOKUP(BW14,$IK$5000:$IU$5300,3) -> 19.15 | CD14: =IF(CB14=" ",0,ROUND(SUM(CB14:CC14),2)) -> 0 | CE14: =VLOOKUP(CD14,$IK$5000:$IU$5300,3) -> 0 | CG14: 1 | CH14: =IF(B14=" ",F14,B14*F14/24) -> 0 | CI14: =IF(I14=" ",M14,I14*M14/24) -> 0 | CJ14: =IF(P14=" ",T14,P14*T14/24) -> 24.14 | CK14: =IF(W14=" ",AA14,W14*AA14/24) -> 15.18 | CL14: =IF(AD14=" ",AH14,AD14*AH14/24) -> 21.34 | CM14: =IF(AK14=" ",AO14,AK14*AO14/24) -> 3.14 | CN14: =IF(AR14=" ",AV14,AR14*AV14/24) -> 2.1 | CO14: =IF(AY14=" ",BC14,AY14*BC14/24) -> 9.65 | CP14: =IF(BF14=" ",BJ14,BF14*BJ14/24) -> 19.15 | CQ14: =IF(BM14=" ",BQ14,BM14*BQ14/24) -> 15.56 | CR14: =IF(BT14=" ",BX14,BT14*BX14/24) -> 19.15 | CS14: =IF(CA14=" ",CE14,CA14*CE14/24) -> 0
A15: 2 | C15: 0 | D15: 0 | E15: =IF(C15=" ",0,ROUND(SUM(C15:D15),2)) -> 0 | F15: =VLOOKUP(E15,$IK$5000:$IU$5300,3) -> 0 | I15: 0 | J15: 0 | K15: 0 | L15: =IF(J15=" ",0,ROUND(SUM(J15:K15),2)) -> 0 | M15: =VLOOKUP(L15,$IK$5000:$IU$5300,3) -> 0 | P15: 24 | Q15: 1.64 | R15: 0.51 | S15: =IF(Q15=" ",0,ROUND(SUM(Q15:R15),2)) -> 2.15 | T15: =VLOOKUP(S15,$IK$5000:$IU$5300,3) -> 24.14 | W15: 24 | X15: 1.59 | Y15: 0.41 | Z15: =IF(X15=" ",0,ROUND(SUM(X15:Y15),2)) -> 2 | AA15: =VLOOKUP(Z15,$IK$5000:$IU$5300,3) -> 17.5 | AD15: 24 | AE15: 1.59 | AF15: 0.8 | AG15: =IF(AE15=" ",0,ROUND(SUM(AE15:AF15),2)) -> 2.39 | AH15: =VLOOKUP(AG15,$IK$5000:$IU$5300,3) -> 37.37 | AK15: 24 | AL15: 1.14 | AM15: 0.4 | AN15: =IF(AL15=" ",0,ROUND(SUM(AL15:AM15),2)) -> 1.54 | AO15: =VLOOKUP(AN15,$IK$5000:$IU$5300,3) -> 4.43 | AR15: 24 | AS15: 1.08 | AT15: 0.41 | AU15: =IF(AS15=" ",0,ROUND(SUM(AS15:AT15),2)) -> 1.49 | AV15: =VLOOKUP(AU15,$IK$5000:$IU$5300,3) -> 3.59 | AY15: 24 | AZ15: 1.29 | BA15: 0.47 | BB15: =IF(AZ15=" ",0,ROUND(SUM(AZ15:BA15),2)) -> 1.76 | BC15: =VLOOKUP(BB15,$IK$5000:$IU$5300,3) -> 9.38 | BF15: 24 | BG15: 1.5 | BH15: 0.53 | BI15: =IF(BG15=" ",0,ROUND(SUM(BG15:BH15),2)) -> 2.03 | BJ15: =VLOOKUP(BI15,$IK$5000:$IU$5300,3) -> 18.73 | BM15: 24 | BN15: 1.45 | BO15: 0.49 | BP15: =IF(BN15=" ",0,ROUND(SUM(BN15:BO15),2)) -> 1.94 | BQ15: =VLOOKUP(BP15,$IK$5000:$IU$5300,3) -> 15.18 | BT15: 24 | BU15: 1.56 | BV15: 0.48 | BW15: =IF(BU15=" ",0,ROUND(SUM(BU15:BV15),2)) -> 2.04 | BX15: =VLOOKUP(BW15,$IK$5000:$IU$5300,3) -> 19.15 | CD15: =IF(CB15=" ",0,ROUND(SUM(CB15:CC15),2)) -> 0 | CE15: =VLOOKUP(CD15,$IK$5000:$IU$5300,3) -> 0 | CG15: 2 | CH15: =IF(B15=" ",F15,B15*F15/24) -> 0 | CI15: =IF(I15=" ",M15,I15*M15/24) -> 0 | CJ15: =IF(P15=" ",T15,P15*T15/24) -> 24.14 | CK15: =IF(W15=" ",AA15,W15*AA15/24) -> 17.5 | CL15: =IF(AD15=" ",AH15,AD15*AH15/24) -> 37.37 | CM15: =IF(AK15=" ",AO15,AK15*AO15/24) -> 4.43 | CN15: =IF(AR15=" ",AV15,AR15*AV15/24) -> 3.59 | CO15: =IF(AY15=" ",BC15,AY15*BC15/24) -> 9.38 | CP15: =IF(BF15=" ",BJ15,BF15*BJ15/24) -> 18.73 | CQ15: =IF(BM15=" ",BQ15,BM15*BQ15/24) -> 15.18 | CR15: =IF(BT15=" ",BX15,BT15*BX15/24) -> 19.15 | CS15: =IF(CA15=" ",CE15,CA15*CE15/24) -> 0
A16: 3 | C16: 0 | D16: 0 | E16: =IF(C16=" ",0,ROUND(SUM(C16:D16),2)) -> 0 | F16: =VLOOKUP(E16,$IK$5000:$IU$5300,3) -> 0 | I16: 0 | J16: 0 | K16: 0 | L16: =IF(J16=" ",0,ROUND(SUM(J16:K16),2)) -> 0 | M16: =VLOOKUP(L16,$IK$5000:$IU$5300,3) -> 0 | P16: 24 | Q16: 1.64 | R16: 0.51 | S16: =IF(Q16=" ",0,ROUND(SUM(Q16:R16),2)) -> 2.15 | T16: =VLOOKUP(S16,$IK$5000:$IU$5300,3) -> 24.14 | W16: 24 | X16: 1.59 | Y16: 0.42 | Z16: =IF(X16=" ",0,ROUND(SUM(X16:Y16),2)) -> 2.01 | AA16: =VLOOKUP(Z16,$IK$5000:$IU$5300,3) -> 17.91 | AD16: 24 | AE16: 1.59 | AF16: 0.49 | AG16: =IF(AE16=" ",0,ROUND(SUM(AE16:AF16),2)) -> 2.08 | AH16: =VLOOKUP(AG16,$IK$5000:$IU$5300,3) -> 20.89 | AK16: 24 | AL16: 1.37 | AM16: 0.39 | AN16: =IF(AL16=" ",0,ROUND(SUM(AL16:AM16),2)) -> 1.76 | AO16: =VLOOKUP(AN16,$IK$5000:$IU$5300,3) -> 9.38 | AR16: 24 | AS16: 1.13 | AT16: 0.41 | AU16: =IF(AS16=" ",0,ROUND(SUM(AS16:AT16),2)) -> 1.54 | AV16: =VLOOKUP(AU16,$IK$5000:$IU$5300,3) -> 4.43 | AY16: 24 | AZ16: 1.3 | BA16: 0.48 | BB16: =IF(AZ16=" ",0,ROUND(SUM(AZ16:BA16),2)) -> 1.78 | BC16: =VLOOKUP(BB16,$IK$5000:$IU$5300,3) -> 9.93 | BF16: 24 | BG16: 1.49 | BH16: 0.53 | BI16: =IF(BG16=" ",0,ROUND(SUM(BG16:BH16),2)) -> 2.02 | BJ16: =VLOOKUP(BI16,$IK$5000:$IU$5300,3) -> 18.32 | BM16: 24 | BN16: 1.44 | BO16: 0.49 | BP16: =IF(BN16=" ",0,ROUND(SUM(BN16:BO16),2)) -> 1.93 | BQ16: =VLOOKUP(BP16,$IK$5000:$IU$5300,3) -> 14.82 | BT16: 24 | BU16: 1.56 | BV16: 0.48 | BW16: =IF(BU16=" ",0,ROUND(SUM(BU16:BV16),2)) -> 2.04 | BX16: =VLOOKUP(BW16,$IK$5000:$IU$5300,3) -> 19.15 | CD16: =IF(CB16=" ",0,ROUND(SUM(CB16:CC16),2)) -> 0 | CE16: =VLOOKUP(CD16,$IK$5000:$IU$5300,3) -> 0 | CG16: 3 | CH16: =IF(B16=" ",F16,B16*F16/24) -> 0 | CI16: =IF(I16=" ",M16,I16*M16/24) -> 0 | CJ16: =IF(P16=" ",T16,P16*T16/24) -> 24.14 | CK16: =IF(W16=" ",AA16,W16*AA16/24) -> 17.91 | CL16: =IF(AD16=" ",AH16,AD16*AH16/24) -> 20.89 | CM16: =IF(AK16=" ",AO16,AK16*AO16/24) -> 9.38 | CN16: =IF(AR16=" ",AV16,AR16*AV16/24) -> 4.43 | CO16: =IF(AY16=" ",BC16,AY16*BC16/24) -> 9.93 | CP16: =IF(BF16=" ",BJ16,BF16*BJ16/24) -> 18.32 | CQ16: =IF(BM16=" ",BQ16,BM16*BQ16/24) -> 14.82 | CR16: =IF(BT16=" ",BX16,BT16*BX16/24) -> 19.15 | CS16: =IF(CA16=" ",CE16,CA16*CE16/24) -> 0
A17: 4 | C17: 0 | D17: 0 | E17: =IF(C17=" ",0,ROUND(SUM(C17:D17),2)) -> 0 | F17: =VLOOKUP(E17,$IK$5000:$IU$5300,3) -> 0 | I17: 0 | J17: 0 | K17: 0 | L17: =IF(J17=" ",0,ROUND(SUM(J17:K17),2)) -> 0 | M17: =VLOOKUP(L17,$IK$5000:$IU$5300,3) -> 0 | P17: 24 | Q17: 1.63 | R17: 0.51 | S17: =IF(Q17=" ",0,ROUND(SUM(Q17:R17),2)) -> 2.14 | T17: =VLOOKUP(S17,$IK$5000:$IU$5300,3) -> 23.66 | W17: 24 | X17: 1.59 | Y17: 0.42 | Z17: =IF(X17=" ",0,ROUND(SUM(X17:Y17),2)) -> 2.01 | AA17: =VLOOKUP(Z17,$IK$5000:$IU$5300,3) -> 17.91 | AD17: 24 | AE17: 1.6 | AF17: 0.49 | AG17: =IF(AE17=" ",0,ROUND(SUM(AE17:AF17),2)) -> 2.09 | AH17: =VLOOKUP(AG17,$IK$5000:$IU$5300,3) -> 21.34 | AK17: 24 | AL17: 1.26 | AM17: 0.39 | AN17: =IF(AL17=" ",0,ROUND(SUM(AL17:AM17),2)) -> 1.65 | AO17: =VLOOKUP(AN17,$IK$5000:$IU$5300,3) -> 6.63 | AR17: 24 | AS17: 1.17 | AT17: 0.42 | AU17: =IF(AS17=" ",0,ROUND(SUM(AS17:AT17),2)) -> 1.59 | AV17: =VLOOKUP(AU17,$IK$5000:$IU$5300,3) -> 5.35 | AY17: 24 | AZ17: 1.3 | BA17: 0.48 | BB17: =IF(AZ17=" ",0,ROUND(SUM(AZ17:BA17),2)) -> 1.78 | BC17: =VLOOKUP(BB17,$IK$5000:$IU$5300,3) -> 9.93 | BF17: 24 | BG17: 1.47 | BH17: 0.53 | BI17: =IF(BG17=" ",0,ROUND(SUM(BG17:BH17),2)) -> 2 | BJ17: =VLOOKUP(BI17,$IK$5000:$IU$5300,3) -> 17.5 | BM17: 24 | BN17: 1.44 | BO17: 0.49 | BP17: =IF(BN17=" ",0,ROUND(SUM(BN17:BO17),2)) -> 1.93 | BQ17: =VLOOKUP(BP17,$IK$5000:$IU$5300,3) -> 14.82 | BT17: 24 | BU17: 1.56 | BV17: 0.48 | BW17: =IF(BU17=" ",0,ROUND(SUM(BU17:BV17),2)) -> 2.04 | BX17: =VLOOKUP(BW17,$IK$5000:$IU$5300,3) -> 19.15 | CD17: =IF(CB17=" ",0,ROUND(SUM(CB17:CC17),2)) -> 0 | CE17: =VLOOKUP(CD17,$IK$5000:$IU$5300,3) -> 0 | CG17: 4 | CH17: =IF(B17=" ",F17,B17*F17/24) -> 0 | CI17: =IF(I17=" ",M17,I17*M17/24) -> 0 | CJ17: =IF(P17=" ",T17,P17*T17/24) -> 23.66 | CK17: =IF(W17=" ",AA17,W17*AA17/24) -> 17.91 | CL17: =IF(AD17=" ",AH17,AD17*AH17/24) -> 21.34 | CM17: =IF(AK17=" ",AO17,AK17*AO17/24) -> 6.63 | CN17: =IF(AR17=" ",AV17,AR17*AV17/24) -> 5.35 | CO17: =IF(AY17=" ",BC17,AY17*BC17/24) -> 9.93 | CP17: =IF(BF17=" ",BJ17,BF17*BJ17/24) -> 17.5 | CQ17: =IF(BM17=" ",BQ17,BM17*BQ17/24) -> 14.82 | CR17: =IF(BT17=" ",BX17,BT17*BX17/24) -> 19.15 | CS17: =IF(CA17=" ",CE17,CA17*CE17/24) -> 0
A18: 5 | C18: 0 | D18: 0 | E18: =IF(C18=" ",0,ROUND(SUM(C18:D18),2)) -> 0 | F18: =VLOOKUP(E18,$IK$5000:$IU$5300,3) -> 0 | I18: 0 | J18: 0 | K18: 0 | L18: =IF(J18=" ",0,ROUND(SUM(J18:K18),2)) -> 0 | M18: =VLOOKUP(L18,$IK$5000:$IU$5300,3) -> 0 | P18: 24 | Q18: 1.63 | R18: 0.51 | S18: =IF(Q18=" ",0,ROUND(SUM(Q18:R18),2)) -> 2.14 | T18: =VLOOKUP(S18,$IK$5000:$IU$5300,3) -> 23.66 | W18: 24 | X18: 1.57 | Y18: 0.42 | Z18: =IF(X18=" ",0,ROUND(SUM(X18:Y18),2)) -> 1.99 | AA18: =VLOOKUP(Z18,$IK$5000:$IU$5300,3) -> 17.1 | AD18: 24 | AE18: 1.6 | AF18: 0.49 | AG18: =IF(AE18=" ",0,ROUND(SUM(AE18:AF18),2)) -> 2.09 | AH18: =VLOOKUP(AG18,$IK$5000:$IU$5300,3) -> 21.34 | AK18: 24 | AL18: 1.2 | AM18: 0.39 | AN18: =IF(AL18=" ",0,ROUND(SUM(AL18:AM18),2)) -> 1.59 | AO18: =VLOOKUP(AN18,$IK$5000:$IU$5300,3) -> 5.35 | AR18: 24 | AS18: 1.19 | AT18: 0.42 | AU18: =IF(AS18=" ",0,ROUND(SUM(AS18:AT18),2)) -> 1.61 | AV18: =VLOOKUP(AU18,$IK$5000:$IU$5300,3) -> 5.76 | AY18: 24 | AZ18: 1.29 | BA18: 0.48 | BB18: =IF(AZ18=" ",0,ROUND(SUM(AZ18:BA18),2)) -> 1.77 | BC18: =VLOOKUP(BB18,$IK$5000:$IU$5300,3) -> 9.65 | BF18: 24 | BG18: 1.47 | BH18: 0.53 | BI18: =IF(BG18=" ",0,ROUND(SUM(BG18:BH18),2)) -> 2 | BJ18: =VLOOKUP(BI18,$IK$5000:$IU$5300,3) -> 17.5 | BM18: 24 | BN18: 1.42 | BO18: 0.49 | BP18: =IF(BN18=" ",0,ROUND(SUM(BN18:BO18),2)) -> 1.91 | BQ18: =VLOOKUP(BP18,$IK$5000:$IU$5300,3) -> 14.1 | BT18: 24 | BU18: 1.57 | BV18: 0.48 | BW18: =IF(BU18=" ",0,ROUND(SUM(BU18:BV18),2)) -> 2.05 | BX18: =VLOOKUP(BW18,$IK$5000:$IU$5300,3) -> 19.58 | CD18: =IF(CB18=" ",0,ROUND(SUM(CB18:CC18),2)) -> 0 | CE18: =VLOOKUP(CD18,$IK$5000:$IU$5300,3) -> 0 | CG18: 5 | CH18: =IF(B18=" ",F18,B18*F18/24) -> 0 | CI18: =IF(I18=" ",M18,I18*M18/24) -> 0 | CJ18: =IF(P18=" ",T18,P18*T18/24) -> 23.66 | CK18: =IF(W18=" ",AA18,W18*AA18/24) -> 17.1 | CL18: =IF(AD18=" ",AH18,AD18*AH18/24) -> 21.34 | CM18: =IF(AK18=" ",AO18,AK18*AO18/24) -> 5.35 | CN18: =IF(AR18=" ",AV18,AR18*AV18/24) -> 5.76 | CO18: =IF(AY18=" ",BC18,AY18*BC18/24) -> 9.65 | CP18: =IF(BF18=" ",BJ18,BF18*BJ18/24) -> 17.5 | CQ18: =IF(BM18=" ",BQ18,BM18*BQ18/24) -> 14.1 | CR18: =IF(BT18=" ",BX18,BT18*BX18/24) -> 19.58 | CS18: =IF(CA18=" ",CE18,CA18*CE18/24) -> 0
A19: 6 | C19: 0 | D19: 0 | E19: =IF(C19=" ",0,ROUND(SUM(C19:D19),2)) -> 0 | F19: =VLOOKUP(E19,$IK$5000:$IU$5300,3) -> 0 | I19: 0 | J19: 0 | K19: 0 | L19: =IF(J19=" ",0,ROUND(SUM(J19:K19),2)) -> 0 | M19: =VLOOKUP(L19,$IK$5000:$IU$5300,3) -> 0 | P19: 24 | Q19: 1.62 | R19: 0.51 | S19: =IF(Q19=" ",0,ROUND(SUM(Q19:R19),2)) -> 2.13 | T19: =VLOOKUP(S19,$IK$5000:$IU$5300,3) -> 23.18 | W19: 24 | X19: 1.57 | Y19: 0.42 | Z19: =IF(X19=" ",0,ROUND(SUM(X19:Y19),2)) -> 1.99 | AA19: =VLOOKUP(Z19,$IK$5000:$IU$5300,3) -> 17.1 | AD19: 24 | AE19: 1.6 | AF19: 0.48 | AG19: =IF(AE19=" ",0,ROUND(SUM(AE19:AF19),2)) -> 2.08 | AH19: =VLOOKUP(AG19,$IK$5000:$IU$5300,3) -> 20.89 | AK19: 24 | AL19: 1.16 | AM19: 0.38 | AN19: =IF(AL19=" ",0,ROUND(SUM(AL19:AM19),2)) -> 1.54 | AO19: =VLOOKUP(AN19,$IK$5000:$IU$5300,3) -> 4.43 | AR19: 24 | AS19: 1.18 | AT19: 0.42 | AU19: =IF(AS19=" ",0,ROUND(SUM(AS19:AT19),2)) -> 1.6 | AV19: =VLOOKUP(AU19,$IK$5000:$IU$5300,3) -> 5.55 | AY19: 24 | AZ19: 1.28 | BA19: 0.48 | BB19: =IF(AZ19=" ",0,ROUND(SUM(AZ19:BA19),2)) -> 1.76 | BC19: =VLOOKUP(BB19,$IK$5000:$IU$5300,3) -> 9.38 | BF19: 24 | BG19: 1.48 | BH19: 0.52 | BI19: =IF(BG19=" ",0,ROUND(SUM(BG19:BH19),2)) -> 2 | BJ19: =VLOOKUP(BI19,$IK$5000:$IU$5300,3) -> 17.5 | BM19: 24 | BN19: 1.4 | BO19: 0.49 | BP19: =IF(BN19=" ",0,ROUND(SUM(BN19:BO19),2)) -> 1.89 | BQ19: =VLOOKUP(BP19,$IK$5000:$IU$5300,3) -> 13.4 | BT19: 24 | BU19: 1.57 | BV19: 0.48 | BW19: =IF(BU19=" ",0,ROUND(SUM(BU19:BV19),2)) -> 2.05 | BX19: =VLOOKUP(BW19,$IK$5000:$IU$5300,3) -> 19.58 | CD19: =IF(CB19=" ",0,ROUND(SUM(CB19:CC19),2)) -> 0 | CE19: =VLOOKUP(CD19,$IK$5000:$IU$5300,3) -> 0 | CG19: 6 | CH19: =IF(B19=" ",F19,B19*F19/24) -> 0 | CI19: =IF(I19=" ",M19,I19*M19/24) -> 0 | CJ19: =IF(P19=" ",T19,P19*T19/24) -> 23.18 | CK19: =IF(W19=" ",AA19,W19*AA19/24) -> 17.1 | CL19: =IF(AD19=" ",AH19,AD19*AH19/24) -> 20.89 | CM19: =IF(AK19=" ",AO19,AK19*AO19/24) -> 4.43 | CN19: =IF(AR19=" ",AV19,AR19*AV19/24) -> 5.55 | CO19: =IF(AY19=" ",BC19,AY19*BC19/24) -> 9.38 | CP19: =IF(BF19=" ",BJ19,BF19*BJ19/24) -> 17.5 | CQ19: =IF(BM19=" ",BQ19,BM19*BQ19/24) -> 13.4 | CR19: =IF(BT19=" ",BX19,BT19*BX19/24) -> 19.58 | CS19: =IF(CA19=" ",CE19,CA19*CE19/24) -> 0
A20: 7 | C20: 0 | D20: 0 | E20: =IF(C20=" ",0,ROUND(SUM(C20:D20),2)) -> 0 | F20: =VLOOKUP(E20,$IK$5000:$IU$5300,3) -> 0 | L20: =IF(J20=" ",0,ROUND(SUM(J20:K20),2)) -> 0 | M20: =VLOOKUP(L20,$IK$5000:$IU$5300,3) -> 0 | P20: 24 | Q20: 1.6 | R20: 0.51 | S20: =IF(Q20=" ",0,ROUND(SUM(Q20:R20),2)) -> 2.11 | T20: =VLOOKUP(S20,$IK$5000:$IU$5300,3) -> 22.25 | W20: 24 | X20: 1.56 | Y20: 0.43 | Z20: =IF(X20=" ",0,ROUND(SUM(X20:Y20),2)) -> 1.99 | AA20: =VLOOKUP(Z20,$IK$5000:$IU$5300,3) -> 17.1 | AD20: 24 | AE20: 1.61 | AF20: 0.48 | AG20: =IF(AE20=" ",0,ROUND(SUM(AE20:AF20),2)) -> 2.09 | AH20: =VLOOKUP(AG20,$IK$5000:$IU$5300,3) -> 21.34 | AK20: 24 | AL20: 1.13 | AM20: 0.38 | AN20: =IF(AL20=" ",0,ROUND(SUM(AL20:AM20),2)) -> 1.51 | AO20: =VLOOKUP(AN20,$IK$5000:$IU$5300,3) -> 3.91 | AR20: 24 | AS20: 1.13 | AT20: 0.42 | AU20: =IF(AS20=" ",0,ROUND(SUM(AS20:AT20),2)) -> 1.55 | AV20: =VLOOKUP(AU20,$IK$5000:$IU$5300,3) -> 4.6 | AY20: 24 | AZ20: 1.27 | BA20: 0.49 | BB20: =IF(AZ20=" ",0,ROUND(SUM(AZ20:BA20),2)) -> 1.76 | BC20: =VLOOKUP(BB20,$IK$5000:$IU$5300,3) -> 9.38 | BF20: 24 | BG20: 1.52 | BH20: 0.52 | BI20: =IF(BG20=" ",0,ROUND(SUM(BG20:BH20),2)) -> 2.04 | BJ20: =VLOOKUP(BI20,$IK$5000:$IU$5300,3) -> 19.15 | BM20: 24 | BN20: 1.39 | BO20: 0.49 | BP20: =IF(BN20=" ",0,ROUND(SUM(BN20:BO20),2)) -> 1.88 | BQ20: =VLOOKUP(BP20,$IK$5000:$IU$5300,3) -> 13.05 | BT20: 24 | BU20: 1.56 | BV20: 0.48 | BW20: =IF(BU20=" ",0,ROUND(SUM(BU20:BV20),2)) -> 2.04 | BX20: =VLOOKUP(BW20,$IK$5000:$IU$5300,3) -> 19.15 | CD20: =IF(CB20=" ",0,ROUND(SUM(CB20:CC20),2)) -> 0 | CE20: =VLOOKUP(CD20,$IK$5000:$IU$5300,3) -> 0 | CG20: 7 | CH20: =IF(B20=" ",F20,B20*F20/24) -> 0 | CI20: =IF(I20=" ",M20,I20*M20/24) -> 0 | CJ20: =IF(P20=" ",T20,P20*T20/24) -> 22.25 | CK20: =IF(W20=" ",AA20,W20*AA20/24) -> 17.1 | CL20: =IF(AD20=" ",AH20,AD20*AH20/24) -> 21.34 | CM20: =IF(AK20=" ",AO20,AK20*AO20/24) -> 3.91 | CN20: =IF(AR20=" ",AV20,AR20*AV20/24) -> 4.6 | CO20: =IF(AY20=" ",BC20,AY20*BC20/24) -> 9.38 | CP20: =IF(BF20=" ",BJ20,BF20*BJ20/24) -> 19.15 | CQ20: =IF(BM20=" ",BQ20,BM20*BQ20/24) -> 13.05 | CR20: =IF(BT20=" ",BX20,BT20*BX20/24) -> 19.15 | CS20: =IF(CA20=" ",CE20,CA20*CE20/24) -> 0
A21: 8 | C21: 0 | D21: 0 | E21: =IF(C21=" ",0,ROUND(SUM(C21:D21),2)) -> 0 | F21: =VLOOKUP(E21,$IK$5000:$IU$5300,3) -> 0 | L21: =IF(J21=" ",0,ROUND(SUM(J21:K21),2)) -> 0 | M21: =VLOOKUP(L21,$IK$5000:$IU$5300,3) -> 0 | P21: 24 | Q21: 1.6 | R21: 0.51 | S21: =IF(Q21=" ",0,ROUND(SUM(Q21:R21),2)) -> 2.11 | T21: =VLOOKUP(S21,$IK$5000:$IU$5300,3) -> 22.25 | W21: 24 | X21: 1.55 | Y21: 0.43 | Z21: =IF(X21=" ",0,ROUND(SUM(X21:Y21),2)) -> 1.98 | AA21: =VLOOKUP(Z21,$IK$5000:$IU$5300,3) -> 16.71 | AD21: 24 | AE21: 1.61 | AF21: 0.48 | AG21: =IF(AE21=" ",0,ROUND(SUM(AE21:AF21),2)) -> 2.09 | AH21: =VLOOKUP(AG21,$IK$5000:$IU$5300,3) -> 21.34 | AK21: 24 | AL21: 1.12 | AM21: 0.38 | AN21: =IF(AL21=" ",0,ROUND(SUM(AL21:AM21),2)) -> 1.5 | AO21: =VLOOKUP(AN21,$IK$5000:$IU$5300,3) -> 3.75 | AR21: 24 | AS21: 1.04 | AT21: 0.42 | AU21: =IF(AS21=" ",0,ROUND(SUM(AS21:AT21),2)) -> 1.46 | AV21: =VLOOKUP(AU21,$IK$5000:$IU$5300,3) -> 3.14 | AY21: 24 | AZ21: 1.27 | BA21: 0.49 | BB21: =IF(AZ21=" ",0,ROUND(SUM(AZ21:BA21),2)) -> 1.76 | BC21: =VLOOKUP(BB21,$IK$5000:$IU$5300,3) -> 9.38 | BF21: 24 | BG21: 1.4 | BH21: 0.52 | BI21: =IF(BG21=" ",0,ROUND(SUM(BG21:BH21),2)) -> 1.92 | BJ21: =VLOOKUP(BI21,$IK$5000:$IU$5300,3) -> 14.45 | BM21: 24 | BN21: 1.42 | BO21: 0.49 | BP21: =IF(BN21=" ",0,ROUND(SUM(BN21:BO21),2)) -> 1.91 | BQ21: =VLOOKUP(BP21,$IK$5000:$IU$5300,3) -> 14.1 | BT21: 24 | BU21: 1.57 | BV21: 0.47 | BW21: =IF(BU21=" ",0,ROUND(SUM(BU21:BV21),2)) -> 2.04 | BX21: =VLOOKUP(BW21,$IK$5000:$IU$5300,3) -> 19.15 | CD21: =IF(CB21=" ",0,ROUND(SUM(CB21:CC21),2)) -> 0 | CE21: =VLOOKUP(CD21,$IK$5000:$IU$5300,3) -> 0 | CG21: 8 | CH21: =IF(B21=" ",F21,B21*F21/24) -> 0 | CI21: =IF(I21=" ",M21,I21*M21/24) -> 0 | CJ21: =IF(P21=" ",T21,P21*T21/24) -> 22.25 | CK21: =IF(W21=" ",AA21,W21*AA21/24) -> 16.71 | CL21: =IF(AD21=" ",AH21,AD21*AH21/24) -> 21.34 | CM21: =IF(AK21=" ",AO21,AK21*AO21/24) -> 3.75 | CN21: =IF(AR21=" ",AV21,AR21*AV21/24) -> 3.14 | CO21: =IF(AY21=" ",BC21,AY21*BC21/24) -> 9.38 | CP21: =IF(BF21=" ",BJ21,BF21*BJ21/24) -> 14.45 | CQ21: =IF(BM21=" ",BQ21,BM21*BQ21/24) -> 14.1 | CR21: =IF(BT21=" ",BX21,BT21*BX21/24) -> 19.15 | CS21: =IF(CA21=" ",CE21,CA21*CE21/24) -> 0
A22: 9 | C22: 0 | D22: 0 | E22: =IF(C22=" ",0,ROUND(SUM(C22:D22),2)) -> 0 | F22: =VLOOKUP(E22,$IK$5000:$IU$5300,3) -> 0 | L22: =IF(J22=" ",0,ROUND(SUM(J22:K22),2)) -> 0 | M22: =VLOOKUP(L22,$IK$5000:$IU$5300,3) -> 0 | P22: 24 | Q22: 1.6 | R22: 0.51 | S22: =IF(Q22=" ",0,ROUND(SUM(Q22:R22),2)) -> 2.11 | T22: =VLOOKUP(S22,$IK$5000:$IU$5300,3) -> 22.25 | W22: 24 | X22: 1.54 | Y22: 0.43 | Z22: =IF(X22=" ",0,ROUND(SUM(X22:Y22),2)) -> 1.97 | AA22: =VLOOKUP(Z22,$IK$5000:$IU$5300,3) -> 16.32 | AD22: 24 | AE22: 1.61 | AF22: 0.47 | AG22: =IF(AE22=" ",0,ROUND(SUM(AE22:AF22),2)) -> 2.08 | AH22: =VLOOKUP(AG22,$IK$5000:$IU$5300,3) -> 20.89 | AK22: 24 | AL22: 1.1 | AM22: 0.37 | AN22: =IF(AL22=" ",0,ROUND(SUM(AL22:AM22),2)) -> 1.47 | AO22: =VLOOKUP(AN22,$IK$5000:$IU$5300,3) -> 3.29 | AR22: 24 | AS22: 0.98 | AT22: 0.43 | AU22: =IF(AS22=" ",0,ROUND(SUM(AS22:AT22),2)) -> 1.41 | AV22: =VLOOKUP(AU22,$IK$5000:$IU$5300,3) -> 2.47 | AY22: 24 | AZ22: 1.28 | BA22: 0.49 | BB22: =IF(AZ22=" ",0,ROUND(SUM(AZ22:BA22),2)) -> 1.77 | BC22: =VLOOKUP(BB22,$IK$5000:$IU$5300,3) -> 9.65 | BF22: 24 | BG22: 1.3 | BH22: 0.52 | BI22: =IF(BG22=" ",0,ROUND(SUM(BG22:BH22),2)) -> 1.82 | BJ22: =VLOOKUP(BI22,$IK$5000:$IU$5300,3) -> 11.1 | BM22: 24 | BN22: 1.48 | BO22: 0.49 | BP22: =IF(BN22=" ",0,ROUND(SUM(BN22:BO22),2)) -> 1.97 | BQ22: =VLOOKUP(BP22,$IK$5000:$IU$5300,3) -> 16.32 | BT22: 24 | BU22: 1.56 | BV22: 0.47 | BW22: =IF(BU22=" ",0,ROUND(SUM(BU22:BV22),2)) -> 2.03 | BX22: =VLOOKUP(BW22,$IK$5000:$IU$5300,3) -> 18.73 | CD22: =IF(CB22=" ",0,ROUND(SUM(CB22:CC22),2)) -> 0 | CE22: =VLOOKUP(CD22,$IK$5000:$IU$5300,3) -> 0 | CG22: 9 | CH22: =IF(B22=" ",F22,B22*F22/24) -> 0 | CI22: =IF(I22=" ",M22,I22*M22/24) -> 0 | CJ22: =IF(P22=" ",T22,P22*T22/24) -> 22.25 | CK22: =IF(W22=" ",AA22,W22*AA22/24) -> 16.32 | CL22: =IF(AD22=" ",AH22,AD22*AH22/24) -> 20.89 | CM22: =IF(AK22=" ",AO22,AK22*AO22/24) -> 3.29 | CN22: =IF(AR22=" ",AV22,AR22*AV22/24) -> 2.47 | CO22: =IF(AY22=" ",BC22,AY22*BC22/24) -> 9.65 | CP22: =IF(BF22=" ",BJ22,BF22*BJ22/24) -> 11.1 | CQ22: =IF(BM22=" ",BQ22,BM22*BQ22/24) -> 16.32 | CR22: =IF(BT22=" ",BX22,BT22*BX22/24) -> 18.73 | CS22: =IF(CA22=" ",CE22,CA22*CE22/24) -> 0
A23: 10 | C23: 0 | D23: 0 | E23: =IF(C23=" ",0,ROUND(SUM(C23:D23),2)) -> 0 | F23: =VLOOKUP(E23,$IK$5000:$IU$5300,3) -> 0 | L23: =IF(J23=" ",0,ROUND(SUM(J23:K23),2)) -> 0 | M23: =VLOOKUP(L23,$IK$5000:$IU$5300,3) -> 0 | P23: 24 | Q23: 1.6 | R23: 0.51 | S23: =IF(Q23=" ",0,ROUND(SUM(Q23:R23),2)) -> 2.11 | T23: =VLOOKUP(S23,$IK$5000:$IU$5300,3) -> 22.25 | W23: 24 | X23: 1.51 | Y23: 0.44 | Z23: =IF(X23=" ",0,ROUND(SUM(X23:Y23),2)) -> 1.95 | AA23: =VLOOKUP(Z23,$IK$5000:$IU$5300,3) -> 15.56 | AD23: 24 | AE23: 1.59 | AF23: 0.47 | AG23: =IF(AE23=" ",0,ROUND(SUM(AE23:AF23),2)) -> 2.06 | AH23: =VLOOKUP(AG23,$IK$5000:$IU$5300,3) -> 20.01 | AK23: 24 | AL23: 1.09 | AM23: 0.37 | AN23: =IF(AL23=" ",0,ROUND(SUM(AL23:AM23),2)) -> 1.46 | AO23: =VLOOKUP(AN23,$IK$5000:$IU$5300,3) -> 3.14 | AR23: 24 | AS23: 1.07 | AT23: 0.43 | AU23: =IF(AS23=" ",0,ROUND(SUM(AS23:AT23),2)) -> 1.5 | AV23: =VLOOKUP(AU23,$IK$5000:$IU$5300,3) -> 3.75 | AY23: 24 | AZ23: 1.27 | BA23: 0.49 | BB23: =IF(AZ23=" ",0,ROUND(SUM(AZ23:BA23),2)) -> 1.76 | BC23: =VLOOKUP(BB23,$IK$5000:$IU$5300,3) -> 9.38 | BF23: 24 | BG23: 1.29 | BH23: 0.52 | BI23: =IF(BG23=" ",0,ROUND(SUM(BG23:BH23),2)) -> 1.81 | BJ23: =VLOOKUP(BI23,$IK$5000:$IU$5300,3) -> 10.8 | BM23: 24 | BN23: 1.5 | BO23: 0.49 | BP23: =IF(BN23=" ",0,ROUND(SUM(BN23:BO23),2)) -> 1.99 | BQ23: =VLOOKUP(BP23,$IK$5000:$IU$5300,3) -> 17.1 | BT23: 24 | BU23: 1.56 | BV23: 0.47 | BW23: =IF(BU23=" ",0,ROUND(SUM(BU23:BV23),2)) -> 2.03 | BX23: =VLOOKUP(BW23,$IK$5000:$IU$5300,3) -> 18.73 | CD23: =IF(CB23=" ",0,ROUND(SUM(CB23:CC23),2)) -> 0 | CE23: =VLOOKUP(CD23,$IK$5000:$IU$5300,3) -> 0 | CG23: 10 | CH23: =IF(B23=" ",F23,B23*F23/24) -> 0 | CI23: =IF(I23=" ",M23,I23*M23/24) -> 0 | CJ23: =IF(P23=" ",T23,P23*T23/24) -> 22.25 | CK23: =IF(W23=" ",AA23,W23*AA23/24) -> 15.56 | CL23: =IF(AD23=" ",AH23,AD23*AH23/24) -> 20.01 | CM23: =IF(AK23=" ",AO23,AK23*AO23/24) -> 3.14 | CN23: =IF(AR23=" ",AV23,AR23*AV23/24) -> 3.75 | CO23: =IF(AY23=" ",BC23,AY23*BC23/24) -> 9.38 | CP23: =IF(BF23=" ",BJ23,BF23*BJ23/24) -> 10.8 | CQ23: =IF(BM23=" ",BQ23,BM23*BQ23/24) -> 17.1 | CR23: =IF(BT23=" ",BX23,BT23*BX23/24) -> 18.73 | CS23: =IF(CA23=" ",CE23,CA23*CE23/24) -> 0
A24: 11 | C24: 0 | D24: 0 | E24: =IF(C24=" ",0,ROUND(SUM(C24:D24),2)) -> 0 | F24: =VLOOKUP(E24,$IK$5000:$IU$5300,3) -> 0 | L24: =IF(J24=" ",0,ROUND(SUM(J24:K24),2)) -> 0 | M24: =VLOOKUP(L24,$IK$5000:$IU$5300,3) -> 0 | P24: 24 | Q24: 1.59 | R24: 0.51 | S24: =IF(Q24=" ",0,ROUND(SUM(Q24:R24),2)) -> 2.1 | T24: =VLOOKUP(S24,$IK$5000:$IU$5300,3) -> 21.79 | W24: 24 | X24: 1.51 | Y24: 0.44 | Z24: =IF(X24=" ",0,ROUND(SUM(X24:Y24),2)) -> 1.95 | AA24: =VLOOKUP(Z24,$IK$5000:$IU$5300,3) -> 15.56 | AD24: 24 | AE24: 1.54 | AF24: 0.47 | AG24: =IF(AE24=" ",0,ROUND(SUM(AE24:AF24),2)) -> 2.01 | AH24: =VLOOKUP(AG24,$IK$5000:$IU$5300,3) -> 17.91 | AK24: 24 | AL24: 1.21 | AM24: 0.37 | AN24: =IF(AL24=" ",0,ROUND(SUM(AL24:AM24),2)) -> 1.58 | AO24: =VLOOKUP(AN24,$IK$5000:$IU$5300,3) -> 5.16 | AR24: 24 | AS24: 1.01 | AT24: 0.43 | AU24: =IF(AS24=" ",0,ROUND(SUM(AS24:AT24),2)) -> 1.44 | AV24: =VLOOKUP(AU24,$IK$5000:$IU$5300,3) -> 2.86 | AY24: 24 | AZ24: 1.27 | BA24: 0.5 | BB24: =IF(AZ24=" ",0,ROUND(SUM(AZ24:BA24),2)) -> 1.77 | BC24: =VLOOKUP(BB24,$IK$5000:$IU$5300,3) -> 9.65 | BF24: 24 | BG24: 1.3 | BH24: 0.51 | BI24: =IF(BG24=" ",0,ROUND(SUM(BG24:BH24),2)) -> 1.81 | BJ24: =VLOOKUP(BI24,$IK$5000:$IU$5300,3) -> 10.8 | BM24: 24 | BN24: 1.51 | BO24: 0.49 | BP24: =IF(BN24=" ",0,ROUND(SUM(BN24:BO24),2)) -> 2 | BQ24: =VLOOKUP(BP24,$IK$5000:$IU$5300,3) -> 17.5 | BT24: 24 | BU24: 1.56 | BV24: 0.47 | BW24: =IF(BU24=" ",0,ROUND(SUM(BU24:BV24),2)) -> 2.03 | BX24: =VLOOKUP(BW24,$IK$5000:$IU$5300,3) -> 18.73 | CD24: =IF(CB24=" ",0,ROUND(SUM(CB24:CC24),2)) -> 0 | CE24: =VLOOKUP(CD24,$IK$5000:$IU$5300,3) -> 0 | CG24: 11 | CH24: =IF(B24=" ",F24,B24*F24/24) -> 0 | CI24: =IF(I24=" ",M24,I24*M24/24) -> 0 | CJ24: =IF(P24=" ",T24,P24*T24/24) -> 21.79 | CK24: =IF(W24=" ",AA24,W24*AA24/24) -> 15.56 | CL24: =IF(AD24=" ",AH24,AD24*AH24/24) -> 17.91 | CM24: =IF(AK24=" ",AO24,AK24*AO24/24) -> 5.16 | CN24: =IF(AR24=" ",AV24,AR24*AV24/24) -> 2.86 | CO24: =IF(AY24=" ",BC24,AY24*BC24/24) -> 9.65 | CP24: =IF(BF24=" ",BJ24,BF24*BJ24/24) -> 10.8 | CQ24: =IF(BM24=" ",BQ24,BM24*BQ24/24) -> 17.5 | CR24: =IF(BT24=" ",BX24,BT24*BX24/24) -> 18.73 | CS24: =IF(CA24=" ",CE24,CA24*CE24/24) -> 0
A25: 12 | C25: 0 | D25: 0 | E25: =IF(C25=" ",0,ROUND(SUM(C25:D25),2)) -> 0 | F25: =VLOOKUP(E25,$IK$5000:$IU$5300,3) -> 0 | L25: =IF(J25=" ",0,ROUND(SUM(J25:K25),2)) -> 0 | M25: =VLOOKUP(L25,$IK$5000:$IU$5300,3) -> 0 | P25: 24 | Q25: 1.58 | R25: 0.51 | S25: =IF(Q25=" ",0,ROUND(SUM(Q25:R25),2)) -> 2.09 | T25: =VLOOKUP(S25,$IK$5000:$IU$5300,3) -> 21.34 | W25: 24 | X25: 1.51 | Y25: 0.44 | Z25: =IF(X25=" ",0,ROUND(SUM(X25:Y25),2)) -> 1.95 | AA25: =VLOOKUP(Z25,$IK$5000:$IU$5300,3) -> 15.56 | AD25: 24 | AE25: 1.47 | AF25: 0.46 | AG25: =IF(AE25=" ",0,ROUND(SUM(AE25:AF25),2)) -> 1.93 | AH25: =VLOOKUP(AG25,$IK$5000:$IU$5300,3) -> 14.82 | AK25: 24 | AL25: 1.14 | AM25: 0.37 | AN25: =IF(AL25=" ",0,ROUND(SUM(AL25:AM25),2)) -> 1.51 | AO25: =VLOOKUP(AN25,$IK$5000:$IU$5300,3) -> 3.91 | AR25: 24 | AS25: 0.98 | AT25: 0.43 | AU25: =IF(AS25=" ",0,ROUND(SUM(AS25:AT25),2)) -> 1.41 | AV25: =VLOOKUP(AU25,$IK$5000:$IU$5300,3) -> 2.47 | AY25: 24 | AZ25: 1.27 | BA25: 0.5 | BB25: =IF(AZ25=" ",0,ROUND(SUM(AZ25:BA25),2)) -> 1.77 | BC25: =VLOOKUP(BB25,$IK$5000:$IU$5300,3) -> 9.65 | BF25: 24 | BG25: 1.29 | BH25: 0.51 | BI25: =IF(BG25=" ",0,ROUND(SUM(BG25:BH25),2)) -> 1.8 | BJ25: =VLOOKUP(BI25,$IK$5000:$IU$5300,3) -> 10.51 | BM25: 24 | BN25: 1.53 | BO25: 0.49 | BP25: =IF(BN25=" ",0,ROUND(SUM(BN25:BO25),2)) -> 2.02 | BQ25: =VLOOKUP(BP25,$IK$5000:$IU$5300,3) -> 18.32 | BT25: 24 | BU25: 1.56 | BV25: 0.47 | BW25: =IF(BU25=" ",0,ROUND(SUM(BU25:BV25),2)) -> 2.03 | BX25: =VLOOKUP(BW25,$IK$5000:$IU$5300,3) -> 18.73 | CD25: =IF(CB25=" ",0,ROUND(SUM(CB25:CC25),2)) -> 0 | CE25: =VLOOKUP(CD25,$IK$5000:$IU$5300,3) -> 0 | CG25: 12 | CH25: =IF(B25=" ",F25,B25*F25/24) -> 0 | CI25: =IF(I25=" ",M25,I25*M25/24) -> 0 | CJ25: =IF(P25=" ",T25,P25*T25/24) -> 21.34 | CK25: =IF(W25=" ",AA25,W25*AA25/24) -> 15.56 | CL25: =IF(AD25=" ",AH25,AD25*AH25/24) -> 14.82 | CM25: =IF(AK25=" ",AO25,AK25*AO25/24) -> 3.91 | CN25: =IF(AR25=" ",AV25,AR25*AV25/24) -> 2.47 | CO25: =IF(AY25=" ",BC25,AY25*BC25/24) -> 9.65 | CP25: =IF(BF25=" ",BJ25,BF25*BJ25/24) -> 10.51 | CQ25: =IF(BM25=" ",BQ25,BM25*BQ25/24) -> 18.32 | CR25: =IF(BT25=" ",BX25,BT25*BX25/24) -> 18.73 | CS25: =IF(CA25=" ",CE25,CA25*CE25/24) -> 0
A26: 13 | C26: 0 | D26: 0 | E26: =IF(C26=" ",0,ROUND(SUM(C26:D26),2)) -> 0 | F26: =VLOOKUP(E26,$IK$5000:$IU$5300,3) -> 0 | L26: =IF(J26=" ",0,ROUND(SUM(J26:K26),2)) -> 0 | M26: =VLOOKUP(L26,$IK$5000:$IU$5300,3) -> 0 | P26: 24 | Q26: 1.59 | R26: 0.51 | S26: =IF(Q26=" ",0,ROUND(SUM(Q26:R26),2)) -> 2.1 | T26: =VLOOKUP(S26,$IK$5000:$IU$5300,3) -> 21.79 | W26: 24 | X26: 1.48 | Y26: 0.45 | Z26: =IF(X26=" ",0,ROUND(SUM(X26:Y26),2)) -> 1.93 | AA26: =VLOOKUP(Z26,$IK$5000:$IU$5300,3) -> 14.82 | AD26: 24 | AE26: 1.44 | AF26: 0.46 | AG26: =IF(AE26=" ",0,ROUND(SUM(AE26:AF26),2)) -> 1.9 | AH26: =VLOOKUP(AG26,$IK$5000:$IU$5300,3) -> 13.74 | AK26: 24 | AL26: 1.11 | AM26: 0.37 | AN26: =IF(AL26=" ",0,ROUND(SUM(AL26:AM26),2)) -> 1.48 | AO26: =VLOOKUP(AN26,$IK$5000:$IU$5300,3) -> 3.44 | AR26: 24 | AS26: 0.98 | AT26: 0.43 | AU26: =IF(AS26=" ",0,ROUND(SUM(AS26:AT26),2)) -> 1.41 | AV26: =VLOOKUP(AU26,$IK$5000:$IU$5300,3) -> 2.47 | AY26: 24 | AZ26: 1.26 | BA26: 0.5 | BB26: =IF(AZ26=" ",0,ROUND(SUM(AZ26:BA26),2)) -> 1.76 | BC26: =VLOOKUP(BB26,$IK$5000:$IU$5300,3) -> 9.38 | BF26: 24 | BG26: 1.3 | BH26: 0.51 | BI26: =IF(BG26=" ",0,ROUND(SUM(BG26:BH26),2)) -> 1.81 | BJ26: =VLOOKUP(BI26,$IK$5000:$IU$5300,3) -> 10.8 | BM26: 24 | BN26: 1.55 | BO26: 0.49 | BP26: =IF(BN26=" ",0,ROUND(SUM(BN26:BO26),2)) -> 2.04 | BQ26: =VLOOKUP(BP26,$IK$5000:$IU$5300,3) -> 19.15 | BT26: 24 | BU26: 1.56 | BV26: 0.47 | BW26: =IF(BU26=" ",0,ROUND(SUM(BU26:BV26),2)) -> 2.03 | BX26: =VLOOKUP(BW26,$IK$5000:$IU$5300,3) -> 18.73 | CD26: =IF(CB26=" ",0,ROUND(SUM(CB26:CC26),2)) -> 0 | CE26: =VLOOKUP(CD26,$IK$5000:$IU$5300,3) -> 0 | CG26: 13 | CH26: =IF(B26=" ",F26,B26*F26/24) -> 0 | CI26: =IF(I26=" ",M26,I26*M26/24) -> 0 | CJ26: =IF(P26=" ",T26,P26*T26/24) -> 21.79 | CK26: =IF(W26=" ",AA26,W26*AA26/24) -> 14.82 | CL26: =IF(AD26=" ",AH26,AD26*AH26/24) -> 13.74 | CM26: =IF(AK26=" ",AO26,AK26*AO26/24) -> 3.44 | CN26: =IF(AR26=" ",AV26,AR26*AV26/24) -> 2.47 | CO26: =IF(AY26=" ",BC26,AY26*BC26/24) -> 9.38 | CP26: =IF(BF26=" ",BJ26,BF26*BJ26/24) -> 10.8 | CQ26: =IF(BM26=" ",BQ26,BM26*BQ26/24) -> 19.15 | CR26: =IF(BT26=" ",BX26,BT26*BX26/24) -> 18.73 | CS26: =IF(CA26=" ",CE26,CA26*CE26/24) -> 0
A27: 14 | C27: 0 | D27: 0 | E27: =IF(C27=" ",0,ROUND(SUM(C27:D27),2)) -> 0 | F27: =VLOOKUP(E27,$IK$5000:$IU$5300,3) -> 0 | L27: =IF(J27=" ",0,ROUND(SUM(J27:K27),2)) -> 0 | M27: =VLOOKUP(L27,$IK$5000:$IU$5300,3) -> 0 | P27: 24 | Q27: 1.58 | R27: 0.51 | S27: =IF(Q27=" ",0,ROUND(SUM(Q27:R27),2)) -> 2.09 | T27: =VLOOKUP(S27,$IK$5000:$IU$5300,3) -> 21.34 | W27: 24 | X27: 1.45 | Y27: 0.45 | Z27: =IF(X27=" ",0,ROUND(SUM(X27:Y27),2)) -> 1.9 | AA27: =VLOOKUP(Z27,$IK$5000:$IU$5300,3) -> 13.74 | AD27: 24 | AE27: 1.4 | AF27: 0.46 | AG27: =IF(AE27=" ",0,ROUND(SUM(AE27:AF27),2)) -> 1.86 | AH27: =VLOOKUP(AG27,$IK$5000:$IU$5300,3) -> 12.38 | AK27: 24 | AL27: 1.19 | AM27: 0.38 | AN27: =IF(AL27=" ",0,ROUND(SUM(AL27:AM27),2)) -> 1.57 | AO27: =VLOOKUP(AN27,$IK$5000:$IU$5300,3) -> 4.97 | AR27: 24 | AS27: 0.98 | AT27: 0.44 | AU27: =IF(AS27=" ",0,ROUND(SUM(AS27:AT27),2)) -> 1.42 | AV27: =VLOOKUP(AU27,$IK$5000:$IU$5300,3) -> 2.59 | AY27: 24 | AZ27: 1.25 | BA27: 0.5 | BB27: =IF(AZ27=" ",0,ROUND(SUM(AZ27:BA27),2)) -> 1.75 | BC27: =VLOOKUP(BB27,$IK$5000:$IU$5300,3) -> 9.11 | BF27: 24 | BG27: 1.4 | BH27: 0.51 | BI27: =IF(BG27=" ",0,ROUND(SUM(BG27:BH27),2)) -> 1.91 | BJ27: =VLOOKUP(BI27,$IK$5000:$IU$5300,3) -> 14.1 | BM27: 24 | BN27: 1.59 | BO27: 0.49 | BP27: =IF(BN27=" ",0,ROUND(SUM(BN27:BO27),2)) -> 2.08 | BQ27: =VLOOKUP(BP27,$IK$5000:$IU$5300,3) -> 20.89 | BT27: 24 | BU27: 1.57 | BV27: 0.47 | BW27: =IF(BU27=" ",0,ROUND(SUM(BU27:BV27),2)) -> 2.04 | BX27: =VLOOKUP(BW27,$IK$5000:$IU$5300,3) -> 19.15 | CD27: =IF(CB27=" ",0,ROUND(SUM(CB27:CC27),2)) -> 0 | CE27: =VLOOKUP(CD27,$IK$5000:$IU$5300,3) -> 0 | CG27: 14 | CH27: =IF(B27=" ",F27,B27*F27/24) -> 0 | CI27: =IF(I27=" ",M27,I27*M27/24) -> 0 | CJ27: =IF(P27=" ",T27,P27*T27/24) -> 21.34 | CK27: =IF(W27=" ",AA27,W27*AA27/24) -> 13.74 | CL27: =IF(AD27=" ",AH27,AD27*AH27/24) -> 12.38 | CM27: =IF(AK27=" ",AO27,AK27*AO27/24) -> 4.97 | CN27: =IF(AR27=" ",AV27,AR27*AV27/24) -> 2.59 | CO27: =IF(AY27=" ",BC27,AY27*BC27/24) -> 9.11 | CP27: =IF(BF27=" ",BJ27,BF27*BJ27/24) -> 14.1 | CQ27: =IF(BM27=" ",BQ27,BM27*BQ27/24) -> 20.89 | CR27: =IF(BT27=" ",BX27,BT27*BX27/24) -> 19.15 | CS27: =IF(CA27=" ",CE27,CA27*CE27/24) -> 0
A28: 15 | C28: 0 | D28: 0 | E28: =IF(C28=" ",0,ROUND(SUM(C28:D28),2)) -> 0 | F28: =VLOOKUP(E28,$IK$5000:$IU$5300,3) -> 0 | L28: =IF(J28=" ",0,ROUND(SUM(J28:K28),2)) -> 0 | M28: =VLOOKUP(L28,$IK$5000:$IU$5300,3) -> 0 | P28: 24 | Q28: 1.58 | R28: 0.51 | S28: =IF(Q28=" ",0,ROUND(SUM(Q28:R28),2)) -> 2.09 | T28: =VLOOKUP(S28,$IK$5000:$IU$5300,3) -> 21.34 | W28: 24 | X28: 1.5 | Y28: 0.45 | Z28: =IF(X28=" ",0,ROUND(SUM(X28:Y28),2)) -> 1.95 | AA28: =VLOOKUP(Z28,$IK$5000:$IU$5300,3) -> 15.56 | AD28: 24 | AE28: 1.39 | AF28: 0.45 | AG28: =IF(AE28=" ",0,ROUND(SUM(AE28:AF28),2)) -> 1.84 | AH28: =VLOOKUP(AG28,$IK$5000:$IU$5300,3) -> 11.73 | AK28: 24 | AL28: 1.29 | AM28: 0.38 | AN28: =IF(AL28=" ",0,ROUND(SUM(AL28:AM28),2)) -> 1.67 | AO28: =VLOOKUP(AN28,$IK$5000:$IU$5300,3) -> 7.09 | AR28: 24 | AS28: 0.99 | AT28: 0.44 | AU28: =IF(AS28=" ",0,ROUND(SUM(AS28:AT28),2)) -> 1.43 | AV28: =VLOOKUP(AU28,$IK$5000:$IU$5300,3) -> 2.73 | AY28: 24 | AZ28: 1.26 | BA28: 0.51 | BB28: =IF(AZ28=" ",0,ROUND(SUM(AZ28:BA28),2)) -> 1.77 | BC28: =VLOOKUP(BB28,$IK$5000:$IU$5300,3) -> 9.65 | BF28: 24 | BG28: 1.44 | BH28: 0.51 | BI28: =IF(BG28=" ",0,ROUND(SUM(BG28:BH28),2)) -> 1.95 | BJ28: =VLOOKUP(BI28,$IK$5000:$IU$5300,3) -> 15.56 | BM28: 24 | BN28: 1.55 | BO28: 0.49 | BP28: =IF(BN28=" ",0,ROUND(SUM(BN28:BO28),2)) -> 2.04 | BQ28: =VLOOKUP(BP28,$IK$5000:$IU$5300,3) -> 19.15 | BT28: 24 | BU28: 1.57 | BV28: 0.46 | BW28: =IF(BU28=" ",0,ROUND(SUM(BU28:BV28),2)) -> 2.03 | BX28: =VLOOKUP(BW28,$IK$5000:$IU$5300,3) -> 18.73 | CD28: =IF(CB28=" ",0,ROUND(SUM(CB28:CC28),2)) -> 0 | CE28: =VLOOKUP(CD28,$IK$5000:$IU$5300,3) -> 0 | CG28: 15 | CH28: =IF(B28=" ",F28,B28*F28/24) -> 0 | CI28: =IF(I28=" ",M28,I28*M28/24) -> 0 | CJ28: =IF(P28=" ",T28,P28*T28/24) -> 21.34 | CK28: =IF(W28=" ",AA28,W28*AA28/24) -> 15.56 | CL28: =IF(AD28=" ",AH28,AD28*AH28/24) -> 11.73 | CM28: =IF(AK28=" ",AO28,AK28*AO28/24) -> 7.09 | CN28: =IF(AR28=" ",AV28,AR28*AV28/24) -> 2.73 | CO28: =IF(AY28=" ",BC28,AY28*BC28/24) -> 9.65 | CP28: =IF(BF28=" ",BJ28,BF28*BJ28/24) -> 15.56 | CQ28: =IF(BM28=" ",BQ28,BM28*BQ28/24) -> 19.15 | CR28: =IF(BT28=" ",BX28,BT28*BX28/24) -> 18.73 | CS28: =IF(CA28=" ",CE28,CA28*CE28/24) -> 0
A29: 16 | C29: 0 | D29: 0 | E29: =IF(C29=" ",0,ROUND(SUM(C29:D29),2)) -> 0 | F29: =VLOOKUP(E29,$IK$5000:$IU$5300,3) -> 0 | L29: =IF(J29=" ",0,ROUND(SUM(J29:K29),2)) -> 0 | M29: =VLOOKUP(L29,$IK$5000:$IU$5300,3) -> 0 | P29: 24 | Q29: 1.56 | R29: 0.51 | S29: =IF(Q29=" ",0,ROUND(SUM(Q29:R29),2)) -> 2.07 | T29: =VLOOKUP(S29,$IK$5000:$IU$5300,3) -> 20.45 | W29: 24 | X29: 1.6 | Y29: 0.46 | Z29: =IF(X29=" ",0,ROUND(SUM(X29:Y29),2)) -> 2.06 | AA29: =VLOOKUP(Z29,$IK$5000:$IU$5300,3) -> 20.01 | AD29: 24 | AE29: 1.39 | AF29: 0.45 | AG29: =IF(AE29=" ",0,ROUND(SUM(AE29:AF29),2)) -> 1.84 | AH29: =VLOOKUP(AG29,$IK$5000:$IU$5300,3) -> 11.73 | AK29: 24 | AL29: 1.2 | AM29: 0.38 | AN29: =IF(AL29=" ",0,ROUND(SUM(AL29:AM29),2)) -> 1.58 | AO29: =VLOOKUP(AN29,$IK$5000:$IU$5300,3) -> 5.16 | AR29: 24 | AS29: 0.98 | AT29: 0.44 | AU29: =IF(AS29=" ",0,ROUND(SUM(AS29:AT29),2)) -> 1.42 | AV29: =VLOOKUP(AU29,$IK$5000:$IU$5300,3) -> 2.59 | AY29: 24 | AZ29: 1.25 | BA29: 0.51 | BB29: =IF(AZ29=" ",0,ROUND(SUM(AZ29:BA29),2)) -> 1.76 | BC29: =VLOOKUP(BB29,$IK$5000:$IU$5300,3) -> 9.38 | BF29: 24 | BG29: 1.43 | BH29: 0.5 | BI29: =IF(BG29=" ",0,ROUND(SUM(BG29:BH29),2)) -> 1.93 | BJ29: =VLOOKUP(BI29,$IK$5000:$IU$5300,3) -> 14.82 | BM29: 24 | BN29: 1.53 | BO29: 0.49 | BP29: =IF(BN29=" ",0,ROUND(SUM(BN29:BO29),2)) -> 2.02 | BQ29: =VLOOKUP(BP29,$IK$5000:$IU$5300,3) -> 18.32 | BT29: 24 | BU29: 1.58 | BV29: 0.46 | BW29: =IF(BU29=" ",0,ROUND(SUM(BU29:BV29),2)) -> 2.04 | BX29: =VLOOKUP(BW29,$IK$5000:$IU$5300,3) -> 19.15 | CD29: =IF(CB29=" ",0,ROUND(SUM(CB29:CC29),2)) -> 0 | CE29: =VLOOKUP(CD29,$IK$5000:$IU$5300,3) -> 0 | CG29: 16 | CH29: =IF(B29=" ",F29,B29*F29/24) -> 0 | CI29: =IF(I29=" ",M29,I29*M29/24) -> 0 | CJ29: =IF(P29=" ",T29,P29*T29/24) -> 20.45 | CK29: =IF(W29=" ",AA29,W29*AA29/24) -> 20.01 | CL29: =IF(AD29=" ",AH29,AD29*AH29/24) -> 11.73 | CM29: =IF(AK29=" ",AO29,AK29*AO29/24) -> 5.16 | CN29: =IF(AR29=" ",AV29,AR29*AV29/24) -> 2.59 | CO29: =IF(AY29=" ",BC29,AY29*BC29/24) -> 9.38 | CP29: =IF(BF29=" ",BJ29,BF29*BJ29/24) -> 14.82 | CQ29: =IF(BM29=" ",BQ29,BM29*BQ29/24) -> 18.32 | CR29: =IF(BT29=" ",BX29,BT29*BX29/24) -> 19.15 | CS29: =IF(CA29=" ",CE29,CA29*CE29/24) -> 0
A30: 17 | C30: 0 | D30: 0 | E30: =IF(C30=" ",0,ROUND(SUM(C30:D30),2)) -> 0 | F30: =VLOOKUP(E30,$IK$5000:$IU$5300,3) -> 0 | L30: =IF(J30=" ",0,ROUND(SUM(J30:K30),2)) -> 0 | M30: =VLOOKUP(L30,$IK$5000:$IU$5300,3) -> 0 | P30: 24 | Q30: 1.55 | R30: 0.51 | S30: =IF(Q30=" ",0,ROUND(SUM(Q30:R30),2)) -> 2.06 | T30: =VLOOKUP(S30,$IK$5000:$IU$5300,3) -> 20.01 | W30: 24 | X30: 1.6 | Y30: 0.46 | Z30: =IF(X30=" ",0,ROUND(SUM(X30:Y30),2)) -> 2.06 | AA30: =VLOOKUP(Z30,$IK$5000:$IU$5300,3) -> 20.01 | AD30: 24 | AE30: 1.4 | AF30: 0.45 | AG30: =IF(AE30=" ",0,ROUND(SUM(AE30:AF30),2)) -> 1.85 | AH30: =VLOOKUP(AG30,$IK$5000:$IU$5300,3) -> 12.05 | AK30: 24 | AL30: 1.15 | AM30: 0.38 | AN30: =IF(AL30=" ",0,ROUND(SUM(AL30:AM30),2)) -> 1.53 | AO30: =VLOOKUP(AN30,$IK$5000:$IU$5300,3) -> 4.25 | AR30: 24 | AS30: 0.98 | AT30: 0.44 | AU30: =IF(AS30=" ",0,ROUND(SUM(AS30:AT30),2)) -> 1.42 | AV30: =VLOOKUP(AU30,$IK$5000:$IU$5300,3) -> 2.59 | AY30: 24 | AZ30: 1.24 | BA30: 0.51 | BB30: =IF(AZ30=" ",0,ROUND(SUM(AZ30:BA30),2)) -> 1.75 | BC30: =VLOOKUP(BB30,$IK$5000:$IU$5300,3) -> 9.11 | BF30: 24 | BG30: 1.44 | BH30: 0.5 | BI30: =IF(BG30=" ",0,ROUND(SUM(BG30:BH30),2)) -> 1.94 | BJ30: =VLOOKUP(BI30,$IK$5000:$IU$5300,3) -> 15.18 | BM30: 24 | BN30: 1.53 | BO30: 0.49 | BP30: =IF(BN30=" ",0,ROUND(SUM(BN30:BO30),2)) -> 2.02 | BQ30: =VLOOKUP(BP30,$IK$5000:$IU$5300,3) -> 18.32 | BT30: 24 | BU30: 1.58 | BV30: 0.46 | BW30: =IF(BU30=" ",0,ROUND(SUM(BU30:BV30),2)) -> 2.04 | BX30: =VLOOKUP(BW30,$IK$5000:$IU$5300,3) -> 19.15 | CD30: =IF(CB30=" ",0,ROUND(SUM(CB30:CC30),2)) -> 0 | CE30: =VLOOKUP(CD30,$IK$5000:$IU$5300,3) -> 0 | CG30: 17 | CH30: =IF(B30=" ",F30,B30*F30/24) -> 0 | CI30: =IF(I30=" ",M30,I30*M30/24) -> 0 | CJ30: =IF(P30=" ",T30,P30*T30/24) -> 20.01 | CK30: =IF(W30=" ",AA30,W30*AA30/24) -> 20.01 | CL30: =IF(AD30=" ",AH30,AD30*AH30/24) -> 12.05 | CM30: =IF(AK30=" ",AO30,AK30*AO30/24) -> 4.25 | CN30: =IF(AR30=" ",AV30,AR30*AV30/24) -> 2.59 | CO30: =IF(AY30=" ",BC30,AY30*BC30/24) -> 9.11 | CP30: =IF(BF30=" ",BJ30,BF30*BJ30/24) -> 15.18 | CQ30: =IF(BM30=" ",BQ30,BM30*BQ30/24) -> 18.32 | CR30: =IF(BT30=" ",BX30,BT30*BX30/24) -> 19.15 | CS30: =IF(CA30=" ",CE30,CA30*CE30/24) -> 0
A31: 18 | C31: 0 | D31: 0 | E31: =IF(C31=" ",0,ROUND(SUM(C31:D31),2)) -> 0 | F31: =VLOOKUP(E31,$IK$5000:$IU$5300,3) -> 0 | L31: =IF(J31=" ",0,ROUND(SUM(J31:K31),2)) -> 0 | M31: =VLOOKUP(L31,$IK$5000:$IU$5300,3) -> 0 | P31: 24 | Q31: 1.54 | R31: 0.51 | S31: =IF(Q31=" ",0,ROUND(SUM(Q31:R31),2)) -> 2.05 | T31: =VLOOKUP(S31,$IK$5000:$IU$5300,3) -> 19.58 | W31: 24 | X31: 1.56 | Y31: 0.46 | Z31: =IF(X31=" ",0,ROUND(SUM(X31:Y31),2)) -> 2.02 | AA31: =VLOOKUP(Z31,$IK$5000:$IU$5300,3) -> 18.32 | AD31: 24 | AE31: 1.44 | AF31: 0.44 | AG31: =IF(AE31=" ",0,ROUND(SUM(AE31:AF31),2)) -> 1.88 | AH31: =VLOOKUP(AG31,$IK$5000:$IU$5300,3) -> 13.05 | AK31: 24 | AL31: 1.17 | AM31: 0.38 | AN31: =IF(AL31=" ",0,ROUND(SUM(AL31:AM31),2)) -> 1.55 | AO31: =VLOOKUP(AN31,$IK$5000:$IU$5300,3) -> 4.6 | AR31: 24 | AS31: 0.98 | AT31: 0.44 | AU31: =IF(AS31=" ",0,ROUND(SUM(AS31:AT31),2)) -> 1.42 | AV31: =VLOOKUP(AU31,$IK$5000:$IU$5300,3) -> 2.59 | AY31: 24 | AZ31: 1.23 | BA31: 0.51 | BB31: =IF(AZ31=" ",0,ROUND(SUM(AZ31:BA31),2)) -> 1.74 | BC31: =VLOOKUP(BB31,$IK$5000:$IU$5300,3) -> 8.84 | BF31: 24 | BG31: 1.49 | BH31: 0.5 | BI31: =IF(BG31=" ",0,ROUND(SUM(BG31:BH31),2)) -> 1.99 | BJ31: =VLOOKUP(BI31,$IK$5000:$IU$5300,3) -> 17.1 | BM31: 24 | BN31: 1.52 | BO31: 0.49 | BP31: =IF(BN31=" ",0,ROUND(SUM(BN31:BO31),2)) -> 2.01 | BQ31: =VLOOKUP(BP31,$IK$5000:$IU$5300,3) -> 17.91 | BT31: 24 | BU31: 1.57 | BV31: 0.46 | BW31: =IF(BU31=" ",0,ROUND(SUM(BU31:BV31),2)) -> 2.03 | BX31: =VLOOKUP(BW31,$IK$5000:$IU$5300,3) -> 18.73 | CD31: =IF(CB31=" ",0,ROUND(SUM(CB31:CC31),2)) -> 0 | CE31: =VLOOKUP(CD31,$IK$5000:$IU$5300,3) -> 0 | CG31: 18 | CH31: =IF(B31=" ",F31,B31*F31/24) -> 0 | CI31: =IF(I31=" ",M31,I31*M31/24) -> 0 | CJ31: =IF(P31=" ",T31,P31*T31/24) -> 19.58 | CK31: =IF(W31=" ",AA31,W31*AA31/24) -> 18.32 | CL31: =IF(AD31=" ",AH31,AD31*AH31/24) -> 13.05 | CM31: =IF(AK31=" ",AO31,AK31*AO31/24) -> 4.6 | CN31: =IF(AR31=" ",AV31,AR31*AV31/24) -> 2.59 | CO31: =IF(AY31=" ",BC31,AY31*BC31/24) -> 8.84 | CP31: =IF(BF31=" ",BJ31,BF31*BJ31/24) -> 17.1 | CQ31: =IF(BM31=" ",BQ31,BM31*BQ31/24) -> 17.91 | CR31: =IF(BT31=" ",BX31,BT31*BX31/24) -> 18.73 | CS31: =IF(CA31=" ",CE31,CA31*CE31/24) -> 0
... A41: 28 | C41: 0 | D41: 0 | E41: =IF(C41=" ",0,ROUND(SUM(C41:D41),2)) -> 0 | F41: =VLOOKUP(E41,$IK$5000:$IU$5300,3) -> 0 | L41: =IF(J41=" ",0,ROUND(SUM(J41:K41),2)) -> 0 | M41: =VLOOKUP(L41,$IK$5000:$IU$5300,3) -> 0 | P41: 24 | Q41: 1.54 | R41: 0.51 | S41: =IF(Q41=" ",0,ROUND(SUM(Q41:R41),2)) -> 2.05 | T41: =VLOOKUP(S41,$IK$5000:$IU$5300,3) -> 19.58 | W41: 24 | X41: 1.46 | Y41: 0.49 | Z41: =IF(X41=" ",0,ROUND(SUM(X41:Y41),2)) -> 1.95 | AA41: =VLOOKUP(Z41,$IK$5000:$IU$5300,3) -> 15.56 | AD41: 24 | AE41: 1.11 | AF41: 0.41 | AG41: =IF(AE41=" ",0,ROUND(SUM(AE41:AF41),2)) -> 1.52 | AH41: =VLOOKUP(AG41,$IK$5000:$IU$5300,3) -> 4.08 | AK41: 24 | AL41: 1.2 | AM41: 0.4 | AN41: =IF(AL41=" ",0,ROUND(SUM(AL41:AM41),2)) -> 1.6 | AO41: =VLOOKUP(AN41,$IK$5000:$IU$5300,3) -> 5.55 | AR41: 24 | AS41: 1.09 | AT41: 0.46 | AU41: =IF(AS41=" ",0,ROUND(SUM(AS41:AT41),2)) -> 1.55 | AV41: =VLOOKUP(AU41,$IK$5000:$IU$5300,3) -> 4.6 | AY41: 24 | AZ41: 1.32 | BA41: 0.54 | BB41: =IF(AZ41=" ",0,ROUND(SUM(AZ41:BA41),2)) -> 1.86 | BC41: =VLOOKUP(BB41,$IK$5000:$IU$5300,3) -> 12.38 | BF41: 24 | BG41: 1.47 | BH41: 0.49 | BI41: =IF(BG41=" ",0,ROUND(SUM(BG41:BH41),2)) -> 1.96 | BJ41: =VLOOKUP(BI41,$IK$5000:$IU$5300,3) -> 15.94 | BM41: 24 | BN41: 1.55 | BO41: 0.49 | BP41: =IF(BN41=" ",0,ROUND(SUM(BN41:BO41),2)) -> 2.04 | BQ41: =VLOOKUP(BP41,$IK$5000:$IU$5300,3) -> 19.15 | BT41: 24 | BU41: 1.66 | BV41: 0.44 | BW41: =IF(BU41=" ",0,ROUND(SUM(BU41:BV41),2)) -> 2.1 | BX41: =VLOOKUP(BW41,$IK$5000:$IU$5300,3) -> 21.79 | CD41: =IF(CB41=" ",0,ROUND(SUM(CB41:CC41),2)) -> 0 | CE41: =VLOOKUP(CD41,$IK$5000:$IU$5300,3) -> 0 | CG41: 28 | CH41: =IF(B41=" ",F41,B41*F41/24) -> 0 | CI41: =IF(I41=" ",M41,I41*M41/24) -> 0 | CJ41: =IF(P41=" ",T41,P41*T41/24) -> 19.58 | CK41: =IF(W41=" ",AA41,W41*AA41/24) -> 15.56 | CL41: =IF(AD41=" ",AH41,AD41*AH41/24) -> 4.08 | CM41: =IF(AK41=" ",AO41,AK41*AO41/24) -> 5.55 | CN41: =IF(AR41=" ",AV41,AR41*AV41/24) -> 4.6 | CO41: =IF(AY41=" ",BC41,AY41*BC41/24) -> 12.38 | CP41: =IF(BF41=" ",BJ41,BF41*BJ41/24) -> 15.94 | CQ41: =IF(BM41=" ",BQ41,BM41*BQ41/24) -> 19.15 | CR41: =IF(BT41=" ",BX41,BT41*BX41/24) -> 21.79 | CS41: =IF(CA41=" ",CE41,CA41*CE41/24) -> 0
A42: 29 | C42: 0 | D42: 0 | E42: =IF(C42=" ",0,ROUND(SUM(C42:D42),2)) -> 0 | F42: =VLOOKUP(E42,$IK$5000:$IU$5300,3) -> 0 | L42: =IF(J42=" ",0,ROUND(SUM(J42:K42),2)) -> 0 | M42: =VLOOKUP(L42,$IK$5000:$IU$5300,3) -> 0 | P42: 24 | Q42: 1.53 | R42: 0.51 | S42: =IF(Q42=" ",0,ROUND(SUM(Q42:R42),2)) -> 2.04 | T42: =VLOOKUP(S42,$IK$5000:$IU$5300,3) -> 19.15 | W42: 24 | X42: 1.51 | Y42: 0.49 | Z42: =IF(X42=" ",0,ROUND(SUM(X42:Y42),2)) -> 2 | AA42: =VLOOKUP(Z42,$IK$5000:$IU$5300,3) -> 17.5 | AD42: 24 | AE42: 1.09 | AF42: 0.41 | AG42: =IF(AE42=" ",0,ROUND(SUM(AE42:AF42),2)) -> 1.5 | AH42: =VLOOKUP(AG42,$IK$5000:$IU$5300,3) -> 3.75 | AK42: 24 | AL42: 1.1 | AM42: 0.41 | AN42: =IF(AL42=" ",0,ROUND(SUM(AL42:AM42),2)) -> 1.51 | AO42: =VLOOKUP(AN42,$IK$5000:$IU$5300,3) -> 3.91 | AR42: 24 | AS42: 1.1 | AT42: 0.47 | AU42: =IF(AS42=" ",0,ROUND(SUM(AS42:AT42),2)) -> 1.57 | AV42: =VLOOKUP(AU42,$IK$5000:$IU$5300,3) -> 4.97 | AY42: 24 | AZ42: 1.45 | BA42: 0.54 | BB42: =IF(AZ42=" ",0,ROUND(SUM(AZ42:BA42),2)) -> 1.99 | BC42: =VLOOKUP(BB42,$IK$5000:$IU$5300,3) -> 17.1 | BF42: 24 | BG42: 1.47 | BH42: 0.49 | BI42: =IF(BG42=" ",0,ROUND(SUM(BG42:BH42),2)) -> 1.96 | BJ42: =VLOOKUP(BI42,$IK$5000:$IU$5300,3) -> 15.94 | BM42: 24 | BN42: 1.55 | BO42: 0.49 | BP42: =IF(BN42=" ",0,ROUND(SUM(BN42:BO42),2)) -> 2.04 | BQ42: =VLOOKUP(BP42,$IK$5000:$IU$5300,3) -> 19.15 | BT42: 24 | BU42: 1.66 | BV42: 0.44 | BW42: =IF(BU42=" ",0,ROUND(SUM(BU42:BV42),2)) -> 2.1 | BX42: =VLOOKUP(BW42,$IK$5000:$IU$5300,3) -> 21.79 | CD42: =IF(CB42=" ",0,ROUND(SUM(CB42:CC42),2)) -> 0 | CE42: =VLOOKUP(CD42,$IK$5000:$IU$5300,3) -> 0 | CG42: 29 | CH42: =IF(B42=" ",F42,B42*F42/24) -> 0 | CI42: ------- | CJ42: =IF(P42=" ",T42,P42*T42/24) -> 19.15 | CK42: =IF(W42=" ",AA42,W42*AA42/24) -> 17.5 | CL42: =IF(AD42=" ",AH42,AD42*AH42/24) -> 3.75 | CM42: =IF(AK42=" ",AO42,AK42*AO42/24) -> 3.91 | CN42: =IF(AR42=" ",AV42,AR42*AV42/24) -> 4.97 | CO42: =IF(AY42=" ",BC42,AY42*BC42/24) -> 17.1 | CP42: =IF(BF42=" ",BJ42,BF42*BJ42/24) -> 15.94 | CQ42: =IF(BM42=" ",BQ42,BM42*BQ42/24) -> 19.15 | CR42: =IF(BT42=" ",BX42,BT42*BX42/24) -> 21.79 | CS42: =IF(CA42=" ",CE42,CA42*CE42/24) -> 0
A43: 30 | C43: 0 | D43: 0 | E43: =IF(C43=" ",0,ROUND(SUM(C43:D43),2)) -> 0 | F43: =VLOOKUP(E43,$IK$5000:$IU$5300,3) -> 0 | L43: =IF(J43=" ",0,ROUND(SUM(J43:K43),2)) -> 0 | M43: =VLOOKUP(L43,$IK$5000:$IU$5300,3) -> 0 | P43: 24 | Q43: 1.53 | R43: 0.51 | S43: =IF(Q43=" ",0,ROUND(SUM(Q43:R43),2)) -> 2.04 | T43: =VLOOKUP(S43,$IK$5000:$IU$5300,3) -> 19.15 | W43: 24 | X43: 1.59 | Y43: 0.5 | Z43: =IF(X43=" ",0,ROUND(SUM(X43:Y43),2)) -> 2.09 | AA43: =VLOOKUP(Z43,$IK$5000:$IU$5300,3) -> 21.34 | AD43: 24 | AE43: 1.08 | AF43: 0.4 | AG43: =IF(AE43=" ",0,ROUND(SUM(AE43:AF43),2)) -> 1.48 | AH43: =VLOOKUP(AG43,$IK$5000:$IU$5300,3) -> 3.44 | AK43: 24 | AL43: 1.08 | AM43: 0.41 | AN43: =IF(AL43=" ",0,ROUND(SUM(AL43:AM43),2)) -> 1.49 | AO43: =VLOOKUP(AN43,$IK$5000:$IU$5300,3) -> 3.59 | AR43: 24 | AS43: 1.12 | AT43: 0.47 | AU43: =IF(AS43=" ",0,ROUND(SUM(AS43:AT43),2)) -> 1.59 | AV43: =VLOOKUP(AU43,$IK$5000:$IU$5300,3) -> 5.35 | AY43: 24 | AZ43: 1.45 | BA43: 0.54 | BB43: =IF(AZ43=" ",0,ROUND(SUM(AZ43:BA43),2)) -> 1.99 | BC43: =VLOOKUP(BB43,$IK$5000:$IU$5300,3) -> 17.1 | BF43: 24 | BG43: 1.46 | BH43: 0.49 | BI43: =IF(BG43=" ",0,ROUND(SUM(BG43:BH43),2)) -> 1.95 | BJ43: =VLOOKUP(BI43,$IK$5000:$IU$5300,3) -> 15.56 | BM43: 24 | BN43: 1.55 | BO43: 0.49 | BP43: =IF(BN43=" ",0,ROUND(SUM(BN43:BO43),2)) -> 2.04 | BQ43: =VLOOKUP(BP43,$IK$5000:$IU$5300,3) -> 19.15 | BT43: 24 | BU43: 1.66 | BV43: 0.44 | BW43: =IF(BU43=" ",0,ROUND(SUM(BU43:BV43),2)) -> 2.1 | BX43: =VLOOKUP(BW43,$IK$5000:$IU$5300,3) -> 21.79 | CD43: =IF(CB43=" ",0,ROUND(SUM(CB43:CC43),2)) -> 0 | CE43: =VLOOKUP(CD43,$IK$5000:$IU$5300,3) -> 0 | CG43: 30 | CH43: =IF(B43=" ",F43,B43*F43/24) -> 0 | CI43: ------- | CJ43: =IF(P43=" ",T43,P43*T43/24) -> 19.15 | CK43: =IF(W43=" ",AA43,W43*AA43/24) -> 21.34 | CL43: =IF(AD43=" ",AH43,AD43*AH43/24) -> 3.44 | CM43: =IF(AK43=" ",AO43,AK43*AO43/24) -> 3.59 | CN43: =IF(AR43=" ",AV43,AR43*AV43/24) -> 5.35 | CO43: =IF(AY43=" ",BC43,AY43*BC43/24) -> 17.1 | CP43: =IF(BF43=" ",BJ43,BF43*BJ43/24) -> 15.56 | CQ43: =IF(BM43=" ",BQ43,BM43*BQ43/24) -> 19.15 | CR43: =IF(BT43=" ",BX43,BT43*BX43/24) -> 21.79 | CS43: =IF(CA43=" ",CE43,CA43*CE43/24) -> 0
A44: 31 | C44: 0 | D44: 0 | E44: =IF(C44=" ",0,ROUND(SUM(C44:D44),2)) -> 0 | F44: =VLOOKUP(E44,$IK$5000:$IU$5300,3) -> 0 | L44: =IF(J44=" ",0,ROUND(SUM(J44:K44),2)) -> 0 | M44: =VLOOKUP(L44,$IK$5000:$IU$5300,3) -> 0 | P44: 24 | Q44: 1.5 | R44: 0.51 | S44: =IF(Q44=" ",0,ROUND(SUM(Q44:R44),2)) -> 2.01 | T44: =VLOOKUP(S44,$IK$5000:$IU$5300,3) -> 17.91 | Z44: =IF(X44=" ",0,ROUND(SUM(X44:Y44),2)) -> 0 | AA44: =VLOOKUP(Z44,$IK$5000:$IU$5300,3) -> 0 | AD44: 24 | AE44: 1.06 | AF44: 0.4 | AG44: =IF(AE44=" ",0,ROUND(SUM(AE44:AF44),2)) -> 1.46 | AH44: =VLOOKUP(AG44,$IK$5000:$IU$5300,3) -> 3.14 | AR44: 24 | AS44: 1.08 | AT44: 0.47 | AU44: =IF(AS44=" ",0,ROUND(SUM(AS44:AT44),2)) -> 1.55 | AV44: =VLOOKUP(AU44,$IK$5000:$IU$5300,3) -> 4.6 | AY44: 24 | AZ44: 1.47 | BA44: 0.54 | BB44: =IF(AZ44=" ",0,ROUND(SUM(AZ44:BA44),2)) -> 2.01 | BC44: =VLOOKUP(BB44,$IK$5000:$IU$5300,3) -> 17.91 | BM44: 24 | BN44: 1.55 | BP44: =IF(BN44=" ",0,ROUND(SUM(BN44:BO44),2)) -> 1.55 | BQ44: =VLOOKUP(BP44,$IK$5000:$IU$5300,3) -> 4.6 | BW44: =IF(BU44=" ",0,ROUND(SUM(BU44:BV44),2)) -> 0 | BX44: =VLOOKUP(BW44,$IK$5000:$IU$5300,3) -> 0 | CD44: =IF(CB44=" ",0,ROUND(SUM(CB44:CC44),2)) -> 0 | CE44: =VLOOKUP(CD44,$IK$5000:$IU$5300,3) -> 0 | CG44: 31 | CH44: =IF(B44=" ",F44,B44*F44/24) -> 0 | CI44: ------- | CJ44: =IF(P44=" ",T44,P44*T44/24) -> 17.91 | CK44: ------- | CL44: =IF(AD44=" ",AH44,AD44*AH44/24) -> 3.14 | CM44: ------- | CN44: =IF(AR44=" ",AV44,AR44*AV44/24) -> 4.6 | CO44: =IF(AY44=" ",BC44,AY44*BC44/24) -> 17.91 | CP44: ------- | CQ44: =IF(BM44=" ",BQ44,BM44*BQ44/24) -> 4.6 | CR44: ------- | CS44: =IF(CA44=" ",CE44,CA44*CE44/24) -> 0
A45: = | B45: = | C45: = | D45: = | E45: = | F45: = | I45: = | J45: = | K45: = | L45: = | M45: = | P45: = | Q45: = | R45: = | S45: = | T45: = | W45: = | Y45: = | Z45: = | AA45: = | AD45: = | AE45: = | AF45: = | AG45: = | AH45: = | AK45: = | AL45: = | AM45: = | AN45: = | AO45: = | AR45: = | AS45: = | AT45: = | AU45: = | AV45: = | AY45: = | AZ45: = | BA45: = | BB45: = | BC45: = | BF45: = | BG45: = | BH45: = | BI45: = | BJ45: = | BM45: = | BN45: = | BO45: = | BP45: = | BQ45: = | BT45: = | BU45: = | BV45: = | BW45: = | BX45: = | CA45: = | CB45: = | CC45: = | CD45: = | CE45: =
A46: CFS | X46: . | CH46: C.F.S.
A47: CFS | AE47: SC | AF47: ght corr | CH47: =SUM(CH14:CH44) -> 0 | CI47: =SUM(CI14:CI41) -> 0 | CJ47: =SUM(CJ14:CJ44) -> 675.43 | CK47: =SUM(CK14:CK43) -> 491.95 | CL47: =SUM(CL14:CL44) -> 411.38 | CM47: =SUM(CM14:CM43) -> 131.91 | CN47: =SUM(CN14:CN44) -> 113.7 | CO47: =SUM(CO14:CO44) -> 338.13 | CP47: =SUM(CP14:CP43) -> 469.87 | CQ47: =SUM(CQ14:CQ44) -> 527 | CR47: =SUM(CR14:CR43) -> 593.42 | CS47: =SUM(CS14:CS44) -> 0
A48: AC/FT | CH48: ACRE FEET
A49: AC/FT | CH49: =1.9835*CH47 -> 0 | CI49: =1.9835*CI47 -> 0 | CJ49: =1.9835*CJ47 -> 1339.7154 | CK49: =1.9835*CK47 -> 975.78282 | CL49: =1.9835*CL47 -> 815.97223 | CM49: =1.9835*CM47 -> 261.64349 | CN49: =1.9835*CN47 -> 225.52395 | CO49: =1.9835*CO47 -> 670.68086 | ... CS49: =1.9835*CS47 -> 0
A50: TOTAL | S50: Shift Corr. | T50: Ght Corr. | AS50: SC | BN50: SC
A51: =SUM(CH49:CS49) -> 7443.659 | R51: 45748 | S51: 0.41 | T51: 0.1 | AS51: ght corr | BN51: ght corr | CH51: Total CFS | CI51: =SUM(CH47:CS47) -> 3752.79
R52: This SC is based on msrmnt made | AS52: Prorating SC and ght corr between msrmnt dates
R53: in Feb by Trevor B irt | CH53: Total AC/FT | CI53: =SUM(CH49:CS49) -> 7443.659 | CQ53: Provisional Record, Subject to Revision
CH56: Upper Gila Ditch near Gila, New Mexico | CQ56: Provisional Record, Subject to Revision
CH58: 2025 CY irrigation season. Season started 03-01-25, closed station on 11-30-25.
CH60: All data collection meets USGS methods and standards.
CH61: Flow measurements are made using USGS methods/standards.
CH62: Data collected from D/A H-500 data logger/recorder. Records worked to USGS Standards.
CH63: Data processing/computations were made using Excel program. Excel program meets USGS standards for ditch stations.
CH65: Upper Gila Ditch is open channel station (No Flume). Control is channel bed/banks and 48 inch metal culvert pipe.
CH66: Culvert pipe is 75 feet downstream of gage. Culvert pipe is mainly high flow control, during low flow bottom of culvert will fill/scour depending on amount of flow.
CH68: Record rated good-fair most of the season, due to scour/fill conditions as sand/gravel bed moves up and down for most of season
CH70: Zero No Flow inspections, and nine discharge measurements #'s 312 to 320 were made during 2025 season.
CH71: Rating # 5.1 in use during 2024 cy season was continued in use for entire 2025 season. Shifts ranged from +0.37 to + 0.54 due to scour/fill channel conditions. Channel is fairly stable.
CH72: Measured flows ranged from low of 5.34 cfs on 06-11 to high of 21.5 cfs on 02-26. Recorded flows ranged from daily low flow of 1.76 cfs on 06-22 , to daily peak flow of 37.4cfs on 05-02.
CH74: Shifts on plus side of rating do not effect quality of record, new rating might be a consideration.
... CH80: Note: After station relocated downstream to present location at same datum shift have been on plus side of rating due to channel shape change from upper site location.
IK4996: Upper Gila Ditch near Gila, NM (09430815)
IK4998: TABLES | IM4998: Rating #5.1
IK4999: GHT | IM4999: Natural Channel
IK5000: 0 | IM5000: 0
IK5001: 1.05 | IM5001: 0
IK5002: 1.06 | IM5002: 0.03
IK5003: 1.07 | IM5003: 0.06
IK5004: 1.08 | IM5004: 0.09
IK5005: 1.09 | IM5005: 0.12
IK5006: 1.1 | IM5006: 0.15
IK5007: 1.11 | IM5007: 0.18
IK5008: 1.12 | IM5008: 0.212
IK5009: 1.13 | IM5009: 0.247
IK5010: 1.14 | IM5010: 0.284
IK5011: 1.15 | IM5011: 0.323
... IK5166: 2.7 | IM5166: 60
IK5271: 2.71
IK5272: 2.72
IK5273: 2.73
IK5274: 2.74
IK5275: 2.75
IK5276: 2.76
IK5277: 2.77
IK5278: 2.78
IK5279: 2.79
IK5280: 2.8
IK5281: 2.81
IK5282: 2.82
... IK5600: 6

Sheet Fort West
CH4: New Mexico Interstate Stream Commission | CL4: Fort West Ditch near Gila, New Mexico
A6: Fort West Ditch Near Gila, New Mexico (09430820)
CH7: Source: | CI7: Gila River | CM7: Gila - San Francisco Basins
CH8: Location: | CI8: 33.0056, -108.3221 | CM8: DAILY DISCHARGE IN C/F/S
E9: JANUARY | L9: FEBRUARY | S9: MARCH | Z9: APRIL | AG9: MAY | AN9: JUNE | AU9: JULY | BB9: AUGUST | BI9: SEPTEMBER | BP9: OCTOBER | BW9: NOVEMBER | CD9: DECEMBER | CH9: Measuring Device: 24" Parshall Flume
A10: 2025
D11: PEN | E11: GHT | F11: CFS | K11: PEN | L11: GHT | M11: CFS | R11: PEN | S11: GHT | T11: CFS | Y11: PEN | Z11: GHT | AA11: CFS | AF11: PEN | AG11: GHT | AH11: CFS | AM11: PEN | AN11: GHT | AO11: CFS | AT11: PEN | AU11: GHT | AV11: CFS | BA11: PEN | BB11: GHT | BC11: CFS | BH11: PEN | BI11: GHT | BJ11: CFS | BO11: PEN | BP11: GHT | BQ11: CFS | BV11: PEN | BW11: GHT | BX11: CFS | CC11: PEN | CD11: GHT | CE11: CFS | CH11: Calendar Year 2025 | CR11: Site ID# 09430820
A12: DAY | B12: HRS | C12: GHT | D12: SHIFT | E12: AMOUNT | F12: PER TABLE | I12: HRS | J12: GHT | K12: SHIFT | L12: AMOUNT | M12: PER TABLE | P12: HRS | Q12: GHT | R12: SHIFT | S12: AMOUNT | T12: PER TABLE | W12: HRS | X12: GHT | Y12: SHIFT | Z12: AMOUNT | AA12: PER TABLE | AD12: HRS | AE12: GHT | AF12: SHIFT | AG12: AMOUNT | AH12: PER TABLE | AK12: HRS | AL12: GHT | AM12: SHIFT | AN12: AMOUNT | AO12: PER TABLE | AR12: HRS | AS12: GHT | AT12: SHIFT | AU12: AMOUNT | AV12: PER TABLE | AY12: HRS | AZ12: GHT | BA12: SHIFT | BB12: AMOUNT | BC12: PER TABLE | BF12: HRS | BG12: GHT | BH12: SHIFT | BI12: AMOUNT | BJ12: PER TABLE | BM12: HRS | BN12: GHT | BO12: SHIFT | BP12: AMOUNT | BQ12: PER TABLE | BT12: HRS | BU12: GHT | BV12: SHIFT | BW12: AMOUNT | BX12: PER TABLE | CA12: HRS | CB12: GHT | CC12: SHIFT | CD12: AMOUNT | CE12: PER TABLE | CH12: JANUARY | CI12: FEBRUARY | CJ12: MARCH | CK12: APRIL | CL12: MAY | CM12: JUNE | CN12: JULY | CO12: AUGUST | CP12: SEPTEMBER | CQ12: OCTOBER | CR12: NOVEMBER | CS12: DECEMBER
A13: - | B13: - | C13: - | D13: - | E13: - | F13: - | I13: - | J13: - | K13: - | L13: - | M13: - | P13: - | Q13: - | R13: - | S13: - | T13: - | W13: - | Y13: - | Z13: - | AA13: - | AD13: - | AE13: - | AF13: - | AG13: - | AH13: - | AK13: - | AL13: - | AM13: - | AN13: - | AO13: - | AR13: - | AS13: - | AT13: - | AU13: - | AV13: - | AY13: - | AZ13: - | BA13: - | BB13: - | BC13: - | BF13: - | BG13: - | BH13: - | BI13: - | BJ13: - | BM13: - | BN13: - | BO13: - | BP13: - | BQ13: - | BT13: - | BU13: - | BV13: - | BW13: - | BX13: - | CA13: - | CB13: - | CC13: - | CD13: - | CE13: -
A14: 1 | E14: =IF(C14=" ",0,ROUND(SUM(C14:D14),2)) -> 0 | F14: =VLOOKUP(E14,$IK$5000:$IU$5300,3) -> 0 | I14: 0 | L14: =IF(J14=" ",0,ROUND(SUM(J14:K14),2)) -> 0 | M14: =VLOOKUP(L14,$IK$5000:$IU$5300,3) -> 0 | P14: 24 | Q14: 0.69 | S14: =IF(Q14=" ",0,ROUND(SUM(Q14:R14),2)) -> 0.69 | T14: =VLOOKUP(S14,$IK$5000:$IU$5300,3) -> 14.51 | W14: 24 | X14: 0.86 | Z14: =IF(X14=" ",0,ROUND(SUM(X14:Y14),2)) -> 0.86 | AA14: =VLOOKUP(Z14,$IK$5000:$IU$5300,3) -> 20.1 | AD14: 24 | AE14: 0.69 | AG14: =IF(AE14=" ",0,ROUND(SUM(AE14:AF14),2)) -> 0.69 | AH14: =VLOOKUP(AG14,$IK$5000:$IU$5300,3) -> 14.51 | AK14: 24 | AL14: 0.55 | AN14: =IF(AL14=" ",0,ROUND(SUM(AL14:AM14),2)) -> 0.55 | AO14: =VLOOKUP(AN14,$IK$5000:$IU$5300,3) -> 10.5 | AR14: 24 | AS14: 0.37 | AU14: =IF(AS14=" ",0,ROUND(SUM(AS14:AT14),2)) -> 0.37 | AV14: =VLOOKUP(AU14,$IK$5000:$IU$5300,3) -> 6.04 | AY14: 24 | AZ14: 0.73 | BB14: =IF(AZ14=" ",0,ROUND(SUM(AZ14:BA14),2)) -> 0.73 | BC14: =VLOOKUP(BB14,$IK$5000:$IU$5300,3) -> 15.76 | BF14: 24 | BG14: 1 | BI14: =IF(BG14=" ",0,ROUND(SUM(BG14:BH14),2)) -> 1 | BJ14: =VLOOKUP(BI14,$IK$5000:$IU$5300,3) -> 24.7 | BM14: 24 | BN14: 0.74 | BP14: =IF(BN14=" ",0,ROUND(SUM(BN14:BO14),2)) -> 0.74 | BQ14: =VLOOKUP(BP14,$IK$5000:$IU$5300,3) -> 16.08 | BT14: 24 | BU14: 0.62 | BW14: =IF(BU14=" ",0,ROUND(SUM(BU14:BV14),2)) -> 0.62 | BX14: =VLOOKUP(BW14,$IK$5000:$IU$5300,3) -> 12.48 | CD14: =IF(CB14=" ",0,ROUND(SUM(CB14:CC14),2)) -> 0 | CE14: =VLOOKUP(CD14,$IK$5000:$IU$5300,3) -> 0 | CG14: 1 | CH14: =IF(B14=" ",F14,B14*F14/24) -> 0 | CI14: =IF(I14=" ",M14,I14*M14/24) -> 0 | CJ14: =IF(P14=" ",T14,P14*T14/24) -> 14.51 | CK14: =IF(W14=" ",AA14,W14*AA14/24) -> 20.1 | CL14: =IF(AD14=" ",AH14,AD14*AH14/24) -> 14.51 | CM14: =IF(AK14=" ",AO14,AK14*AO14/24) -> 10.5 | CN14: =IF(AR14=" ",AV14,AR14*AV14/24) -> 6.04 | CO14: =IF(AY14=" ",BC14,AY14*BC14/24) -> 15.76 | CP14: =IF(BF14=" ",BJ14,BF14*BJ14/24) -> 24.7 | CQ14: =IF(BM14=" ",BQ14,BM14*BQ14/24) -> 16.08 | CR14: =IF(BT14=" ",BX14,BT14*BX14/24) -> 12.48 | CS14: =IF(CA14=" ",CE14,CA14*CE14/24) -> 0
A15: 2 | E15: =IF(C15=" ",0,ROUND(SUM(C15:D15),2)) -> 0 | F15: =VLOOKUP(E15,$IK$5000:$IU$5300,3) -> 0 | I15: 0 | L15: =IF(J15=" ",0,ROUND(SUM(J15:K15),2)) -> 0 | M15: =VLOOKUP(L15,$IK$5000:$IU$5300,3) -> 0 | P15: 24 | Q15: 0.69 | S15: =IF(Q15=" ",0,ROUND(SUM(Q15:R15),2)) -> 0.69 | T15: =VLOOKUP(S15,$IK$5000:$IU$5300,3) -> 14.51 | W15: 24 | X15: 0.86 | Z15: =IF(X15=" ",0,ROUND(SUM(X15:Y15),2)) -> 0.86 | AA15: =VLOOKUP(Z15,$IK$5000:$IU$5300,3) -> 20.1 | AD15: 24 | AE15: 0.72 | AG15: =IF(AE15=" ",0,ROUND(SUM(AE15:AF15),2)) -> 0.72 | AH15: =VLOOKUP(AG15,$IK$5000:$IU$5300,3) -> 15.44 | AK15: 24 | AL15: 0.5 | AN15: =IF(AL15=" ",0,ROUND(SUM(AL15:AM15),2)) -> 0.5 | AO15: =VLOOKUP(AN15,$IK$5000:$IU$5300,3) -> 9.1 | AR15: 24 | AS15: 0.62 | AU15: =IF(AS15=" ",0,ROUND(SUM(AS15:AT15),2)) -> 0.62 | AV15: =VLOOKUP(AU15,$IK$5000:$IU$5300,3) -> 12.48 | AY15: 24 | AZ15: 0.75 | BB15: =IF(AZ15=" ",0,ROUND(SUM(AZ15:BA15),2)) -> 0.75 | BC15: =VLOOKUP(BB15,$IK$5000:$IU$5300,3) -> 16.4 | BF15: 24 | BG15: 1 | BI15: =IF(BG15=" ",0,ROUND(SUM(BG15:BH15),2)) -> 1 | BJ15: =VLOOKUP(BI15,$IK$5000:$IU$5300,3) -> 24.7 | BM15: 24 | BN15: 0.7 | BP15: =IF(BN15=" ",0,ROUND(SUM(BN15:BO15),2)) -> 0.7 | BQ15: =VLOOKUP(BP15,$IK$5000:$IU$5300,3) -> 14.8 | BT15: 24 | BU15: 0.68 | BW15: =IF(BU15=" ",0,ROUND(SUM(BU15:BV15),2)) -> 0.68 | BX15: =VLOOKUP(BW15,$IK$5000:$IU$5300,3) -> 14.22 | CD15: =IF(CB15=" ",0,ROUND(SUM(CB15:CC15),2)) -> 0 | CE15: =VLOOKUP(CD15,$IK$5000:$IU$5300,3) -> 0 | CG15: 2 | CH15: =IF(B15=" ",F15,B15*F15/24) -> 0 | CI15: =IF(I15=" ",M15,I15*M15/24) -> 0 | CJ15: =IF(P15=" ",T15,P15*T15/24) -> 14.51 | CK15: =IF(W15=" ",AA15,W15*AA15/24) -> 20.1 | CL15: =IF(AD15=" ",AH15,AD15*AH15/24) -> 15.44 | CM15: =IF(AK15=" ",AO15,AK15*AO15/24) -> 9.1 | CN15: =IF(AR15=" ",AV15,AR15*AV15/24) -> 12.48 | CO15: =IF(AY15=" ",BC15,AY15*BC15/24) -> 16.4 | CP15: =IF(BF15=" ",BJ15,BF15*BJ15/24) -> 24.7 | CQ15: =IF(BM15=" ",BQ15,BM15*BQ15/24) -> 14.8 | CR15: =IF(BT15=" ",BX15,BT15*BX15/24) -> 14.22 | CS15: =IF(CA15=" ",CE15,CA15*CE15/24) -> 0
A16: 3 | E16: =IF(C16=" ",0,ROUND(SUM(C16:D16),2)) -> 0 | F16: =VLOOKUP(E16,$IK$5000:$IU$5300,3) -> 0 | I16: 0 | L16: =IF(J16=" ",0,ROUND(SUM(J16:K16),2)) -> 0 | M16: =VLOOKUP(L16,$IK$5000:$IU$5300,3) -> 0 | P16: 24 | Q16: 0.69 | S16: =IF(Q16=" ",0,ROUND(SUM(Q16:R16),2)) -> 0.69 | T16: =VLOOKUP(S16,$IK$5000:$IU$5300,3) -> 14.51 | W16: 24 | X16: 0.87 | Z16: =IF(X16=" ",0,ROUND(SUM(X16:Y16),2)) -> 0.87 | AA16: =VLOOKUP(Z16,$IK$5000:$IU$5300,3) -> 20.45 | AD16: 24 | AE16: 0.66 | AG16: =IF(AE16=" ",0,ROUND(SUM(AE16:AF16),2)) -> 0.66 | AH16: =VLOOKUP(AG16,$IK$5000:$IU$5300,3) -> 13.64 | AK16: 24 | AL16: 0.23 | AN16: =IF(AL16=" ",0,ROUND(SUM(AL16:AM16),2)) -> 0.23 | AO16: =VLOOKUP(AN16,$IK$5000:$IU$5300,3) -> 2.89 | AR16: 24 | AS16: 0.79 | AU16: =IF(AS16=" ",0,ROUND(SUM(AS16:AT16),2)) -> 0.79 | AV16: =VLOOKUP(AU16,$IK$5000:$IU$5300,3) -> 17.68 | AY16: 24 | AZ16: 0.86 | BB16: =IF(AZ16=" ",0,ROUND(SUM(AZ16:BA16),2)) -> 0.86 | BC16: =VLOOKUP(BB16,$IK$5000:$IU$5300,3) -> 20.1 | BF16: 24 | BG16: 0.87 | BI16: =IF(BG16=" ",0,ROUND(SUM(BG16:BH16),2)) -> 0.87 | BJ16: =VLOOKUP(BI16,$IK$5000:$IU$5300,3) -> 20.45 | BM16: 24 | BN16: 0.64 | BP16: =IF(BN16=" ",0,ROUND(SUM(BN16:BO16),2)) -> 0.64 | BQ16: =VLOOKUP(BP16,$IK$5000:$IU$5300,3) -> 13.06 | BT16: 24 | BU16: 0.68 | BW16: =IF(BU16=" ",0,ROUND(SUM(BU16:BV16),2)) -> 0.68 | BX16: =VLOOKUP(BW16,$IK$5000:$IU$5300,3) -> 14.22 | CD16: =IF(CB16=" ",0,ROUND(SUM(CB16:CC16),2)) -> 0 | CE16: =VLOOKUP(CD16,$IK$5000:$IU$5300,3) -> 0 | CG16: 3 | CH16: =IF(B16=" ",F16,B16*F16/24) -> 0 | CI16: =IF(I16=" ",M16,I16*M16/24) -> 0 | CJ16: =IF(P16=" ",T16,P16*T16/24) -> 14.51 | CK16: =IF(W16=" ",AA16,W16*AA16/24) -> 20.45 | CL16: =IF(AD16=" ",AH16,AD16*AH16/24) -> 13.64 | CM16: =IF(AK16=" ",AO16,AK16*AO16/24) -> 2.89 | CN16: =IF(AR16=" ",AV16,AR16*AV16/24) -> 17.68 | CO16: =IF(AY16=" ",BC16,AY16*BC16/24) -> 20.1 | CP16: =IF(BF16=" ",BJ16,BF16*BJ16/24) -> 20.45 | CQ16: =IF(BM16=" ",BQ16,BM16*BQ16/24) -> 13.06 | CR16: =IF(BT16=" ",BX16,BT16*BX16/24) -> 14.22 | CS16: =IF(CA16=" ",CE16,CA16*CE16/24) -> 0
A17: 4 | E17: =IF(C17=" ",0,ROUND(SUM(C17:D17),2)) -> 0 | F17: =VLOOKUP(E17,$IK$5000:$IU$5300,3) -> 0 | I17: 0 | L17: =IF(J17=" ",0,ROUND(SUM(J17:K17),2)) -> 0 | M17: =VLOOKUP(L17,$IK$5000:$IU$5300,3) -> 0 | P17: 24 | Q17: 0.68 | S17: =IF(Q17=" ",0,ROUND(SUM(Q17:R17),2)) -> 0.68 | T17: =VLOOKUP(S17,$IK$5000:$IU$5300,3) -> 14.22 | W17: 24 | X17: 0.88 | Z17: =IF(X17=" ",0,ROUND(SUM(X17:Y17),2)) -> 0.88 | AA17: =VLOOKUP(Z17,$IK$5000:$IU$5300,3) -> 20.8 | AD17: 24 | AE17: 0.67 | AG17: =IF(AE17=" ",0,ROUND(SUM(AE17:AF17),2)) -> 0.67 | AH17: =VLOOKUP(AG17,$IK$5000:$IU$5300,3) -> 13.93 | AK17: 24 | AL17: 0.29 | AN17: =IF(AL17=" ",0,ROUND(SUM(AL17:AM17),2)) -> 0.29 | AO17: =VLOOKUP(AN17,$IK$5000:$IU$5300,3) -> 4.06 | AR17: 24 | AS17: 0.71 | AU17: =IF(AS17=" ",0,ROUND(SUM(AS17:AT17),2)) -> 0.71 | AV17: =VLOOKUP(AU17,$IK$5000:$IU$5300,3) -> 15.12 | AY17: 24 | AZ17: 0.81 | BB17: =IF(AZ17=" ",0,ROUND(SUM(AZ17:BA17),2)) -> 0.81 | BC17: =VLOOKUP(BB17,$IK$5000:$IU$5300,3) -> 18.35 | BF17: 24 | BG17: 0.7 | BI17: =IF(BG17=" ",0,ROUND(SUM(BG17:BH17),2)) -> 0.7 | BJ17: =VLOOKUP(BI17,$IK$5000:$IU$5300,3) -> 14.8 | BM17: 24 | BN17: 0.6 | BP17: =IF(BN17=" ",0,ROUND(SUM(BN17:BO17),2)) -> 0.6 | BQ17: =VLOOKUP(BP17,$IK$5000:$IU$5300,3) -> 11.9 | BT17: 24 | BU17: 0.65 | BW17: =IF(BU17=" ",0,ROUND(SUM(BU17:BV17),2)) -> 0.65 | BX17: =VLOOKUP(BW17,$IK$5000:$IU$5300,3) -> 13.35 | CD17: =IF(CB17=" ",0,ROUND(SUM(CB17:CC17),2)) -> 0 | CE17: =VLOOKUP(CD17,$IK$5000:$IU$5300,3) -> 0 | CG17: 4 | CH17: =IF(B17=" ",F17,B17*F17/24) -> 0 | CI17: =IF(I17=" ",M17,I17*M17/24) -> 0 | CJ17: =IF(P17=" ",T17,P17*T17/24) -> 14.22 | CK17: =IF(W17=" ",AA17,W17*AA17/24) -> 20.8 | CL17: =IF(AD17=" ",AH17,AD17*AH17/24) -> 13.93 | CM17: =IF(AK17=" ",AO17,AK17*AO17/24) -> 4.06 | CN17: =IF(AR17=" ",AV17,AR17*AV17/24) -> 15.12 | CO17: =IF(AY17=" ",BC17,AY17*BC17/24) -> 18.35 | CP17: =IF(BF17=" ",BJ17,BF17*BJ17/24) -> 14.8 | CQ17: =IF(BM17=" ",BQ17,BM17*BQ17/24) -> 11.9 | CR17: =IF(BT17=" ",BX17,BT17*BX17/24) -> 13.35 | CS17: =IF(CA17=" ",CE17,CA17*CE17/24) -> 0
A18: 5 | E18: =IF(C18=" ",0,ROUND(SUM(C18:D18),2)) -> 0 | F18: =VLOOKUP(E18,$IK$5000:$IU$5300,3) -> 0 | I18: 0 | L18: =IF(J18=" ",0,ROUND(SUM(J18:K18),2)) -> 0 | M18: =VLOOKUP(L18,$IK$5000:$IU$5300,3) -> 0 | P18: 24 | Q18: 0.68 | S18: =IF(Q18=" ",0,ROUND(SUM(Q18:R18),2)) -> 0.68 | T18: =VLOOKUP(S18,$IK$5000:$IU$5300,3) -> 14.22 | W18: 24 | X18: 0.88 | Z18: =IF(X18=" ",0,ROUND(SUM(X18:Y18),2)) -> 0.88 | AA18: =VLOOKUP(Z18,$IK$5000:$IU$5300,3) -> 20.8 | AD18: 24 | AE18: 0.68 | AG18: =IF(AE18=" ",0,ROUND(SUM(AE18:AF18),2)) -> 0.68 | AH18: =VLOOKUP(AG18,$IK$5000:$IU$5300,3) -> 14.22 | AK18: 24 | AL18: 0.33 | AN18: =IF(AL18=" ",0,ROUND(SUM(AL18:AM18),2)) -> 0.33 | AO18: =VLOOKUP(AN18,$IK$5000:$IU$5300,3) -> 5.02 | AR18: 24 | AS18: 0.53 | AU18: =IF(AS18=" ",0,ROUND(SUM(AS18:AT18),2)) -> 0.53 | AV18: =VLOOKUP(AU18,$IK$5000:$IU$5300,3) -> 9.94 | AY18: 24 | AZ18: 0.79 | BB18: =IF(AZ18=" ",0,ROUND(SUM(AZ18:BA18),2)) -> 0.79 | BC18: =VLOOKUP(BB18,$IK$5000:$IU$5300,3) -> 17.68 | BF18: 24 | BG18: 0.63 | BI18: =IF(BG18=" ",0,ROUND(SUM(BG18:BH18),2)) -> 0.63 | BJ18: =VLOOKUP(BI18,$IK$5000:$IU$5300,3) -> 12.77 | BM18: 24 | BN18: 0.58 | BP18: =IF(BN18=" ",0,ROUND(SUM(BN18:BO18),2)) -> 0.58 | BQ18: =VLOOKUP(BP18,$IK$5000:$IU$5300,3) -> 11.34 | BT18: 24 | BU18: 0.63 | BW18: =IF(BU18=" ",0,ROUND(SUM(BU18:BV18),2)) -> 0.63 | BX18: =VLOOKUP(BW18,$IK$5000:$IU$5300,3) -> 12.77 | CD18: =IF(CB18=" ",0,ROUND(SUM(CB18:CC18),2)) -> 0 | CE18: =VLOOKUP(CD18,$IK$5000:$IU$5300,3) -> 0 | CG18: 5 | CH18: =IF(B18=" ",F18,B18*F18/24) -> 0 | CI18: =IF(I18=" ",M18,I18*M18/24) -> 0 | CJ18: =IF(P18=" ",T18,P18*T18/24) -> 14.22 | CK18: =IF(W18=" ",AA18,W18*AA18/24) -> 20.8 | CL18: =IF(AD18=" ",AH18,AD18*AH18/24) -> 14.22 | CM18: =IF(AK18=" ",AO18,AK18*AO18/24) -> 5.02 | CN18: =IF(AR18=" ",AV18,AR18*AV18/24) -> 9.94 | CO18: =IF(AY18=" ",BC18,AY18*BC18/24) -> 17.68 | CP18: =IF(BF18=" ",BJ18,BF18*BJ18/24) -> 12.77 | CQ18: =IF(BM18=" ",BQ18,BM18*BQ18/24) -> 11.34 | CR18: =IF(BT18=" ",BX18,BT18*BX18/24) -> 12.77 | CS18: =IF(CA18=" ",CE18,CA18*CE18/24) -> 0
A19: 6 | E19: =IF(C19=" ",0,ROUND(SUM(C19:D19),2)) -> 0 | F19: =VLOOKUP(E19,$IK$5000:$IU$5300,3) -> 0 | I19: 0 | L19: =IF(J19=" ",0,ROUND(SUM(J19:K19),2)) -> 0 | M19: =VLOOKUP(L19,$IK$5000:$IU$5300,3) -> 0 | P19: 24 | Q19: 0.68 | S19: =IF(Q19=" ",0,ROUND(SUM(Q19:R19),2)) -> 0.68 | T19: =VLOOKUP(S19,$IK$5000:$IU$5300,3) -> 14.22 | W19: 24 | X19: 0.88 | Z19: =IF(X19=" ",0,ROUND(SUM(X19:Y19),2)) -> 0.88 | AA19: =VLOOKUP(Z19,$IK$5000:$IU$5300,3) -> 20.8 | AD19: 24 | AE19: 0.73 | AG19: =IF(AE19=" ",0,ROUND(SUM(AE19:AF19),2)) -> 0.73 | AH19: =VLOOKUP(AG19,$IK$5000:$IU$5300,3) -> 15.76 | AK19: 24 | AL19: 0.33 | AN19: =IF(AL19=" ",0,ROUND(SUM(AL19:AM19),2)) -> 0.33 | AO19: =VLOOKUP(AN19,$IK$5000:$IU$5300,3) -> 5.02 | AR19: 24 | AS19: 0.43 | AU19: =IF(AS19=" ",0,ROUND(SUM(AS19:AT19),2)) -> 0.43 | AV19: =VLOOKUP(AU19,$IK$5000:$IU$5300,3) -> 7.49 | AY19: 24 | AZ19: 0.75 | BB19: =IF(AZ19=" ",0,ROUND(SUM(AZ19:BA19),2)) -> 0.75 | BC19: =VLOOKUP(BB19,$IK$5000:$IU$5300,3) -> 16.4 | BF19: 24 | BG19: 0.63 | BI19: =IF(BG19=" ",0,ROUND(SUM(BG19:BH19),2)) -> 0.63 | BJ19: =VLOOKUP(BI19,$IK$5000:$IU$5300,3) -> 12.77 | BM19: 24 | BN19: 0.52 | BP19: =IF(BN19=" ",0,ROUND(SUM(BN19:BO19),2)) -> 0.52 | BQ19: =VLOOKUP(BP19,$IK$5000:$IU$5300,3) -> 9.66 | BT19: 24 | BU19: 0.59 | BW19: =IF(BU19=" ",0,ROUND(SUM(BU19:BV19),2)) -> 0.59 | BX19: =VLOOKUP(BW19,$IK$5000:$IU$5300,3) -> 11.62 | CD19: =IF(CB19=" ",0,ROUND(SUM(CB19:CC19),2)) -> 0 | CE19: =VLOOKUP(CD19,$IK$5000:$IU$5300,3) -> 0 | CG19: 6 | CH19: =IF(B19=" ",F19,B19*F19/24) -> 0 | CI19: =IF(I19=" ",M19,I19*M19/24) -> 0 | CJ19: =IF(P19=" ",T19,P19*T19/24) -> 14.22 | CK19: =IF(W19=" ",AA19,W19*AA19/24) -> 20.8 | CL19: =IF(AD19=" ",AH19,AD19*AH19/24) -> 15.76 | CM19: =IF(AK19=" ",AO19,AK19*AO19/24) -> 5.02 | CN19: =IF(AR19=" ",AV19,AR19*AV19/24) -> 7.49 | CO19: =IF(AY19=" ",BC19,AY19*BC19/24) -> 16.4 | CP19: =IF(BF19=" ",BJ19,BF19*BJ19/24) -> 12.77 | CQ19: =IF(BM19=" ",BQ19,BM19*BQ19/24) -> 9.66 | CR19: =IF(BT19=" ",BX19,BT19*BX19/24) -> 11.62 | CS19: =IF(CA19=" ",CE19,CA19*CE19/24) -> 0
A20: 7 | E20: =IF(C20=" ",0,ROUND(SUM(C20:D20),2)) -> 0 | F20: =VLOOKUP(E20,$IK$5000:$IU$5300,3) -> 0 | L20: =IF(J20=" ",0,ROUND(SUM(J20:K20),2)) -> 0 | M20: =VLOOKUP(L20,$IK$5000:$IU$5300,3) -> 0 | P20: 24 | Q20: 0.69 | S20: =IF(Q20=" ",0,ROUND(SUM(Q20:R20),2)) -> 0.69 | T20: =VLOOKUP(S20,$IK$5000:$IU$5300,3) -> 14.51 | W20: 24 | X20: 0.82 | Z20: =IF(X20=" ",0,ROUND(SUM(X20:Y20),2)) -> 0.82 | AA20: =VLOOKUP(Z20,$IK$5000:$IU$5300,3) -> 18.7 | AD20: 24 | AE20: 0.78 | AG20: =IF(AE20=" ",0,ROUND(SUM(AE20:AF20),2)) -> 0.78 | AH20: =VLOOKUP(AG20,$IK$5000:$IU$5300,3) -> 17.36 | AK20: 24 | AL20: 0.32 | AN20: =IF(AL20=" ",0,ROUND(SUM(AL20:AM20),2)) -> 0.32 | AO20: =VLOOKUP(AN20,$IK$5000:$IU$5300,3) -> 4.76 | AR20: 24 | AS20: 0.39 | AU20: =IF(AS20=" ",0,ROUND(SUM(AS20:AT20),2)) -> 0.39 | AV20: =VLOOKUP(AU20,$IK$5000:$IU$5300,3) -> 6.55 | AY20: 24 | AZ20: 0.73 | BB20: =IF(AZ20=" ",0,ROUND(SUM(AZ20:BA20),2)) -> 0.73 | BC20: =VLOOKUP(BB20,$IK$5000:$IU$5300,3) -> 15.76 | BF20: 24 | BG20: 0.58 | BI20: =IF(BG20=" ",0,ROUND(SUM(BG20:BH20),2)) -> 0.58 | BJ20: =VLOOKUP(BI20,$IK$5000:$IU$5300,3) -> 11.34 | BM20: 24 | BN20: 0.46 | BP20: =IF(BN20=" ",0,ROUND(SUM(BN20:BO20),2)) -> 0.46 | BQ20: =VLOOKUP(BP20,$IK$5000:$IU$5300,3) -> 8.18 | BT20: 24 | BU20: 0.58 | BW20: =IF(BU20=" ",0,ROUND(SUM(BU20:BV20),2)) -> 0.58 | BX20: =VLOOKUP(BW20,$IK$5000:$IU$5300,3) -> 11.34 | CD20: =IF(CB20=" ",0,ROUND(SUM(CB20:CC20),2)) -> 0 | CE20: =VLOOKUP(CD20,$IK$5000:$IU$5300,3) -> 0 | CG20: 7 | CH20: =IF(B20=" ",F20,B20*F20/24) -> 0 | CI20: =IF(I20=" ",M20,I20*M20/24) -> 0 | CJ20: =IF(P20=" ",T20,P20*T20/24) -> 14.51 | CK20: =IF(W20=" ",AA20,W20*AA20/24) -> 18.7 | CL20: =IF(AD20=" ",AH20,AD20*AH20/24) -> 17.36 | CM20: =IF(AK20=" ",AO20,AK20*AO20/24) -> 4.76 | CN20: =IF(AR20=" ",AV20,AR20*AV20/24) -> 6.55 | CO20: =IF(AY20=" ",BC20,AY20*BC20/24) -> 15.76 | CP20: =IF(BF20=" ",BJ20,BF20*BJ20/24) -> 11.34 | CQ20: =IF(BM20=" ",BQ20,BM20*BQ20/24) -> 8.18 | CR20: =IF(BT20=" ",BX20,BT20*BX20/24) -> 11.34 | CS20: =IF(CA20=" ",CE20,CA20*CE20/24) -> 0
A21: 8 | E21: =IF(C21=" ",0,ROUND(SUM(C21:D21),2)) -> 0 | F21: =VLOOKUP(E21,$IK$5000:$IU$5300,3) -> 0 | L21: =IF(J21=" ",0,ROUND(SUM(J21:K21),2)) -> 0 | M21: =VLOOKUP(L21,$IK$5000:$IU$5300,3) -> 0 | P21: 24 | Q21: 0.7 | S21: =IF(Q21=" ",0,ROUND(SUM(Q21:R21),2)) -> 0.7 | T21: =VLOOKUP(S21,$IK$5000:$IU$5300,3) -> 14.8 | W21: 24 | X21: 0.74 | Z21: =IF(X21=" ",0,ROUND(SUM(X21:Y21),2)) -> 0.74 | AA21: =VLOOKUP(Z21,$IK$5000:$IU$5300,3) -> 16.08 | AD21: 24 | AE21: 0.77 | AG21: =IF(AE21=" ",0,ROUND(SUM(AE21:AF21),2)) -> 0.77 | AH21: =VLOOKUP(AG21,$IK$5000:$IU$5300,3) -> 17.04 | AK21: 24 | AL21: 0.29 | AN21: =IF(AL21=" ",0,ROUND(SUM(AL21:AM21),2)) -> 0.29 | AO21: =VLOOKUP(AN21,$IK$5000:$IU$5300,3) -> 4.06 | AR21: 24 | AS21: 0.37 | AU21: =IF(AS21=" ",0,ROUND(SUM(AS21:AT21),2)) -> 0.37 | AV21: =VLOOKUP(AU21,$IK$5000:$IU$5300,3) -> 6.04 | AY21: 24 | AZ21: 0.7 | BB21: =IF(AZ21=" ",0,ROUND(SUM(AZ21:BA21),2)) -> 0.7 | BC21: =VLOOKUP(BB21,$IK$5000:$IU$5300,3) -> 14.8 | BF21: 24 | BG21: 0.65 | BI21: =IF(BG21=" ",0,ROUND(SUM(BG21:BH21),2)) -> 0.65 | BJ21: =VLOOKUP(BI21,$IK$5000:$IU$5300,3) -> 13.35 | BM21: 24 | BN21: 0.42 | BP21: =IF(BN21=" ",0,ROUND(SUM(BN21:BO21),2)) -> 0.42 | BQ21: =VLOOKUP(BP21,$IK$5000:$IU$5300,3) -> 7.26 | BT21: 24 | BU21: 0.6 | BW21: =IF(BU21=" ",0,ROUND(SUM(BU21:BV21),2)) -> 0.6 | BX21: =VLOOKUP(BW21,$IK$5000:$IU$5300,3) -> 11.9 | CD21: =IF(CB21=" ",0,ROUND(SUM(CB21:CC21),2)) -> 0 | CE21: =VLOOKUP(CD21,$IK$5000:$IU$5300,3) -> 0 | CG21: 8 | CH21: =IF(B21=" ",F21,B21*F21/24) -> 0 | CI21: =IF(I21=" ",M21,I21*M21/24) -> 0 | CJ21: =IF(P21=" ",T21,P21*T21/24) -> 14.8 | CK21: =IF(W21=" ",AA21,W21*AA21/24) -> 16.08 | CL21: =IF(AD21=" ",AH21,AD21*AH21/24) -> 17.04 | CM21: =IF(AK21=" ",AO21,AK21*AO21/24) -> 4.06 | CN21: =IF(AR21=" ",AV21,AR21*AV21/24) -> 6.04 | CO21: =IF(AY21=" ",BC21,AY21*BC21/24) -> 14.8 | CP21: =IF(BF21=" ",BJ21,BF21*BJ21/24) -> 13.35 | CQ21: =IF(BM21=" ",BQ21,BM21*BQ21/24) -> 7.26 | CR21: =IF(BT21=" ",BX21,BT21*BX21/24) -> 11.9 | CS21: =IF(CA21=" ",CE21,CA21*CE21/24) -> 0
A22: 9 | E22: =IF(C22=" ",0,ROUND(SUM(C22:D22),2)) -> 0 | F22: =VLOOKUP(E22,$IK$5000:$IU$5300,3) -> 0 | L22: =IF(J22=" ",0,ROUND(SUM(J22:K22),2)) -> 0 | M22: =VLOOKUP(L22,$IK$5000:$IU$5300,3) -> 0 | P22: 24 | Q22: 0.7 | S22: =IF(Q22=" ",0,ROUND(SUM(Q22:R22),2)) -> 0.7 | T22: =VLOOKUP(S22,$IK$5000:$IU$5300,3) -> 14.8 | W22: 24 | X22: 0.77 | Z22: =IF(X22=" ",0,ROUND(SUM(X22:Y22),2)) -> 0.77 | AA22: =VLOOKUP(Z22,$IK$5000:$IU$5300,3) -> 17.04 | AD22: 24 | AE22: 0.73 | AG22: =IF(AE22=" ",0,ROUND(SUM(AE22:AF22),2)) -> 0.73 | AH22: =VLOOKUP(AG22,$IK$5000:$IU$5300,3) -> 15.76 | AK22: 24 | AL22: 0.26 | AN22: =IF(AL22=" ",0,ROUND(SUM(AL22:AM22),2)) -> 0.26 | AO22: =VLOOKUP(AN22,$IK$5000:$IU$5300,3) -> 3.47 | AR22: 24 | AS22: 0.36 | AU22: =IF(AS22=" ",0,ROUND(SUM(AS22:AT22),2)) -> 0.36 | AV22: =VLOOKUP(AU22,$IK$5000:$IU$5300,3) -> 5.78 | AY22: 24 | AZ22: 0.61 | BB22: =IF(AZ22=" ",0,ROUND(SUM(AZ22:BA22),2)) -> 0.61 | BC22: =VLOOKUP(BB22,$IK$5000:$IU$5300,3) -> 12.19 | BF22: 24 | BG22: 0.65 | BI22: =IF(BG22=" ",0,ROUND(SUM(BG22:BH22),2)) -> 0.65 | BJ22: =VLOOKUP(BI22,$IK$5000:$IU$5300,3) -> 13.35 | BM22: 24 | BN22: 0.4 | BP22: =IF(BN22=" ",0,ROUND(SUM(BN22:BO22),2)) -> 0.4 | BQ22: =VLOOKUP(BP22,$IK$5000:$IU$5300,3) -> 6.8 | BT22: 24 | BU22: 0.64 | BW22: =IF(BU22=" ",0,ROUND(SUM(BU22:BV22),2)) -> 0.64 | BX22: =VLOOKUP(BW22,$IK$5000:$IU$5300,3) -> 13.06 | CD22: =IF(CB22=" ",0,ROUND(SUM(CB22:CC22),2)) -> 0 | CE22: =VLOOKUP(CD22,$IK$5000:$IU$5300,3) -> 0 | CG22: 9 | CH22: =IF(B22=" ",F22,B22*F22/24) -> 0 | CI22: =IF(I22=" ",M22,I22*M22/24) -> 0 | CJ22: =IF(P22=" ",T22,P22*T22/24) -> 14.8 | CK22: =IF(W22=" ",AA22,W22*AA22/24) -> 17.04 | CL22: =IF(AD22=" ",AH22,AD22*AH22/24) -> 15.76 | CM22: =IF(AK22=" ",AO22,AK22*AO22/24) -> 3.47 | CN22: =IF(AR22=" ",AV22,AR22*AV22/24) -> 5.78 | CO22: =IF(AY22=" ",BC22,AY22*BC22/24) -> 12.19 | CP22: =IF(BF22=" ",BJ22,BF22*BJ22/24) -> 13.35 | CQ22: =IF(BM22=" ",BQ22,BM22*BQ22/24) -> 6.8 | CR22: =IF(BT22=" ",BX22,BT22*BX22/24) -> 13.06 | CS22: =IF(CA22=" ",CE22,CA22*CE22/24) -> 0
A23: 10 | E23: =IF(C23=" ",0,ROUND(SUM(C23:D23),2)) -> 0 | F23: =VLOOKUP(E23,$IK$5000:$IU$5300,3) -> 0 | L23: =IF(J23=" ",0,ROUND(SUM(J23:K23),2)) -> 0 | M23: =VLOOKUP(L23,$IK$5000:$IU$5300,3) -> 0 | P23: 24 | Q23: 0.69 | S23: =IF(Q23=" ",0,ROUND(SUM(Q23:R23),2)) -> 0.69 | T23: =VLOOKUP(S23,$IK$5000:$IU$5300,3) -> 14.51 | W23: 24 | X23: 0.79 | Z23: =IF(X23=" ",0,ROUND(SUM(X23:Y23),2)) -> 0.79 | AA23: =VLOOKUP(Z23,$IK$5000:$IU$5300,3) -> 17.68 | AD23: 24 | AE23: 0.72 | AG23: =IF(AE23=" ",0,ROUND(SUM(AE23:AF23),2)) -> 0.72 | AH23: =VLOOKUP(AG23,$IK$5000:$IU$5300,3) -> 15.44 | AK23: 24 | AL23: 0.19 | AN23: =IF(AL23=" ",0,ROUND(SUM(AL23:AM23),2)) -> 0.19 | AO23: =VLOOKUP(AN23,$IK$5000:$IU$5300,3) -> 2.148 | AR23: 24 | AS23: 0.27 | AU23: =IF(AS23=" ",0,ROUND(SUM(AS23:AT23),2)) -> 0.27 | AV23: =VLOOKUP(AU23,$IK$5000:$IU$5300,3) -> 3.67 | AY23: 24 | AZ23: 0.53 | BB23: =IF(AZ23=" ",0,ROUND(SUM(AZ23:BA23),2)) -> 0.53 | BC23: =VLOOKUP(BB23,$IK$5000:$IU$5300,3) -> 9.94 | BF23: 24 | BG23: 0.71 | BI23: =IF(BG23=" ",0,ROUND(SUM(BG23:BH23),2)) -> 0.71 | BJ23: =VLOOKUP(BI23,$IK$5000:$IU$5300,3) -> 15.12 | BM23: 24 | BN23: 0.41 | BP23: =IF(BN23=" ",0,ROUND(SUM(BN23:BO23),2)) -> 0.41 | BQ23: =VLOOKUP(BP23,$IK$5000:$IU$5300,3) -> 7.03 | BT23: 24 | BU23: 0.62 | BW23: =IF(BU23=" ",0,ROUND(SUM(BU23:BV23),2)) -> 0.62 | BX23: =VLOOKUP(BW23,$IK$5000:$IU$5300,3) -> 12.48 | CD23: =IF(CB23=" ",0,ROUND(SUM(CB23:CC23),2)) -> 0 | CE23: =VLOOKUP(CD23,$IK$5000:$IU$5300,3) -> 0 | CG23: 10 | CH23: =IF(B23=" ",F23,B23*F23/24) -> 0 | CI23: =IF(I23=" ",M23,I23*M23/24) -> 0 | CJ23: =IF(P23=" ",T23,P23*T23/24) -> 14.51 | CK23: =IF(W23=" ",AA23,W23*AA23/24) -> 17.68 | CL23: =IF(AD23=" ",AH23,AD23*AH23/24) -> 15.44 | CM23: =IF(AK23=" ",AO23,AK23*AO23/24) -> 2.148 | CN23: =IF(AR23=" ",AV23,AR23*AV23/24) -> 3.67 | CO23: =IF(AY23=" ",BC23,AY23*BC23/24) -> 9.94 | CP23: =IF(BF23=" ",BJ23,BF23*BJ23/24) -> 15.12 | CQ23: =IF(BM23=" ",BQ23,BM23*BQ23/24) -> 7.03 | CR23: =IF(BT23=" ",BX23,BT23*BX23/24) -> 12.48 | CS23: =IF(CA23=" ",CE23,CA23*CE23/24) -> 0
A24: 11 | E24: =IF(C24=" ",0,ROUND(SUM(C24:D24),2)) -> 0 | F24: =VLOOKUP(E24,$IK$5000:$IU$5300,3) -> 0 | L24: =IF(J24=" ",0,ROUND(SUM(J24:K24),2)) -> 0 | M24: =VLOOKUP(L24,$IK$5000:$IU$5300,3) -> 0 | P24: 24 | Q24: 0.69 | S24: =IF(Q24=" ",0,ROUND(SUM(Q24:R24),2)) -> 0.69 | T24: =VLOOKUP(S24,$IK$5000:$IU$5300,3) -> 14.51 | W24: 24 | X24: 0.78 | Z24: =IF(X24=" ",0,ROUND(SUM(X24:Y24),2)) -> 0.78 | AA24: =VLOOKUP(Z24,$IK$5000:$IU$5300,3) -> 17.36 | AD24: 24 | AE24: 0.66 | AG24: =IF(AE24=" ",0,ROUND(SUM(AE24:AF24),2)) -> 0.66 | AH24: =VLOOKUP(AG24,$IK$5000:$IU$5300,3) -> 13.64 | AK24: 24 | AL24: 0.23 | AN24: =IF(AL24=" ",0,ROUND(SUM(AL24:AM24),2)) -> 0.23 | AO24: =VLOOKUP(AN24,$IK$5000:$IU$5300,3) -> 2.89 | AR24: 24 | AS24: 0.29 | AU24: =IF(AS24=" ",0,ROUND(SUM(AS24:AT24),2)) -> 0.29 | AV24: =VLOOKUP(AU24,$IK$5000:$IU$5300,3) -> 4.06 | AY24: 24 | AZ24: 0.53 | BB24: =IF(AZ24=" ",0,ROUND(SUM(AZ24:BA24),2)) -> 0.53 | BC24: =VLOOKUP(BB24,$IK$5000:$IU$5300,3) -> 9.94 | BF24: 24 | BG24: 0.56 | BI24: =IF(BG24=" ",0,ROUND(SUM(BG24:BH24),2)) -> 0.56 | BJ24: =VLOOKUP(BI24,$IK$5000:$IU$5300,3) -> 10.78 | BM24: 24 | BN24: 0.41 | BP24: =IF(BN24=" ",0,ROUND(SUM(BN24:BO24),2)) -> 0.41 | BQ24: =VLOOKUP(BP24,$IK$5000:$IU$5300,3) -> 7.03 | BT24: 24 | BU24: 0.6 | BW24: =IF(BU24=" ",0,ROUND(SUM(BU24:BV24),2)) -> 0.6 | BX24: =VLOOKUP(BW24,$IK$5000:$IU$5300,3) -> 11.9 | CD24: =IF(CB24=" ",0,ROUND(SUM(CB24:CC24),2)) -> 0 | CE24: =VLOOKUP(CD24,$IK$5000:$IU$5300,3) -> 0 | CG24: 11 | CH24: =IF(B24=" ",F24,B24*F24/24) -> 0 | CI24: =IF(I24=" ",M24,I24*M24/24) -> 0 | CJ24: =IF(P24=" ",T24,P24*T24/24) -> 14.51 | CK24: =IF(W24=" ",AA24,W24*AA24/24) -> 17.36 | CL24: =IF(AD24=" ",AH24,AD24*AH24/24) -> 13.64 | CM24: =IF(AK24=" ",AO24,AK24*AO24/24) -> 2.89 | CN24: =IF(AR24=" ",AV24,AR24*AV24/24) -> 4.06 | CO24: =IF(AY24=" ",BC24,AY24*BC24/24) -> 9.94 | CP24: =IF(BF24=" ",BJ24,BF24*BJ24/24) -> 10.78 | CQ24: =IF(BM24=" ",BQ24,BM24*BQ24/24) -> 7.03 | CR24: =IF(BT24=" ",BX24,BT24*BX24/24) -> 11.9 | CS24: =IF(CA24=" ",CE24,CA24*CE24/24) -> 0
A25: 12 | E25: =IF(C25=" ",0,ROUND(SUM(C25:D25),2)) -> 0 | F25: =VLOOKUP(E25,$IK$5000:$IU$5300,3) -> 0 | L25: =IF(J25=" ",0,ROUND(SUM(J25:K25),2)) -> 0 | M25: =VLOOKUP(L25,$IK$5000:$IU$5300,3) -> 0 | P25: 24 | Q25: 0.69 | S25: =IF(Q25=" ",0,ROUND(SUM(Q25:R25),2)) -> 0.69 | T25: =VLOOKUP(S25,$IK$5000:$IU$5300,3) -> 14.51 | W25: 24 | X25: 0.82 | Z25: =IF(X25=" ",0,ROUND(SUM(X25:Y25),2)) -> 0.82 | AA25: =VLOOKUP(Z25,$IK$5000:$IU$5300,3) -> 18.7 | AD25: 24 | AE25: 0.62 | AG25: =IF(AE25=" ",0,ROUND(SUM(AE25:AF25),2)) -> 0.62 | AH25: =VLOOKUP(AG25,$IK$5000:$IU$5300,3) -> 12.48 | AK25: 24 | AL25: 0.32 | AN25: =IF(AL25=" ",0,ROUND(SUM(AL25:AM25),2)) -> 0.32 | AO25: =VLOOKUP(AN25,$IK$5000:$IU$5300,3) -> 4.76 | AR25: 24 | AS25: 0.36 | AU25: =IF(AS25=" ",0,ROUND(SUM(AS25:AT25),2)) -> 0.36 | AV25: =VLOOKUP(AU25,$IK$5000:$IU$5300,3) -> 5.78 | AY25: 24 | AZ25: 0.52 | BB25: =IF(AZ25=" ",0,ROUND(SUM(AZ25:BA25),2)) -> 0.52 | BC25: =VLOOKUP(BB25,$IK$5000:$IU$5300,3) -> 9.66 | BF25: 24 | BG25: 0.56 | BI25: =IF(BG25=" ",0,ROUND(SUM(BG25:BH25),2)) -> 0.56 | BJ25: =VLOOKUP(BI25,$IK$5000:$IU$5300,3) -> 10.78 | BM25: 24 | BN25: 0.4 | BP25: =IF(BN25=" ",0,ROUND(SUM(BN25:BO25),2)) -> 0.4 | BQ25: =VLOOKUP(BP25,$IK$5000:$IU$5300,3) -> 6.8 | BT25: 24 | BU25: 0.6 | BW25: =IF(BU25=" ",0,ROUND(SUM(BU25:BV25),2)) -> 0.6 | BX25: =VLOOKUP(BW25,$IK$5000:$IU$5300,3) -> 11.9 | CD25: =IF(CB25=" ",0,ROUND(SUM(CB25:CC25),2)) -> 0 | CE25: =VLOOKUP(CD25,$IK$5000:$IU$5300,3) -> 0 | CG25: 12 | CH25: =IF(B25=" ",F25,B25*F25/24) -> 0 | CI25: =IF(I25=" ",M25,I25*M25/24) -> 0 | CJ25: =IF(P25=" ",T25,P25*T25/24) -> 14.51 | CK25: =IF(W25=" ",AA25,W25*AA25/24) -> 18.7 | CL25: =IF(AD25=" ",AH25,AD25*AH25/24) -> 12.48 | CM25: =IF(AK25=" ",AO25,AK25*AO25/24) -> 4.76 | CN25: =IF(AR25=" ",AV25,AR25*AV25/24) -> 5.78 | CO25: =IF(AY25=" ",BC25,AY25*BC25/24) -> 9.66 | CP25: =IF(BF25=" ",BJ25,BF25*BJ25/24) -> 10.78 | CQ25: =IF(BM25=" ",BQ25,BM25*BQ25/24) -> 6.8 | CR25: =IF(BT25=" ",BX25,BT25*BX25/24) -> 11.9 | CS25: =IF(CA25=" ",CE25,CA25*CE25/24) -> 0
A26: 13 | E26: =IF(C26=" ",0,ROUND(SUM(C26:D26),2)) -> 0 | F26: =VLOOKUP(E26,$IK$5000:$IU$5300,3) -> 0 | L26: =IF(J26=" ",0,ROUND(SUM(J26:K26),2)) -> 0 | M26: =VLOOKUP(L26,$IK$5000:$IU$5300,3) -> 0 | P26: 24 | Q26: 0.69 | S26: =IF(Q26=" ",0,ROUND(SUM(Q26:R26),2)) -> 0.69 | T26: =VLOOKUP(S26,$IK$5000:$IU$5300,3) -> 14.51 | W26: 24 | X26: 0.86 | Z26: =IF(X26=" ",0,ROUND(SUM(X26:Y26),2)) -> 0.86 | AA26: =VLOOKUP(Z26,$IK$5000:$IU$5300,3) -> 20.1 | AD26: 24 | AE26: 0.59 | AG26: =IF(AE26=" ",0,ROUND(SUM(AE26:AF26),2)) -> 0.59 | AH26: =VLOOKUP(AG26,$IK$5000:$IU$5300,3) -> 11.62 | AK26: 24 | AL26: 0.34 | AN26: =IF(AL26=" ",0,ROUND(SUM(AL26:AM26),2)) -> 0.34 | AO26: =VLOOKUP(AN26,$IK$5000:$IU$5300,3) -> 5.27 | AR26: 24 | AS26: 0.4 | AU26: =IF(AS26=" ",0,ROUND(SUM(AS26:AT26),2)) -> 0.4 | AV26: =VLOOKUP(AU26,$IK$5000:$IU$5300,3) -> 6.8 | AY26: 24 | AZ26: 0.51 | BB26: =IF(AZ26=" ",0,ROUND(SUM(AZ26:BA26),2)) -> 0.51 | BC26: =VLOOKUP(BB26,$IK$5000:$IU$5300,3) -> 9.38 | BF26: 24 | BG26: 0.7 | BI26: =IF(BG26=" ",0,ROUND(SUM(BG26:BH26),2)) -> 0.7 | BJ26: =VLOOKUP(BI26,$IK$5000:$IU$5300,3) -> 14.8 | BM26: 24 | BN26: 0.41 | BP26: =IF(BN26=" ",0,ROUND(SUM(BN26:BO26),2)) -> 0.41 | BQ26: =VLOOKUP(BP26,$IK$5000:$IU$5300,3) -> 7.03 | BT26: 24 | BU26: 0.6 | BW26: =IF(BU26=" ",0,ROUND(SUM(BU26:BV26),2)) -> 0.6 | BX26: =VLOOKUP(BW26,$IK$5000:$IU$5300,3) -> 11.9 | CD26: =IF(CB26=" ",0,ROUND(SUM(CB26:CC26),2)) -> 0 | CE26: =VLOOKUP(CD26,$IK$5000:$IU$5300,3) -> 0 | CG26: 13 | CH26: =IF(B26=" ",F26,B26*F26/24) -> 0 | CI26: =IF(I26=" ",M26,I26*M26/24) -> 0 | CJ26: =IF(P26=" ",T26,P26*T26/24) -> 14.51 | CK26: =IF(W26=" ",AA26,W26*AA26/24) -> 20.1 | CL26: =IF(AD26=" ",AH26,AD26*AH26/24) -> 11.62 | CM26: =IF(AK26=" ",AO26,AK26*AO26/24) -> 5.27 | CN26: =IF(AR26=" ",AV26,AR26*AV26/24) -> 6.8 | CO26: =IF(AY26=" ",BC26,AY26*BC26/24) -> 9.38 | CP26: =IF(BF26=" ",BJ26,BF26*BJ26/24) -> 14.8 | CQ26: =IF(BM26=" ",BQ26,BM26*BQ26/24) -> 7.03 | CR26: =IF(BT26=" ",BX26,BT26*BX26/24) -> 11.9 | CS26: =IF(CA26=" ",CE26,CA26*CE26/24) -> 0
A27: 14 | E27: =IF(C27=" ",0,ROUND(SUM(C27:D27),2)) -> 0 | F27: =VLOOKUP(E27,$IK$5000:$IU$5300,3) -> 0 | L27: =IF(J27=" ",0,ROUND(SUM(J27:K27),2)) -> 0 | M27: =VLOOKUP(L27,$IK$5000:$IU$5300,3) -> 0 | P27: 24 | Q27: 0.69 | S27: =IF(Q27=" ",0,ROUND(SUM(Q27:R27),2)) -> 0.69 | T27: =VLOOKUP(S27,$IK$5000:$IU$5300,3) -> 14.51 | W27: 24 | X27: 0.86 | Z27: =IF(X27=" ",0,ROUND(SUM(X27:Y27),2)) -> 0.86 | AA27: =VLOOKUP(Z27,$IK$5000:$IU$5300,3) -> 20.1 | AD27: 24 | AE27: 0.56 | AG27: =IF(AE27=" ",0,ROUND(SUM(AE27:AF27),2)) -> 0.56 | AH27: =VLOOKUP(AG27,$IK$5000:$IU$5300,3) -> 10.78 | AK27: 24 | AL27: 0.22 | AN27: =IF(AL27=" ",0,ROUND(SUM(AL27:AM27),2)) -> 0.22 | AO27: =VLOOKUP(AN27,$IK$5000:$IU$5300,3) -> 2.69 | AR27: 24 | AS27: 0.42 | AU27: =IF(AS27=" ",0,ROUND(SUM(AS27:AT27),2)) -> 0.42 | AV27: =VLOOKUP(AU27,$IK$5000:$IU$5300,3) -> 7.26 | AY27: 24 | AZ27: 0.49 | BB27: =IF(AZ27=" ",0,ROUND(SUM(AZ27:BA27),2)) -> 0.49 | BC27: =VLOOKUP(BB27,$IK$5000:$IU$5300,3) -> 8.87 | BF27: 24 | BG27: 1.07 | BI27: =IF(BG27=" ",0,ROUND(SUM(BG27:BH27),2)) -> 1.07 | BJ27: =VLOOKUP(BI27,$IK$5000:$IU$5300,3) -> 27.521 | BM27: 24 | BN27: 0.42 | BP27: =IF(BN27=" ",0,ROUND(SUM(BN27:BO27),2)) -> 0.42 | BQ27: =VLOOKUP(BP27,$IK$5000:$IU$5300,3) -> 7.26 | BT27: 24 | BU27: 0.66 | BW27: =IF(BU27=" ",0,ROUND(SUM(BU27:BV27),2)) -> 0.66 | BX27: =VLOOKUP(BW27,$IK$5000:$IU$5300,3) -> 13.64 | CD27: =IF(CB27=" ",0,ROUND(SUM(CB27:CC27),2)) -> 0 | CE27: =VLOOKUP(CD27,$IK$5000:$IU$5300,3) -> 0 | CG27: 14 | CH27: =IF(B27=" ",F27,B27*F27/24) -> 0 | CI27: =IF(I27=" ",M27,I27*M27/24) -> 0 | CJ27: =IF(P27=" ",T27,P27*T27/24) -> 14.51 | CK27: =IF(W27=" ",AA27,W27*AA27/24) -> 20.1 | CL27: =IF(AD27=" ",AH27,AD27*AH27/24) -> 10.78 | CM27: =IF(AK27=" ",AO27,AK27*AO27/24) -> 2.69 | CN27: =IF(AR27=" ",AV27,AR27*AV27/24) -> 7.26 | CO27: =IF(AY27=" ",BC27,AY27*BC27/24) -> 8.87 | CP27: =IF(BF27=" ",BJ27,BF27*BJ27/24) -> 27.521 | CQ27: =IF(BM27=" ",BQ27,BM27*BQ27/24) -> 7.26 | CR27: =IF(BT27=" ",BX27,BT27*BX27/24) -> 13.64 | CS27: =IF(CA27=" ",CE27,CA27*CE27/24) -> 0
A28: 15 | E28: =IF(C28=" ",0,ROUND(SUM(C28:D28),2)) -> 0 | F28: =VLOOKUP(E28,$IK$5000:$IU$5300,3) -> 0 | L28: =IF(J28=" ",0,ROUND(SUM(J28:K28),2)) -> 0 | M28: =VLOOKUP(L28,$IK$5000:$IU$5300,3) -> 0 | P28: 24 | Q28: 0.7 | S28: =IF(Q28=" ",0,ROUND(SUM(Q28:R28),2)) -> 0.7 | T28: =VLOOKUP(S28,$IK$5000:$IU$5300,3) -> 14.8 | W28: 24 | X28: 0.84 | Z28: =IF(X28=" ",0,ROUND(SUM(X28:Y28),2)) -> 0.84 | AA28: =VLOOKUP(Z28,$IK$5000:$IU$5300,3) -> 19.4 | AD28: 24 | AE28: 0.54 | AG28: =IF(AE28=" ",0,ROUND(SUM(AE28:AF28),2)) -> 0.54 | AH28: =VLOOKUP(AG28,$IK$5000:$IU$5300,3) -> 10.22 | AK28: 24 | AL28: 0 | AN28: =IF(AL28=" ",0,ROUND(SUM(AL28:AM28),2)) -> 0 | AO28: =VLOOKUP(AN28,$IK$5000:$IU$5300,3) -> 0 | AR28: 24 | AS28: 0.53 | AU28: =IF(AS28=" ",0,ROUND(SUM(AS28:AT28),2)) -> 0.53 | AV28: =VLOOKUP(AU28,$IK$5000:$IU$5300,3) -> 9.94 | AY28: 24 | AZ28: 0.58 | BB28: =IF(AZ28=" ",0,ROUND(SUM(AZ28:BA28),2)) -> 0.58 | BC28: =VLOOKUP(BB28,$IK$5000:$IU$5300,3) -> 11.34 | BF28: 24 | BG28: 0.92 | BI28: =IF(BG28=" ",0,ROUND(SUM(BG28:BH28),2)) -> 0.92 | BJ28: =VLOOKUP(BI28,$IK$5000:$IU$5300,3) -> 22.14 | BM28: 24 | BN28: 0.44 | BP28: =IF(BN28=" ",0,ROUND(SUM(BN28:BO28),2)) -> 0.44 | BQ28: =VLOOKUP(BP28,$IK$5000:$IU$5300,3) -> 7.72 | BT28: 24 | BU28: 0.69 | BW28: =IF(BU28=" ",0,ROUND(SUM(BU28:BV28),2)) -> 0.69 | BX28: =VLOOKUP(BW28,$IK$5000:$IU$5300,3) -> 14.51 | CD28: =IF(CB28=" ",0,ROUND(SUM(CB28:CC28),2)) -> 0 | CE28: =VLOOKUP(CD28,$IK$5000:$IU$5300,3) -> 0 | CG28: 15 | CH28: =IF(B28=" ",F28,B28*F28/24) -> 0 | CI28: =IF(I28=" ",M28,I28*M28/24) -> 0 | CJ28: =IF(P28=" ",T28,P28*T28/24) -> 14.8 | CK28: =IF(W28=" ",AA28,W28*AA28/24) -> 19.4 | CL28: =IF(AD28=" ",AH28,AD28*AH28/24) -> 10.22 | CM28: =IF(AK28=" ",AO28,AK28*AO28/24) -> 0 | CN28: =IF(AR28=" ",AV28,AR28*AV28/24) -> 9.94 | CO28: =IF(AY28=" ",BC28,AY28*BC28/24) -> 11.34 | CP28: =IF(BF28=" ",BJ28,BF28*BJ28/24) -> 22.14 | CQ28: =IF(BM28=" ",BQ28,BM28*BQ28/24) -> 7.72 | CR28: =IF(BT28=" ",BX28,BT28*BX28/24) -> 14.51 | CS28: =IF(CA28=" ",CE28,CA28*CE28/24) -> 0
A29: 16 | E29: =IF(C29=" ",0,ROUND(SUM(C29:D29),2)) -> 0 | F29: =VLOOKUP(E29,$IK$5000:$IU$5300,3) -> 0 | L29: =IF(J29=" ",0,ROUND(SUM(J29:K29),2)) -> 0 | M29: =VLOOKUP(L29,$IK$5000:$IU$5300,3) -> 0 | P29: 24 | Q29: 0.69 | S29: =IF(Q29=" ",0,ROUND(SUM(Q29:R29),2)) -> 0.69 | T29: =VLOOKUP(S29,$IK$5000:$IU$5300,3) -> 14.51 | W29: 24 | X29: 0.82 | Z29: =IF(X29=" ",0,ROUND(SUM(X29:Y29),2)) -> 0.82 | AA29: =VLOOKUP(Z29,$IK$5000:$IU$5300,3) -> 18.7 | AD29: 24 | AE29: 0.53 | AG29: =IF(AE29=" ",0,ROUND(SUM(AE29:AF29),2)) -> 0.53 | AH29: =VLOOKUP(AG29,$IK$5000:$IU$5300,3) -> 9.94 | AK29: 24 | AL29: 0.15 | AN29: =IF(AL29=" ",0,ROUND(SUM(AL29:AM29),2)) -> 0.15 | AO29: =VLOOKUP(AN29,$IK$5000:$IU$5300,3) -> 1.54 | AR29: 24 | AS29: 0.45 | AU29: =IF(AS29=" ",0,ROUND(SUM(AS29:AT29),2)) -> 0.45 | AV29: =VLOOKUP(AU29,$IK$5000:$IU$5300,3) -> 7.95 | AY29: 24 | AZ29: 0.54 | BB29: =IF(AZ29=" ",0,ROUND(SUM(AZ29:BA29),2)) -> 0.54 | BC29: =VLOOKUP(BB29,$IK$5000:$IU$5300,3) -> 10.22 | BF29: 24 | BG29: 0.78 | BI29: =IF(BG29=" ",0,ROUND(SUM(BG29:BH29),2)) -> 0.78 | BJ29: =VLOOKUP(BI29,$IK$5000:$IU$5300,3) -> 17.36 | BM29: 24 | BN29: 0.43 | BP29: =IF(BN29=" ",0,ROUND(SUM(BN29:BO29),2)) -> 0.43 | BQ29: =VLOOKUP(BP29,$IK$5000:$IU$5300,3) -> 7.49 | BT29: 24 | BU29: 0.67 | BW29: =IF(BU29=" ",0,ROUND(SUM(BU29:BV29),2)) -> 0.67 | BX29: =VLOOKUP(BW29,$IK$5000:$IU$5300,3) -> 13.93 | CD29: =IF(CB29=" ",0,ROUND(SUM(CB29:CC29),2)) -> 0 | CE29: =VLOOKUP(CD29,$IK$5000:$IU$5300,3) -> 0 | CG29: 16 | CH29: =IF(B29=" ",F29,B29*F29/24) -> 0 | CI29: =IF(I29=" ",M29,I29*M29/24) -> 0 | CJ29: =IF(P29=" ",T29,P29*T29/24) -> 14.51 | CK29: =IF(W29=" ",AA29,W29*AA29/24) -> 18.7 | CL29: =IF(AD29=" ",AH29,AD29*AH29/24) -> 9.94 | CM29: =IF(AK29=" ",AO29,AK29*AO29/24) -> 1.54 | CN29: =IF(AR29=" ",AV29,AR29*AV29/24) -> 7.95 | CO29: =IF(AY29=" ",BC29,AY29*BC29/24) -> 10.22 | CP29: =IF(BF29=" ",BJ29,BF29*BJ29/24) -> 17.36 | CQ29: =IF(BM29=" ",BQ29,BM29*BQ29/24) -> 7.49 | CR29: =IF(BT29=" ",BX29,BT29*BX29/24) -> 13.93 | CS29: =IF(CA29=" ",CE29,CA29*CE29/24) -> 0
A30: 17 | E30: =IF(C30=" ",0,ROUND(SUM(C30:D30),2)) -> 0 | F30: =VLOOKUP(E30,$IK$5000:$IU$5300,3) -> 0 | L30: =IF(J30=" ",0,ROUND(SUM(J30:K30),2)) -> 0 | M30: =VLOOKUP(L30,$IK$5000:$IU$5300,3) -> 0 | P30: 24 | Q30: 0.69 | S30: =IF(Q30=" ",0,ROUND(SUM(Q30:R30),2)) -> 0.69 | T30: =VLOOKUP(S30,$IK$5000:$IU$5300,3) -> 14.51 | W30: 24 | X30: 0.8 | Z30: =IF(X30=" ",0,ROUND(SUM(X30:Y30),2)) -> 0.8 | AA30: =VLOOKUP(Z30,$IK$5000:$IU$5300,3) -> 18 | AD30: 24 | AE30: 0.5 | AG30: =IF(AE30=" ",0,ROUND(SUM(AE30:AF30),2)) -> 0.5 | AH30: =VLOOKUP(AG30,$IK$5000:$IU$5300,3) -> 9.1 | AK30: 24 | AL30: 0.15 | AN30: =IF(AL30=" ",0,ROUND(SUM(AL30:AM30),2)) -> 0.15 | AO30: =VLOOKUP(AN30,$IK$5000:$IU$5300,3) -> 1.54 | AR30: 24 | AS30: 0.56 | AU30: =IF(AS30=" ",0,ROUND(SUM(AS30:AT30),2)) -> 0.56 | AV30: =VLOOKUP(AU30,$IK$5000:$IU$5300,3) -> 10.78 | AY30: 24 | AZ30: 0.53 | BB30: =IF(AZ30=" ",0,ROUND(SUM(AZ30:BA30),2)) -> 0.53 | BC30: =VLOOKUP(BB30,$IK$5000:$IU$5300,3) -> 9.94 | BF30: 24 | BG30: 0.75 | BI30: =IF(BG30=" ",0,ROUND(SUM(BG30:BH30),2)) -> 0.75 | BJ30: =VLOOKUP(BI30,$IK$5000:$IU$5300,3) -> 16.4 | BM30: 24 | BN30: 0.63 | BP30: =IF(BN30=" ",0,ROUND(SUM(BN30:BO30),2)) -> 0.63 | BQ30: =VLOOKUP(BP30,$IK$5000:$IU$5300,3) -> 12.77 | BT30: 24 | BU30: 0.62 | BW30: =IF(BU30=" ",0,ROUND(SUM(BU30:BV30),2)) -> 0.62 | BX30: =VLOOKUP(BW30,$IK$5000:$IU$5300,3) -> 12.48 | CD30: =IF(CB30=" ",0,ROUND(SUM(CB30:CC30),2)) -> 0 | CE30: =VLOOKUP(CD30,$IK$5000:$IU$5300,3) -> 0 | CG30: 17 | CH30: =IF(B30=" ",F30,B30*F30/24) -> 0 | CI30: =IF(I30=" ",M30,I30*M30/24) -> 0 | CJ30: =IF(P30=" ",T30,P30*T30/24) -> 14.51 | CK30: =IF(W30=" ",AA30,W30*AA30/24) -> 18 | CL30: =IF(AD30=" ",AH30,AD30*AH30/24) -> 9.1 | CM30: =IF(AK30=" ",AO30,AK30*AO30/24) -> 1.54 | CN30: =IF(AR30=" ",AV30,AR30*AV30/24) -> 10.78 | CO30: =IF(AY30=" ",BC30,AY30*BC30/24) -> 9.94 | CP30: =IF(BF30=" ",BJ30,BF30*BJ30/24) -> 16.4 | CQ30: =IF(BM30=" ",BQ30,BM30*BQ30/24) -> 12.77 | CR30: =IF(BT30=" ",BX30,BT30*BX30/24) -> 12.48 | CS30: =IF(CA30=" ",CE30,CA30*CE30/24) -> 0
A31: 18 | E31: =IF(C31=" ",0,ROUND(SUM(C31:D31),2)) -> 0 | F31: =VLOOKUP(E31,$IK$5000:$IU$5300,3) -> 0 | L31: =IF(J31=" ",0,ROUND(SUM(J31:K31),2)) -> 0 | M31: =VLOOKUP(L31,$IK$5000:$IU$5300,3) -> 0 | P31: 24 | Q31: 0.94 | S31: =IF(Q31=" ",0,ROUND(SUM(Q31:R31),2)) -> 0.94 | T31: =VLOOKUP(S31,$IK$5000:$IU$5300,3) -> 22.78 | W31: 24 | X31: 0.82 | Z31: =IF(X31=" ",0,ROUND(SUM(X31:Y31),2)) -> 0.82 | AA31: =VLOOKUP(Z31,$IK$5000:$IU$5300,3) -> 18.7 | AD31: 24 | AE31: 0.42 | AG31: =IF(AE31=" ",0,ROUND(SUM(AE31:AF31),2)) -> 0.42 | AH31: =VLOOKUP(AG31,$IK$5000:$IU$5300,3) -> 7.26 | AK31: 24 | AL31: 0.09 | AN31: =IF(AL31=" ",0,ROUND(SUM(AL31:AM31),2)) -> 0.09 | AO31: =VLOOKUP(AN31,$IK$5000:$IU$5300,3) -> 0.7 | AR31: 24 | AS31: 0.54 | AU31: =IF(AS31=" ",0,ROUND(SUM(AS31:AT31),2)) -> 0.54 | AV31: =VLOOKUP(AU31,$IK$5000:$IU$5300,3) -> 10.22 | AY31: 24 | AZ31: 0.51 | BB31: =IF(AZ31=" ",0,ROUND(SUM(AZ31:BA31),2)) -> 0.51 | BC31: =VLOOKUP(BB31,$IK$5000:$IU$5300,3) -> 9.38 | BF31: 24 | BG31: 0.8 | BI31: =IF(BG31=" ",0,ROUND(SUM(BG31:BH31),2)) -> 0.8 | BJ31: =VLOOKUP(BI31,$IK$5000:$IU$5300,3) -> 18 | BM31: 24 | BN31: 0.7 | BP31: =IF(BN32=" ",0,ROUND(SUM(BN31:BO31),2)) -> 0.7 | BQ31: =VLOOKUP(BP31,$IK$5000:$IU$5300,3) -> 14.8 | BT31: 24 | BU31: 0.67 | BW31: =IF(BU31=" ",0,ROUND(SUM(BU31:BV31),2)) -> 0.67 | BX31: =VLOOKUP(BW31,$IK$5000:$IU$5300,3) -> 13.93 | CD31: =IF(CB31=" ",0,ROUND(SUM(CB31:CC31),2)) -> 0 | CE31: =VLOOKUP(CD31,$IK$5000:$IU$5300,3) -> 0 | CG31: 18 | CH31: =IF(B31=" ",F31,B31*F31/24) -> 0 | CI31: =IF(I31=" ",M31,I31*M31/24) -> 0 | CJ31: =IF(P31=" ",T31,P31*T31/24) -> 22.78 | CK31: =IF(W31=" ",AA31,W31*AA31/24) -> 18.7 | CL31: =IF(AD31=" ",AH31,AD31*AH31/24) -> 7.26 | CM31: =IF(AK31=" ",AO31,AK31*AO31/24) -> 0.7 | CN31: =IF(AR31=" ",AV31,AR31*AV31/24) -> 10.22 | CO31: =IF(AY31=" ",BC31,AY31*BC31/24) -> 9.38 | CP31: =IF(BF31=" ",BJ31,BF31*BJ31/24) -> 18 | CQ31: =IF(BM31=" ",BQ31,BM31*BQ31/24) -> 14.8 | CR31: =IF(BT31=" ",BX31,BT31*BX31/24) -> 13.93 | CS31: =IF(CA31=" ",CE31,CA31*CE31/24) -> 0
A32: 19 | E32: =IF(C32=" ",0,ROUND(SUM(C32:D32),2)) -> 0 | F32: =VLOOKUP(E32,$IK$5000:$IU$5300,3) -> 0 | L32: =IF(J32=" ",0,ROUND(SUM(J32:K32),2)) -> 0 | M32: =VLOOKUP(L32,$IK$5000:$IU$5300,3) -> 0 | P32: 24 | Q32: 1.01 | S32: =IF(Q32=" ",0,ROUND(SUM(Q32:R32),2)) -> 1.01 | T32: =VLOOKUP(S32,$IK$5000:$IU$5300,3) -> 25.103 | W32: 24 | X32: 0.81 | Z32: =IF(X32=" ",0,ROUND(SUM(X32:Y32),2)) -> 0.81 | AA32: =VLOOKUP(Z32,$IK$5000:$IU$5300,3) -> 18.35 | AD32: 24 | AE32: 0.45 | AG32: =IF(AE32=" ",0,ROUND(SUM(AE32:AF32),2)) -> 0.45 | AH32: =VLOOKUP(AG32,$IK$5000:$IU$5300,3) -> 7.95 | AK32: 24 | AL32: 0.3 | AN32: =IF(AL32=" ",0,ROUND(SUM(AL32:AM32),2)) -> 0.3 | AO32: =VLOOKUP(AN32,$IK$5000:$IU$5300,3) -> 4.25 | AR32: 24 | AS32: 0.5 | AU32: =IF(AS32=" ",0,ROUND(SUM(AS32:AT32),2)) -> 0.5 | AV32: =VLOOKUP(AU32,$IK$5000:$IU$5300,3) -> 9.1 | AY32: 24 | AZ32: 0.48 | BB32: =IF(AZ32=" ",0,ROUND(SUM(AZ32:BA32),2)) -> 0.48 | BC32: =VLOOKUP(BB32,$IK$5000:$IU$5300,3) -> 8.64 | BF32: 24 | BG32: 0.88 | BI32: =IF(BG32=" ",0,ROUND(SUM(BG32:BH32),2)) -> 0.88 | BJ32: =VLOOKUP(BI32,$IK$5000:$IU$5300,3) -> 20.8 | BM32: 24 | BN32: 0.68 | BP32: =IF(BN33=" ",0,ROUND(SUM(BN32:BO32),2)) -> 0.68 | BQ32: =VLOOKUP(BP32,$IK$5000:$IU$5300,3) -> 14.22 | BT32: 24 | BU32: 0.68 | BW32: =IF(BU32=" ",0,ROUND(SUM(BU32:BV32),2)) -> 0.68 | BX32: =VLOOKUP(BW32,$IK$5000:$IU$5300,3) -> 14.22 | CD32: =IF(CB32=" ",0,ROUND(SUM(CB32:CC32),2)) -> 0 | CE32: =VLOOKUP(CD32,$IK$5000:$IU$5300,3) -> 0 | CG32: 19 | CH32: =IF(B32=" ",F32,B32*F32/24) -> 0 | CI32: =IF(I32=" ",M32,I32*M32/24) -> 0 | CJ32: =IF(P32=" ",T32,P32*T32/24) -> 25.103 | CK32: =IF(W32=" ",AA32,W32*AA32/24) -> 18.35 | CL32: =IF(AD32=" ",AH32,AD32*AH32/24) -> 7.95 | CM32: =IF(AK32=" ",AO32,AK32*AO32/24) -> 4.25 | CN32: =IF(AR32=" ",AV32,AR32*AV32/24) -> 9.1 | CO32: =IF(AY32=" ",BC32,AY32*BC32/24) -> 8.64 | CP32: =IF(BF32=" ",BJ32,BF32*BJ32/24) -> 20.8 | CQ32: =IF(BM32=" ",BQ32,BM32*BQ32/24) -> 14.22 | CR32: =IF(BT32=" ",BX32,BT32*BX32/24) -> 14.22 | CS32: =IF(CA32=" ",CE32,CA32*CE32/24) -> 0
A33: 20 | E33: =IF(C33=" ",0,ROUND(SUM(C33:D33),2)) -> 0 | F33: =VLOOKUP(E33,$IK$5000:$IU$5300,3) -> 0 | L33: =IF(J33=" ",0,ROUND(SUM(J33:K33),2)) -> 0 | M33: =VLOOKUP(L33,$IK$5000:$IU$5300,3) -> 0 | P33: 24 | Q33: 1 | S33: =IF(Q33=" ",0,ROUND(SUM(Q33:R33),2)) -> 1 | T33: =VLOOKUP(S33,$IK$5000:$IU$5300,3) -> 24.7 | W33: 24 | X33: 0.8 | Z33: =IF(X33=" ",0,ROUND(SUM(X33:Y33),2)) -> 0.8 | AA33: =VLOOKUP(Z33,$IK$5000:$IU$5300,3) -> 18 | AD33: 24 | AE33: 0.46 | AG33: =IF(AE33=" ",0,ROUND(SUM(AE33:AF33),2)) -> 0.46 | AH33: =VLOOKUP(AG33,$IK$5000:$IU$5300,3) -> 8.18 | AK33: 24 | AL33: 0.15 | AN33: =IF(AL33=" ",0,ROUND(SUM(AL33:AM33),2)) -> 0.15 | AO33: =VLOOKUP(AN33,$IK$5000:$IU$5300,3) -> 1.54 | AR33: 24 | AS33: 0.45 | AU33: =IF(AS33=" ",0,ROUND(SUM(AS33:AT33),2)) -> 0.45 | AV33: =VLOOKUP(AU33,$IK$5000:$IU$5300,3) -> 7.95 | AY33: 24 | AZ33: 0.57 | BB33: =IF(AZ33=" ",0,ROUND(SUM(AZ33:BA33),2)) -> 0.57 | BC33: =VLOOKUP(BB33,$IK$5000:$IU$5300,3) -> 11.06 | BF33: 24 | BG33: 0.85 | BI33: =IF(BG33=" ",0,ROUND(SUM(BG33:BH33),2)) -> 0.85 | BJ33: =VLOOKUP(BI33,$IK$5000:$IU$5300,3) -> 19.75 | BM33: 24 | BN33: 0.67 | BP33: =IF(BN34=" ",0,ROUND(SUM(BN33:BO33),2)) -> 0.67 | BQ33: =VLOOKUP(BP33,$IK$5000:$IU$5300,3) -> 13.93 | BT33: 24 | BU33: 0.68 | BW33: =IF(BU33=" ",0,ROUND(SUM(BU33:BV33),2)) -> 0.68 | BX33: =VLOOKUP(BW33,$IK$5000:$IU$5300,3) -> 14.22 | CD33: =IF(CB33=" ",0,ROUND(SUM(CB33:CC33),2)) -> 0 | CE33: =VLOOKUP(CD33,$IK$5000:$IU$5300,3) -> 0 | CG33: 20 | CH33: =IF(B33=" ",F33,B33*F33/24) -> 0 | CI33: =IF(I33=" ",M33,I33*M33/24) -> 0 | CJ33: =IF(P33=" ",T33,P33*T33/24) -> 24.7 | CK33: =IF(W33=" ",AA33,W33*AA33/24) -> 18 | CL33: =IF(AD33=" ",AH33,AD33*AH33/24) -> 8.18 | CM33: =IF(AK33=" ",AO33,AK33*AO33/24) -> 1.54 | CN33: =IF(AR33=" ",AV33,AR33*AV33/24) -> 7.95 | CO33: =IF(AY33=" ",BC33,AY33*BC33/24) -> 11.06 | CP33: =IF(BF33=" ",BJ33,BF33*BJ33/24) -> 19.75 | CQ33: =IF(BM33=" ",BQ33,BM33*BQ33/24) -> 13.93 | CR33: =IF(BT33=" ",BX33,BT33*BX33/24) -> 14.22 | CS33: =IF(CA33=" ",CE33,CA33*CE33/24) -> 0
A34: 21 | E34: =IF(C34=" ",0,ROUND(SUM(C34:D34),2)) -> 0 | F34: =VLOOKUP(E34,$IK$5000:$IU$5300,3) -> 0 | L34: =IF(J34=" ",0,ROUND(SUM(J34:K34),2)) -> 0 | M34: =VLOOKUP(L34,$IK$5000:$IU$5300,3) -> 0 | P34: 24 | Q34: 0.96 | S34: =IF(Q34=" ",0,ROUND(SUM(Q34:R34),2)) -> 0.96 | T34: =VLOOKUP(S34,$IK$5000:$IU$5300,3) -> 23.42 | W34: 24 | X34: 0.79 | Z34: =IF(X34=" ",0,ROUND(SUM(X34:Y34),2)) -> 0.79 | AA34: =VLOOKUP(Z34,$IK$5000:$IU$5300,3) -> 17.68 | AD34: 24 | AE34: 0.48 | AG34: =IF(AE34=" ",0,ROUND(SUM(AE34:AF34),2)) -> 0.48 | AH34: =VLOOKUP(AG34,$IK$5000:$IU$5300,3) -> 8.64 | AK34: 24 | AL34: 0.06 | AN34: =IF(AL34=" ",0,ROUND(SUM(AL34:AM34),2)) -> 0.06 | AO34: =VLOOKUP(AN34,$IK$5000:$IU$5300,3) -> 0.45 | AR34: 24 | AS34: 0.46 | AU34: =IF(AS34=" ",0,ROUND(SUM(AS34:AT34),2)) -> 0.46 | AV34: =VLOOKUP(AU34,$IK$5000:$IU$5300,3) -> 8.18 | AY34: 24 | AZ34: 0.93 | BB34: =IF(AZ34=" ",0,ROUND(SUM(AZ34:BA34),2)) -> 0.93 | BC34: =VLOOKUP(BB34,$IK$5000:$IU$5300,3) -> 22.46 | BF34: 24 | BG34: 0.82 | BI34: =IF(BG34=" ",0,ROUND(SUM(BG34:BH34),2)) -> 0.82 | BJ34: =VLOOKUP(BI34,$IK$5000:$IU$5300,3) -> 18.7 | BM34: 24 | BN34: 0.66 | BP34: =IF(BN35=" ",0,ROUND(SUM(BN34:BO34),2)) -> 0.66 | BQ34: =VLOOKUP(BP34,$IK$5000:$IU$5300,3) -> 13.64 | BT34: 24 | BU34: 0.82 | BW34: =IF(BU34=" ",0,ROUND(SUM(BU34:BV34),2)) -> 0.82 | BX34: =VLOOKUP(BW34,$IK$5000:$IU$5300,3) -> 18.7 | CD34: =IF(CB34=" ",0,ROUND(SUM(CB34:CC34),2)) -> 0 | CE34: =VLOOKUP(CD34,$IK$5000:$IU$5300,3) -> 0 | CG34: 21 | CH34: =IF(B34=" ",F34,B34*F34/24) -> 0 | CI34: =IF(I34=" ",M34,I34*M34/24) -> 0 | CJ34: =IF(P34=" ",T34,P34*T34/24) -> 23.42 | CK34: =IF(W34=" ",AA34,W34*AA34/24) -> 17.68 | CL34: =IF(AD34=" ",AH34,AD34*AH34/24) -> 8.64 | CM34: =IF(AK34=" ",AO34,AK34*AO34/24) -> 0.45 | CN34: =IF(AR34=" ",AV34,AR34*AV34/24) -> 8.18 | CO34: =IF(AY34=" ",BC34,AY34*BC34/24) -> 22.46 | CP34: =IF(BF34=" ",BJ34,BF34*BJ34/24) -> 18.7 | CQ34: =IF(BM34=" ",BQ34,BM34*BQ34/24) -> 13.64 | CR34: =IF(BT34=" ",BX34,BT34*BX34/24) -> 18.7 | CS34: =IF(CA34=" ",CE34,CA34*CE34/24) -> 0
A35: 22 | E35: =IF(C35=" ",0,ROUND(SUM(C35:D35),2)) -> 0 | F35: =VLOOKUP(E35,$IK$5000:$IU$5300,3) -> 0 | L35: =IF(J35=" ",0,ROUND(SUM(J35:K35),2)) -> 0 | M35: =VLOOKUP(L35,$IK$5000:$IU$5300,3) -> 0 | P35: 24 | Q35: 0.99 | S35: =IF(Q35=" ",0,ROUND(SUM(Q35:R35),2)) -> 0.99 | T35: =VLOOKUP(S35,$IK$5000:$IU$5300,3) -> 24.38 | W35: 24 | X35: 0.77 | Z35: =IF(X35=" ",0,ROUND(SUM(X35:Y35),2)) -> 0.77 | AA35: =VLOOKUP(Z35,$IK$5000:$IU$5300,3) -> 17.04 | AD35: 24 | AE35: 0.4 | AG35: =IF(AE35=" ",0,ROUND(SUM(AE35:AF35),2)) -> 0.4 | AH35: =VLOOKUP(AG35,$IK$5000:$IU$5300,3) -> 6.8 | AK35: 24 | AL35: 0.1 | AN35: =IF(AL35=" ",0,ROUND(SUM(AL35:AM35),2)) -> 0.1 | AO35: =VLOOKUP(AN35,$IK$5000:$IU$5300,3) -> 0.78 | AR35: 24 | AS35: 0.6 | AU35: =IF(AS35=" ",0,ROUND(SUM(AS35:AT35),2)) -> 0.6 | AV35: =VLOOKUP(AU35,$IK$5000:$IU$5300,3) -> 11.9 | AY35: 24 | AZ35: 1.15 | BB35: =IF(AZ35=" ",0,ROUND(SUM(AZ35:BA35),2)) -> 1.15 | BC35: =VLOOKUP(BB35,$IK$5000:$IU$5300,3) -> 30.745 | BF35: 24 | BG35: 0.88 | BI35: =IF(BG35=" ",0,ROUND(SUM(BG35:BH35),2)) -> 0.88 | BJ35: =VLOOKUP(BI35,$IK$5000:$IU$5300,3) -> 20.8 | BM35: 24 | BN35: 0.65 | BP35: =IF(BN36=" ",0,ROUND(SUM(BN35:BO35),2)) -> 0.65 | BQ35: =VLOOKUP(BP35,$IK$5000:$IU$5300,3) -> 13.35 | BT35: 24 | BU35: 0.81 | BW35: =IF(BU35=" ",0,ROUND(SUM(BU35:BV35),2)) -> 0.81 | BX35: =VLOOKUP(BW35,$IK$5000:$IU$5300,3) -> 18.35 | CD35: =IF(CB35=" ",0,ROUND(SUM(CB35:CC35),2)) -> 0 | CE35: =VLOOKUP(CD35,$IK$5000:$IU$5300,3) -> 0 | CG35: 22 | CH35: =IF(B35=" ",F35,B35*F35/24) -> 0 | CI35: =IF(I35=" ",M35,I35*M35/24) -> 0 | CJ35: =IF(P35=" ",T35,P35*T35/24) -> 24.38 | CK35: =IF(W35=" ",AA35,W35*AA35/24) -> 17.04 | CL35: =IF(AD35=" ",AH35,AD35*AH35/24) -> 6.8 | CM35: =IF(AK35=" ",AO35,AK35*AO35/24) -> 0.78 | CN35: =IF(AR35=" ",AV35,AR35*AV35/24) -> 11.9 | CO35: =IF(AY35=" ",BC35,AY35*BC35/24) -> 30.745 | CP35: =IF(BF35=" ",BJ35,BF35*BJ35/24) -> 20.8 | CQ35: =IF(BM35=" ",BQ35,BM35*BQ35/24) -> 13.35 | CR35: =IF(BT35=" ",BX35,BT35*BX35/24) -> 18.35 | CS35: =IF(CA35=" ",CE35,CA35*CE35/24) -> 0
A36: 23 | E36: =IF(C36=" ",0,ROUND(SUM(C36:D36),2)) -> 0 | F36: =VLOOKUP(E36,$IK$5000:$IU$5300,3) -> 0 | I36: 24 | L36: =IF(J36=" ",0,ROUND(SUM(J36:K36),2)) -> 0 | M36: =VLOOKUP(L36,$IK$5000:$IU$5300,3) -> 0 | P36: 24 | Q36: 0.86 | S36: =IF(Q36=" ",0,ROUND(SUM(Q36:R36),2)) -> 0.86 | T36: =VLOOKUP(S36,$IK$5000:$IU$5300,3) -> 20.1 | W36: 24 | X36: 0.76 | Z36: =IF(X36=" ",0,ROUND(SUM(X36:Y36),2)) -> 0.76 | AA36: =VLOOKUP(Z36,$IK$5000:$IU$5300,3) -> 16.72 | AD36: 24 | AE36: 0.36 | AG36: =IF(AE36=" ",0,ROUND(SUM(AE36:AF36),2)) -> 0.36 | AH36: =VLOOKUP(AG36,$IK$5000:$IU$5300,3) -> 5.78 | AK36: 24 | AL36: 0.07 | AN36: =IF(AL36=" ",0,ROUND(SUM(AL36:AM36),2)) -> 0.07 | AO36: =VLOOKUP(AN36,$IK$5000:$IU$5300,3) -> 0.535 | AR36: 24 | AS36: 0.84 | AU36: =IF(AS36=" ",0,ROUND(SUM(AS36:AT36),2)) -> 0.84 | AV36: =VLOOKUP(AU36,$IK$5000:$IU$5300,3) -> 19.4 | AY36: 24 | AZ36: 0.99 | BB36: =IF(AZ36=" ",0,ROUND(SUM(AZ36:BA36),2)) -> 0.99 | BC36: =VLOOKUP(BB36,$IK$5000:$IU$5300,3) -> 24.38 | BF36: 24 | BG36: 0.77 | BI36: =IF(BG36=" ",0,ROUND(SUM(BG36:BH36),2)) -> 0.77 | BJ36: =VLOOKUP(BI36,$IK$5000:$IU$5300,3) -> 17.04 | BM36: 24 | BN36: 0.64 | BP36: =IF(BN37=" ",0,ROUND(SUM(BN36:BO36),2)) -> 0.64 | BQ36: =VLOOKUP(BP36,$IK$5000:$IU$5300,3) -> 13.06 | BT36: 24 | BU36: 0.82 | BW36: =IF(BU36=" ",0,ROUND(SUM(BU36:BV36),2)) -> 0.82 | BX36: =VLOOKUP(BW36,$IK$5000:$IU$5300,3) -> 18.7 | CD36: =IF(CB36=" ",0,ROUND(SUM(CB36:CC36),2)) -> 0 | CE36: =VLOOKUP(CD36,$IK$5000:$IU$5300,3) -> 0 | CG36: 23 | CH36: =IF(B36=" ",F36,B36*F36/24) -> 0 | CI36: =IF(I36=" ",M36,I36*M36/24) -> 0 | CJ36: =IF(P36=" ",T36,P36*T36/24) -> 20.1 | CK36: =IF(W36=" ",AA36,W36*AA36/24) -> 16.72 | CL36: =IF(AD36=" ",AH36,AD36*AH36/24) -> 5.78 | CM36: =IF(AK36=" ",AO36,AK36*AO36/24) -> 0.535 | CN36: =IF(AR36=" ",AV36,AR36*AV36/24) -> 19.4 | CO36: =IF(AY36=" ",BC36,AY36*BC36/24) -> 24.38 | CP36: =IF(BF36=" ",BJ36,BF36*BJ36/24) -> 17.04 | CQ36: =IF(BM36=" ",BQ36,BM36*BQ36/24) -> 13.06 | CR36: =IF(BT36=" ",BX36,BT36*BX36/24) -> 18.7 | CS36: =IF(CA36=" ",CE36,CA36*CE36/24) -> 0
A37: 24 | E37: =IF(C37=" ",0,ROUND(SUM(C37:D37),2)) -> 0 | F37: =VLOOKUP(E37,$IK$5000:$IU$5300,3) -> 0 | I37: 24 | L37: =IF(J37=" ",0,ROUND(SUM(J37:K37),2)) -> 0 | M37: =VLOOKUP(L37,$IK$5000:$IU$5300,3) -> 0 | P37: 24 | Q37: 0.89 | S37: =IF(Q37=" ",0,ROUND(SUM(Q37:R37),2)) -> 0.89 | T37: =VLOOKUP(S37,$IK$5000:$IU$5300,3) -> 21.15 | W37: 24 | X37: 0.76 | Z37: =IF(X37=" ",0,ROUND(SUM(X37:Y37),2)) -> 0.76 | AA37: =VLOOKUP(Z37,$IK$5000:$IU$5300,3) -> 16.72 | AD37: 24 | AE37: 0.64 | AG37: =IF(AE37=" ",0,ROUND(SUM(AE37:AF37),2)) -> 0.64 | AH37: =VLOOKUP(AG37,$IK$5000:$IU$5300,3) -> 13.06 | AK37: 24 | AL37: 0.01 | AN37: =IF(AL37=" ",0,ROUND(SUM(AL37:AM37),2)) -> 0.01 | AO37: =VLOOKUP(AN37,$IK$5000:$IU$5300,3) -> 0.05 | AR37: 24 | AS37: 0.73 | AU37: =IF(AS37=" ",0,ROUND(SUM(AS37:AT37),2)) -> 0.73 | AV37: =VLOOKUP(AU37,$IK$5000:$IU$5300,3) -> 15.76 | AY37: 24 | AZ37: 0.89 | BB37: =IF(AZ37=" ",0,ROUND(SUM(AZ37:BA37),2)) -> 0.89 | BC37: =VLOOKUP(BB37,$IK$5000:$IU$5300,3) -> 21.15 | BF37: 24 | BG37: 0.74 | BI37: =IF(BG37=" ",0,ROUND(SUM(BG37:BH37),2)) -> 0.74 | BJ37: =VLOOKUP(BI37,$IK$5000:$IU$5300,3) -> 16.08 | BM37: 24 | BN37: 0.63 | BP37: =IF(BN38=" ",0,ROUND(SUM(BN37:BO37),2)) -> 0.63 | BQ37: =VLOOKUP(BP37,$IK$5000:$IU$5300,3) -> 12.77 | BT37: 24 | BU37: 0.83 | BW37: =IF(BU37=" ",0,ROUND(SUM(BU37:BV37),2)) -> 0.83 | BX37: =VLOOKUP(BW37,$IK$5000:$IU$5300,3) -> 19.05 | CD37: =IF(CB37=" ",0,ROUND(SUM(CB37:CC37),2)) -> 0 | CE37: =VLOOKUP(CD37,$IK$5000:$IU$5300,3) -> 0 | CG37: 24 | CH37: =IF(B37=" ",F37,B37*F37/24) -> 0 | CI37: =IF(I37=" ",M37,I37*M37/24) -> 0 | CJ37: =IF(P37=" ",T37,P37*T37/24) -> 21.15 | CK37: =IF(W37=" ",AA37,W37*AA37/24) -> 16.72 | CL37: =IF(AD37=" ",AH37,AD37*AH37/24) -> 13.06 | CM37: =IF(AK37=" ",AO37,AK37*AO37/24) -> 0.05 | CN37: =IF(AR37=" ",AV37,AR37*AV37/24) -> 15.76 | CO37: =IF(AY37=" ",BC37,AY37*BC37/24) -> 21.15 | CP37: =IF(BF37=" ",BJ37,BF37*BJ37/24) -> 16.08 | CQ37: =IF(BM37=" ",BQ37,BM37*BQ37/24) -> 12.77 | CR37: =IF(BT37=" ",BX37,BT37*BX37/24) -> 19.05 | CS37: =IF(CA37=" ",CE37,CA37*CE37/24) -> 0
A38: 25 | E38: =IF(C38=" ",0,ROUND(SUM(C38:D38),2)) -> 0 | F38: =VLOOKUP(E38,$IK$5000:$IU$5300,3) -> 0 | I38: 24 | L38: =IF(J38=" ",0,ROUND(SUM(J38:K38),2)) -> 0 | M38: =VLOOKUP(L38,$IK$5000:$IU$5300,3) -> 0 | P38: 24 | Q38: 0.92 | S38: =IF(Q38=" ",0,ROUND(SUM(Q38:R38),2)) -> 0.92 | T38: =VLOOKUP(S38,$IK$5000:$IU$5300,3) -> 22.14 | W38: 24 | X38: 0.85 | Z38: =IF(X38=" ",0,ROUND(SUM(X38:Y38),2)) -> 0.85 | AA38: =VLOOKUP(Z38,$IK$5000:$IU$5300,3) -> 19.75 | AD38: 24 | AE38: 0.6 | AG38: =IF(AE38=" ",0,ROUND(SUM(AE38:AF38),2)) -> 0.6 | AH38: =VLOOKUP(AG38,$IK$5000:$IU$5300,3) -> 11.9 | AK38: 24 | AL38: 0.08 | AN38: =IF(AL38=" ",0,ROUND(SUM(AL38:AM38),2)) -> 0.08 | AO38: =VLOOKUP(AN38,$IK$5000:$IU$5300,3) -> 0.62 | AR38: 24 | AS38: 0.67 | AU38: =IF(AS38=" ",0,ROUND(SUM(AS38:AT38),2)) -> 0.67 | AV38: =VLOOKUP(AU38,$IK$5000:$IU$5300,3) -> 13.93 | AY38: 24 | AZ38: 0.79 | BB38: =IF(AZ38=" ",0,ROUND(SUM(AZ38:BA38),2)) -> 0.79 | BC38: =VLOOKUP(BB38,$IK$5000:$IU$5300,3) -> 17.68 | BF38: 24 | BG38: 0.74 | BI38: =IF(BG38=" ",0,ROUND(SUM(BG38:BH38),2)) -> 0.74 | BJ38: =VLOOKUP(BI38,$IK$5000:$IU$5300,3) -> 16.08 | BM38: 24 | BN38: 0.64 | BP38: =IF(BN39=" ",0,ROUND(SUM(BN38:BO38),2)) -> 0.64 | BQ38: =VLOOKUP(BP38,$IK$5000:$IU$5300,3) -> 13.06 | BT38: 24 | BU38: 0.82 | BW38: =IF(BU38=" ",0,ROUND(SUM(BU38:BV38),2)) -> 0.82 | BX38: =VLOOKUP(BW38,$IK$5000:$IU$5300,3) -> 18.7 | CD38: =IF(CB38=" ",0,ROUND(SUM(CB38:CC38),2)) -> 0 | CE38: =VLOOKUP(CD38,$IK$5000:$IU$5300,3) -> 0 | CG38: 25 | CH38: =IF(B38=" ",F38,B38*F38/24) -> 0 | CI38: =IF(I38=" ",M38,I38*M38/24) -> 0 | CJ38: =IF(P38=" ",T38,P38*T38/24) -> 22.14 | CK38: =IF(W38=" ",AA38,W38*AA38/24) -> 19.75 | CL38: =IF(AD38=" ",AH38,AD38*AH38/24) -> 11.9 | CM38: =IF(AK38=" ",AO38,AK38*AO38/24) -> 0.62 | CN38: =IF(AR38=" ",AV38,AR38*AV38/24) -> 13.93 | CO38: =IF(AY38=" ",BC38,AY38*BC38/24) -> 17.68 | CP38: =IF(BF38=" ",BJ38,BF38*BJ38/24) -> 16.08 | CQ38: =IF(BM38=" ",BQ38,BM38*BQ38/24) -> 13.06 | CR38: =IF(BT38=" ",BX38,BT38*BX38/24) -> 18.7 | CS38: =IF(CA38=" ",CE38,CA38*CE38/24) -> 0
A39: 26 | E39: =IF(C39=" ",0,ROUND(SUM(C39:D39),2)) -> 0 | F39: =VLOOKUP(E39,$IK$5000:$IU$5300,3) -> 0 | I39: 24 | L39: =IF(J39=" ",0,ROUND(SUM(J39:K39),2)) -> 0 | M39: =VLOOKUP(L39,$IK$5000:$IU$5300,3) -> 0 | P39: 24 | Q39: 0.92 | S39: =IF(Q39=" ",0,ROUND(SUM(Q39:R39),2)) -> 0.92 | T39: =VLOOKUP(S39,$IK$5000:$IU$5300,3) -> 22.14 | W39: 24 | X39: 0.85 | Z39: =IF(X39=" ",0,ROUND(SUM(X39:Y39),2)) -> 0.85 | AA39: =VLOOKUP(Z39,$IK$5000:$IU$5300,3) -> 19.75 | AD39: 24 | AE39: 0.59 | AG39: =IF(AE39=" ",0,ROUND(SUM(AE39:AF39),2)) -> 0.59 | AH39: =VLOOKUP(AG39,$IK$5000:$IU$5300,3) -> 11.62 | AK39: 24 | AL39: 0.07 | AN39: =IF(AL39=" ",0,ROUND(SUM(AL39:AM39),2)) -> 0.07 | AO39: =VLOOKUP(AN39,$IK$5000:$IU$5300,3) -> 0.535 | AR39: 24 | AS39: 0.6 | AU39: =IF(AS39=" ",0,ROUND(SUM(AS39:AT39),2)) -> 0.6 | AV39: =VLOOKUP(AU39,$IK$5000:$IU$5300,3) -> 11.9 | AY39: 24 | AZ39: 0.67 | BB39: =IF(AZ39=" ",0,ROUND(SUM(AZ39:BA39),2)) -> 0.67 | BC39: =VLOOKUP(BB39,$IK$5000:$IU$5300,3) -> 13.93 | BF39: 24 | BG39: 0.75 | BI39: =IF(BG39=" ",0,ROUND(SUM(BG39:BH39),2)) -> 0.75 | BJ39: =VLOOKUP(BI39,$IK$5000:$IU$5300,3) -> 16.4 | BM39: 24 | BN39: 0.66 | BP39: =IF(BN40=" ",0,ROUND(SUM(BN39:BO39),2)) -> 0.66 | BQ39: =VLOOKUP(BP39,$IK$5000:$IU$5300,3) -> 13.64 | BT39: 24 | BU39: 0.82 | BW39: =IF(BU39=" ",0,ROUND(SUM(BU39:BV39),2)) -> 0.82 | BX39: =VLOOKUP(BW39,$IK$5000:$IU$5300,3) -> 18.7 | CD39: =IF(CB39=" ",0,ROUND(SUM(CB39:CC39),2)) -> 0 | CE39: =VLOOKUP(CD39,$IK$5000:$IU$5300,3) -> 0 | CG39: 26 | CH39: =IF(B39=" ",F39,B39*F39/24) -> 0 | CI39: =IF(I39=" ",M39,I39*M39/24) -> 0 | CJ39: =IF(P39=" ",T39,P39*T39/24) -> 22.14 | CK39: =IF(W39=" ",AA39,W39*AA39/24) -> 19.75 | CL39: =IF(AD39=" ",AH39,AD39*AH39/24) -> 11.62 | CM39: =IF(AK39=" ",AO39,AK39*AO39/24) -> 0.535 | CN39: =IF(AR39=" ",AV39,AR39*AV39/24) -> 11.9 | CO39: =IF(AY39=" ",BC39,AY39*BC39/24) -> 13.93 | CP39: =IF(BF39=" ",BJ39,BF39*BJ39/24) -> 16.4 | CQ39: =IF(BM39=" ",BQ39,BM39*BQ39/24) -> 13.64 | CR39: =IF(BT39=" ",BX39,BT39*BX39/24) -> 18.7 | CS39: =IF(CA39=" ",CE39,CA39*CE39/24) -> 0
A40: 27 | E40: =IF(C40=" ",0,ROUND(SUM(C40:D40),2)) -> 0 | F40: =VLOOKUP(E40,$IK$5000:$IU$5300,3) -> 0 | I40: 24 | L40: =IF(J40=" ",0,ROUND(SUM(J40:K40),2)) -> 0 | M40: =VLOOKUP(L40,$IK$5000:$IU$5300,3) -> 0 | P40: 24 | Q40: 0.95 | S40: =IF(Q40=" ",0,ROUND(SUM(Q40:R40),2)) -> 0.95 | T40: =VLOOKUP(S40,$IK$5000:$IU$5300,3) -> 23.1 | W40: 24 | X40: 0.85 | Z40: =IF(X40=" ",0,ROUND(SUM(X40:Y40),2)) -> 0.85 | AA40: =VLOOKUP(Z40,$IK$5000:$IU$5300,3) -> 19.75 | AD40: 24 | AE40: 0.5 | AG40: =IF(AE40=" ",0,ROUND(SUM(AE40:AF40),2)) -> 0.5 | AH40: =VLOOKUP(AG40,$IK$5000:$IU$5300,3) -> 9.1 | AK40: 24 | AL40: 0.13 | AN40: =IF(AL40=" ",0,ROUND(SUM(AL40:AM40),2)) -> 0.13 | AO40: =VLOOKUP(AN40,$IK$5000:$IU$5300,3) -> 1.236 | AR40: 24 | AS40: 0.51 | AU40: =IF(AS40=" ",0,ROUND(SUM(AS40:AT40),2)) -> 0.51 | AV40: =VLOOKUP(AU40,$IK$5000:$IU$5300,3) -> 9.38 | AY40: 24 | AZ40: 0.61 | BB40: =IF(AZ40=" ",0,ROUND(SUM(AZ40:BA40),2)) -> 0.61 | BC40: =VLOOKUP(BB40,$IK$5000:$IU$5300,3) -> 12.19 | BF40: 24 | BG40: 0.76 | BI40: =IF(BG40=" ",0,ROUND(SUM(BG40:BH40),2)) -> 0.76 | BJ40: =VLOOKUP(BI40,$IK$5000:$IU$5300,3) -> 16.72 | BM40: 24 | BN40: 0.64 | BP40: =IF(BN41=" ",0,ROUND(SUM(BN40:BO40),2)) -> 0.64 | BQ40: =VLOOKUP(BP40,$IK$5000:$IU$5300,3) -> 13.06 | BT40: 24 | BU40: 0.81 | BW40: =IF(BU40=" ",0,ROUND(SUM(BU40:BV40),2)) -> 0.81 | BX40: =VLOOKUP(BW40,$IK$5000:$IU$5300,3) -> 18.35 | CD40: =IF(CB40=" ",0,ROUND(SUM(CB40:CC40),2)) -> 0 | CE40: =VLOOKUP(CD40,$IK$5000:$IU$5300,3) -> 0 | CG40: 27 | CH40: =IF(B40=" ",F40,B40*F40/24) -> 0 | CI40: =IF(I40=" ",M40,I40*M40/24) -> 0 | CJ40: =IF(P40=" ",T40,P40*T40/24) -> 23.1 | CK40: =IF(W40=" ",AA40,W40*AA40/24) -> 19.75 | CL40: =IF(AD40=" ",AH40,AD40*AH40/24) -> 9.1 | CM40: =IF(AK40=" ",AO40,AK40*AO40/24) -> 1.236 | CN40: =IF(AR40=" ",AV40,AR40*AV40/24) -> 9.38 | CO40: =IF(AY40=" ",BC40,AY40*BC40/24) -> 12.19 | CP40: =IF(BF40=" ",BJ40,BF40*BJ40/24) -> 16.72 | CQ40: =IF(BM40=" ",BQ40,BM40*BQ40/24) -> 13.06 | CR40: =IF(BT40=" ",BX40,BT40*BX40/24) -> 18.35 | CS40: =IF(CA40=" ",CE40,CA40*CE40/24) -> 0
A41: 28 | E41: =IF(C41=" ",0,ROUND(SUM(C41:D41),2)) -> 0 | F41: =VLOOKUP(E41,$IK$5000:$IU$5300,3) -> 0 | I41: 24 | L41: =IF(J41=" ",0,ROUND(SUM(J41:K41),2)) -> 0 | M41: =VLOOKUP(L41,$IK$5000:$IU$5300,3) -> 0 | P41: 24 | Q41: 0.97 | S41: =IF(Q41=" ",0,ROUND(SUM(Q41:R41),2)) -> 0.97 | T41: =VLOOKUP(S41,$IK$5000:$IU$5300,3) -> 23.74 | W41: 24 | X41: 0.83 | Z41: =IF(X41=" ",0,ROUND(SUM(X41:Y41),2)) -> 0.83 | AA41: =VLOOKUP(Z41,$IK$5000:$IU$5300,3) -> 19.05 | AD41: 24 | AE41: 0.5 | AG41: =IF(AE41=" ",0,ROUND(SUM(AE41:AF41),2)) -> 0.5 | AH41: =VLOOKUP(AG41,$IK$5000:$IU$5300,3) -> 9.1 | AK41: 24 | AL41: 0.14 | AN41: =IF(AL41=" ",0,ROUND(SUM(AL41:AM41),2)) -> 0.14 | AO41: =VLOOKUP(AN41,$IK$5000:$IU$5300,3) -> 1.388 | AR41: 24 | AS41: 0.44 | AU41: =IF(AS41=" ",0,ROUND(SUM(AS41:AT41),2)) -> 0.44 | AV41: =VLOOKUP(AU41,$IK$5000:$IU$5300,3) -> 7.72 | AY41: 24 | AZ41: 0.5 | BB41: =IF(AZ41=" ",0,ROUND(SUM(AZ41:BA41),2)) -> 0.5 | BC41: =VLOOKUP(BB41,$IK$5000:$IU$5300,3) -> 9.1 | BF41: 24 | BG41: 0.75 | BI41: =IF(BG41=" ",0,ROUND(SUM(BG41:BH41),2)) -> 0.75 | BJ41: =VLOOKUP(BI41,$IK$5000:$IU$5300,3) -> 16.4 | BM41: 24 | BN41: 0.63 | BP41: =IF(BN42=" ",0,ROUND(SUM(BN41:BO41),2)) -> 0.63 | BQ41: =VLOOKUP(BP41,$IK$5000:$IU$5300,3) -> 12.77 | BT41: 24 | BU41: 0.8 | BW41: =IF(BU41=" ",0,ROUND(SUM(BU41:BV41),2)) -> 0.8 | BX41: =VLOOKUP(BW41,$IK$5000:$IU$5300,3) -> 18 | CD41: =IF(CB41=" ",0,ROUND(SUM(CB41:CC41),2)) -> 0 | CE41: =VLOOKUP(CD41,$IK$5000:$IU$5300,3) -> 0 | CG41: 28 | CH41: =IF(B41=" ",F41,B41*F41/24) -> 0 | CI41: =IF(I41=" ",M41,I41*M41/24) -> 0 | CJ41: =IF(P41=" ",T41,P41*T41/24) -> 23.74 | CK41: =IF(W41=" ",AA41,W41*AA41/24) -> 19.05 | CL41: =IF(AD41=" ",AH41,AD41*AH41/24) -> 9.1 | CM41: =IF(AK41=" ",AO41,AK41*AO41/24) -> 1.388 | CN41: =IF(AR41=" ",AV41,AR41*AV41/24) -> 7.72 | CO41: =IF(AY41=" ",BC41,AY41*BC41/24) -> 9.1 | CP41: =IF(BF41=" ",BJ41,BF41*BJ41/24) -> 16.4 | CQ41: =IF(BM41=" ",BQ41,BM41*BQ41/24) -> 12.77 | CR41: =IF(BT41=" ",BX41,BT41*BX41/24) -> 18 | CS41: =IF(CA41=" ",CE41,CA41*CE41/24) -> 0
A42: 29 | E42: =IF(C42=" ",0,ROUND(SUM(C42:D42),2)) -> 0 | F42: =VLOOKUP(E42,$IK$5000:$IU$5300,3) -> 0 | L42: =IF(J42=" ",0,ROUND(SUM(J42:K42),2)) -> 0 | M42: =VLOOKUP(L42,$IK$5000:$IU$5300,3) -> 0 | P42: 24 | Q42: 0.96 | S42: =IF(Q42=" ",0,ROUND(SUM(Q42:R42),2)) -> 0.96 | T42: =VLOOKUP(S42,$IK$5000:$IU$5300,3) -> 23.42 | W42: 24 | X42: 0.81 | Z42: =IF(X42=" ",0,ROUND(SUM(X42:Y42),2)) -> 0.81 | AA42: =VLOOKUP(Z42,$IK$5000:$IU$5300,3) -> 18.35 | AD42: 24 | AE42: 0.48 | AG42: =IF(AE42=" ",0,ROUND(SUM(AE42:AF42),2)) -> 0.48 | AH42: =VLOOKUP(AG42,$IK$5000:$IU$5300,3) -> 8.64 | AK42: 24 | AL42: 0.26 | AN42: =IF(AL42=" ",0,ROUND(SUM(AL42:AM42),2)) -> 0.26 | AO42: =VLOOKUP(AN42,$IK$5000:$IU$5300,3) -> 3.47 | AR42: 24 | AS42: 0.57 | AU42: =IF(AS42=" ",0,ROUND(SUM(AS42:AT42),2)) -> 0.57 | AV42: =VLOOKUP(AU42,$IK$5000:$IU$5300,3) -> 11.06 | AY42: 24 | AZ42: 0.49 | BB42: =IF(AZ42=" ",0,ROUND(SUM(AZ42:BA42),2)) -> 0.49 | BC42: =VLOOKUP(BB42,$IK$5000:$IU$5300,3) -> 8.87 | BF42: 24 | BG42: 0.75 | BI42: =IF(BG42=" ",0,ROUND(SUM(BG42:BH42),2)) -> 0.75 | BJ42: =VLOOKUP(BI42,$IK$5000:$IU$5300,3) -> 16.4 | BM42: 24 | BN42: 0.62 | BP42: =IF(BN43=" ",0,ROUND(SUM(BN42:BO42),2)) -> 0.62 | BQ42: =VLOOKUP(BP42,$IK$5000:$IU$5300,3) -> 12.48 | BT42: 24 | BU42: 0.79 | BW42: =IF(BU42=" ",0,ROUND(SUM(BU42:BV42),2)) -> 0.79 | BX42: =VLOOKUP(BW42,$IK$5000:$IU$5300,3) -> 17.68 | CD42: =IF(CB42=" ",0,ROUND(SUM(CB42:CC42),2)) -> 0 | CE42: =VLOOKUP(CD42,$IK$5000:$IU$5300,3) -> 0 | CG42: 29 | CH42: =IF(B42=" ",F42,B42*F42/24) -> 0 | CI42: ------- | CJ42: =IF(P42=" ",T42,P42*T42/24) -> 23.42 | CK42: =IF(W42=" ",AA42,W42*AA42/24) -> 18.35 | CL42: =IF(AD42=" ",AH42,AD42*AH42/24) -> 8.64 | CM42: =IF(AK42=" ",AO42,AK42*AO42/24) -> 3.47 | CN42: =IF(AR42=" ",AV42,AR42*AV42/24) -> 11.06 | CO42: =IF(AY42=" ",BC42,AY42*BC42/24) -> 8.87 | CP42: =IF(BF42=" ",BJ42,BF42*BJ42/24) -> 16.4 | CQ42: =IF(BM42=" ",BQ42,BM42*BQ42/24) -> 12.48 | CR42: =IF(BT42=" ",BX42,BT42*BX42/24) -> 17.68 | CS42: =IF(CA42=" ",CE42,CA42*CE42/24) -> 0
A43: 30 | E43: =IF(C43=" ",0,ROUND(SUM(C43:D43),2)) -> 0 | F43: =VLOOKUP(E43,$IK$5000:$IU$5300,3) -> 0 | L43: =IF(J43=" ",0,ROUND(SUM(J43:K43),2)) -> 0 | M43: =VLOOKUP(L43,$IK$5000:$IU$5300,3) -> 0 | P43: 24 | Q43: 0.97 | S43: =IF(Q43=" ",0,ROUND(SUM(Q43:R43),2)) -> 0.97 | T43: =VLOOKUP(S43,$IK$5000:$IU$5300,3) -> 23.74 | W43: 24 | X43: 0.75 | Z43: =IF(X43=" ",0,ROUND(SUM(X43:Y43),2)) -> 0.75 | AA43: =VLOOKUP(Z43,$IK$5000:$IU$5300,3) -> 16.4 | AD43: 24 | AE43: 0.5 | AG43: =IF(AE43=" ",0,ROUND(SUM(AE43:AF43),2)) -> 0.5 | AH43: =VLOOKUP(AG43,$IK$5000:$IU$5300,3) -> 9.1 | AK43: 24 | AL43: 0.14 | AN43: =IF(AL43=" ",0,ROUND(SUM(AL43:AM43),2)) -> 0.14 | AO43: =VLOOKUP(AN43,$IK$5000:$IU$5300,3) -> 1.388 | AR43: 24 | AS43: 0.84 | AU43: =IF(AS43=" ",0,ROUND(SUM(AS43:AT43),2)) -> 0.84 | AV43: =VLOOKUP(AU43,$IK$5000:$IU$5300,3) -> 19.4 | AY43: 24 | AZ43: 0.46 | BB43: =IF(AZ43=" ",0,ROUND(SUM(AZ43:BA43),2)) -> 0.46 | BC43: =VLOOKUP(BB43,$IK$5000:$IU$5300,3) -> 8.18 | BF43: 24 | BG43: 0.74 | BI43: =IF(BG43=" ",0,ROUND(SUM(BG43:BH43),2)) -> 0.74 | BJ43: =VLOOKUP(BI43,$IK$5000:$IU$5300,3) -> 16.08 | BM43: 24 | BN43: 0.6 | BP43: =IF(BN44=" ",0,ROUND(SUM(BN43:BO43),2)) -> 0.6 | BQ43: =VLOOKUP(BP43,$IK$5000:$IU$5300,3) -> 11.9 | BT43: 24 | BU43: 0.78 | BW43: =IF(BU43=" ",0,ROUND(SUM(BU43:BV43),2)) -> 0.78 | BX43: =VLOOKUP(BW43,$IK$5000:$IU$5300,3) -> 17.36 | CD43: =IF(CB43=" ",0,ROUND(SUM(CB43:CC43),2)) -> 0 | CE43: =VLOOKUP(CD43,$IK$5000:$IU$5300,3) -> 0 | CG43: 30 | CH43: =IF(B43=" ",F43,B43*F43/24) -> 0 | CI43: ------- | CJ43: =IF(P43=" ",T43,P43*T43/24) -> 23.74 | CK43: =IF(W43=" ",AA43,W43*AA43/24) -> 16.4 | CL43: =IF(AD43=" ",AH43,AD43*AH43/24) -> 9.1 | CM43: =IF(AK43=" ",AO43,AK43*AO43/24) -> 1.388 | CN43: =IF(AR43=" ",AV43,AR43*AV43/24) -> 19.4 | CO43: =IF(AY43=" ",BC43,AY43*BC43/24) -> 8.18 | CP43: =IF(BF43=" ",BJ43,BF43*BJ43/24) -> 16.08 | CQ43: =IF(BM43=" ",BQ43,BM43*BQ43/24) -> 11.9 | CR43: =IF(BT43=" ",BX43,BT43*BX43/24) -> 17.36 | CS43: =IF(CA43=" ",CE43,CA43*CE43/24) -> 0
A44: 31 | E44: =IF(C44=" ",0,ROUND(SUM(C44:D44),2)) -> 0 | F44: =VLOOKUP(E44,$IK$5000:$IU$5300,3) -> 0 | L44: =IF(J44=" ",0,ROUND(SUM(J44:K44),2)) -> 0 | M44: =VLOOKUP(L44,$IK$5000:$IU$5300,3) -> 0 | P44: 24 | Q44: 0.93 | S44: =IF(Q44=" ",0,ROUND(SUM(Q44:R44),2)) -> 0.93 | T44: =VLOOKUP(S44,$IK$5000:$IU$5300,3) -> 22.46 | Z44: =IF(X44=" ",0,ROUND(SUM(X44:Y44),2)) -> 0 | AA44: =VLOOKUP(Z44,$IK$5000:$IU$5300,3) -> 0 | AD44: 24 | AE44: 0.52 | AG44: =IF(AE44=" ",0,ROUND(SUM(AE44:AF44),2)) -> 0.52 | AH44: =VLOOKUP(AG44,$IK$5000:$IU$5300,3) -> 9.66 | AR44: 24 | AS44: 0.84 | AU44: =IF(AS44=" ",0,ROUND(SUM(AS44:AT44),2)) -> 0.84 | AV44: =VLOOKUP(AU44,$IK$5000:$IU$5300,3) -> 19.4 | AY44: 24 | AZ44: 0.6 | BB44: =IF(AZ44=" ",0,ROUND(SUM(AZ44:BA44),2)) -> 0.6 | BC44: =VLOOKUP(BB44,$IK$5000:$IU$5300,3) -> 11.9 | BG44: 0.74 | BI44: =IF(BG44=" ",0,ROUND(SUM(BG44:BH44),2)) -> 0.74 | BJ44: =VLOOKUP(BI44,$IK$5000:$IU$5300,3) -> 16.08 | BM44: 24 | BN44: 0.76 | BP44: =IF(BN45=" ",0,ROUND(SUM(BN44:BO44),2)) -> 0.76 | BQ44: =VLOOKUP(BP44,$IK$5000:$IU$5300,3) -> 16.72 | BW44: =IF(BU44=" ",0,ROUND(SUM(BU44:BV44),2)) -> 0 | BX44: =VLOOKUP(BW44,$IK$5000:$IU$5300,3) -> 0 | CD44: =IF(CB44=" ",0,ROUND(SUM(CB44:CC44),2)) -> 0 | CE44: =VLOOKUP(CD44,$IK$5000:$IU$5300,3) -> 0 | CG44: 31 | CH44: =IF(B44=" ",F44,B44*F44/24) -> 0 | CI44: ------- | CJ44: =IF(P44=" ",T44,P44*T44/24) -> 22.46 | CK44: ------- | CL44: =IF(AD44=" ",AH44,AD44*AH44/24) -> 9.66 | CM44: ------- | CN44: =IF(AR44=" ",AV44,AR44*AV44/24) -> 19.4 | CO44: =IF(AY44=" ",BC44,AY44*BC44/24) -> 11.9 | CP44: ------- | CQ44: =IF(BM44=" ",BQ44,BM44*BQ44/24) -> 16.72 | CR44: ------- | CS44: =IF(CA44=" ",CE44,CA44*CE44/24) -> 0
A45: = | B45: = | C45: = | D45: = | E45: = | F45: = | I45: = | J45: = | K45: = | L45: = | M45: = | P45: = | Q45: = | R45: = | S45: = | T45: = | W45: = | Y45: = | Z45: = | AA45: = | AD45: = | AE45: = | AF45: = | AG45: = | AH45: = | AK45: = | AL45: = | AM45: = | AN45: = | AO45: = | AR45: = | AS45: = | AT45: = | AU45: = | AV45: = | AY45: = | AZ45: = | BA45: = | BB45: = | BC45: = | BF45: = | BG45: = | BH45: = | BI45: = | BJ45: = | BM45: = | BN45: = | BO45: = | BP45: = | BQ45: = | BT45: = | BU45: = | BV45: = | BW45: = | BX45: = | CA45: = | CB45: = | CC45: = | CD45: = | CE45: =
A46: CFS | X46: . | CH46: C.F.S.
A47: CFS | CH47: =SUM(CH14:CH44) -> 0 | CI47: =SUM(CI14:CI41) -> 0 | CJ47: =SUM(CJ14:CJ44) -> 569.043 | CK47: =SUM(CK14:CK43) -> 561.17 | CL47: =SUM(CL14:CL44) -> 357.67 | CM47: =SUM(CM14:CM43) -> 86.66 | CN47: =SUM(CN14:CN44) -> 318.66 | CO47: =SUM(CO14:CO44) -> 436.395 | CP47: =SUM(CP14:CP43) -> 512.381 | CQ47: =SUM(CQ14:CQ44) -> 351.61 | CR47: =SUM(CR14:CR43) -> 443.66 | CS47: =SUM(CS14:CS44) -> 0
A48: AC/FT | CH48: ACRE FEET
A49: AC/FT | CH49: =1.9835*CH47 -> 0 | CI49: =1.9835*CI47 -> 0 | CJ49: =1.9835*CJ47 -> 1128.6968 | CK49: =1.9835*CK47 -> 1113.0807 | CL49: =1.9835*CL47 -> 709.43845 | CM49: =1.9835*CM47 -> 171.89011 | CN49: =1.9835*CN47 -> 632.06211 | CO49: =1.9835*CO47 -> 865.58948 | ... CS49: =1.9835*CS47 -> 0
A50: TOTAL
A51: =SUM(CH49:CS49) -> 7214.4834 | CH51: Total CFS | CI51: =SUM(CH47:CS47) -> 3637.249
CH53: Total AC/FT | CI53: =SUM(CH49:CS49) -> 7214.4834 | CQ53: Provisional Records, Subject to Revision
CH55: Fort West Ditch near Gila, New Mexico | CQ55: Provisional Records, Subject to Revision
CH57: 2025 Cy/irrigation season. Season started 03-01-25, closed station on 11-30-25.
CH59: All records worked using USGS standards.
CH60: All data collection meets USGS methods and standards.
CH61: Flow measurements are made using USGS methods and standards. All measurements made meet USGS standards.
CH62: Data processing/computations were made using Excel program. Excel program meets USGS standards for ditch stations.
CH64: GPS readings: Lat: 33 00' 56"N Long: 108 32' 37"W El: 4584 ft.
CH66: Record rated good for entire season, no lost data, no lost record. No estimated data, no ice effect during entire season.
CH67: Gage flume remained in full control for entire season with zero shifts applied all season. Used gage rating directly entire season .
CH69: 9 discharge measurements #'s 300-308 were made during season.
CH70: Measured flow ranged from low of 3.67 cfs on 06-11 to high flow of 20.1 cfs on 04-01.
CH71: Recorded flow ranged from low of 0.00 cfs on 06-15 and a high flow of 30.7 cfs on 08-22.
CH72: Removed data card for data download and formatting for use next season. Station winterized, stored float, other equipment to prevent ice damage during winter period
CH74: Station closed for winter period/end of season on 11-30-25.
IK4996: Fort West near Gila, NM (09430820)
IK4998: TABLES | IM4998: Rating #5.0
IK4999: GHT | IM4999: 24" Parshall Flume
IK5000: 0 | IM5000: 0
IK5001: 0.01 | IM5001: 0.05
IK5002: 0.02 | IM5002: 0.1
IK5003: 0.03 | IM5003: 0.185
IK5004: 0.04 | IM5004: 0.27
IK5005: 0.05 | IM5005: 0.36
IK5006: 0.06 | IM5006: 0.45
IK5007: 0.07 | IM5007: 0.535
IK5008: 0.08 | IM5008: 0.62
IK5009: 0.09 | IM5009: 0.7
IK5010: 0.1 | IM5010: 0.78
IK5011: 0.11 | IM5011: 0.932
... IK5200: 2 | IM5200: 65
IK5271: 2.71
IK5272: 2.72
IK5273: 2.73
IK5274: 2.74
IK5275: 2.75
IK5276: 2.76
IK5277: 2.77
IK5278: 2.78
IK5279: 2.79
IK5280: 2.8
IK5281: 2.81
IK5282: 2.82
... IK5600: 6

Sheet Gila Farms
CH4: New Mexico Interstate Stream Commission | CL4: Gila Farms Ditch near Gila, New Mexico
A6: Gila Farms Ditch Near Gila, New Mexico (09430825)
CH7: Source: | CI7: Gila River | CL7: Gila - San Francisco Basins
CH8: Location: | CI8: 32.5900, -108.3415 | CL8: DAILY DISCHARGE IN C/F/S
E9: JANUARY | L9: FEBRUARY | S9: MARCH | Z9: APRIL | AG9: MAY | AN9: JUNE | AU9: JULY | BB9: AUGUST | BI9: SEPTEMBER | BP9: OCTOBER | BW9: NOVEMBER | CD9: DECEMBER | CH9: Measuring Device: Natural Channel
A10: 2025
D11: PEN | E11: GHT | F11: CFS | K11: PEN | L11: GHT | M11: CFS | R11: PEN | S11: GHT | T11: CFS | Y11: PEN | Z11: GHT | AA11: CFS | AF11: PEN | AG11: GHT | AH11: CFS | AM11: PEN | AN11: GHT | AO11: CFS | AT11: PEN | AU11: GHT | AV11: CFS | BA11: PEN | BB11: GHT | BC11: CFS | BH11: PEN | BI11: GHT | BJ11: CFS | BO11: PEN | BP11: GHT | BQ11: CFS | BV11: PEN | BW11: GHT | BX11: CFS | CC11: PEN | CD11: GHT | CE11: CFS | CH11: Calendar Year 2025 | CQ11: Site ID# 09430825
A12: DAY | B12: HRS | C12: GHT | D12: SHIFT | E12: AMOUNT | F12: PER TABLE | I12: HRS | J12: GHT | K12: SHIFT | L12: AMOUNT | M12: PER TABLE | P12: HRS | Q12: GHT | R12: SHIFT | S12: AMOUNT | T12: PER TABLE | W12: HRS | X12: GHT | Y12: SHIFT | Z12: AMOUNT | AA12: PER TABLE | AD12: HRS | AE12: GHT | AF12: SHIFT | AG12: AMOUNT | AH12: PER TABLE | AK12: HRS | AL12: GHT | AM12: SHIFT | AN12: AMOUNT | AO12: PER TABLE | AR12: HRS | AS12: GHT | AT12: SHIFT | AU12: AMOUNT | AV12: PER TABLE | AY12: HRS | AZ12: GHT | BA12: SHIFT | BB12: AMOUNT | BC12: PER TABLE | BF12: HRS | BG12: GHT | BH12: SHIFT | BI12: AMOUNT | BJ12: PER TABLE | BM12: HRS | BN12: GHT | BO12: SHIFT | BP12: AMOUNT | BQ12: PER TABLE | BT12: HRS | BU12: GHT | BV12: SHIFT | BW12: AMOUNT | BX12: PER TABLE | CA12: HRS | CB12: GHT | CC12: SHIFT | CD12: AMOUNT | CE12: PER TABLE | CH12: JANUARY | CI12: FEBRUARY | CJ12: MARCH | CK12: APRIL | CL12: MAY | CM12: JUNE | CN12: JULY | CO12: AUGUST | CP12: SEPTEMBER | CQ12: OCTOBER | CR12: NOVEMBER | CS12: DECEMBER
A13: - | B13: - | C13: - | D13: - | E13: - | F13: - | I13: - | J13: - | K13: - | L13: - | M13: - | P13: - | Q13: - | R13: - | S13: - | T13: - | W13: - | Y13: - | Z13: - | AA13: - | AD13: - | AE13: - | AF13: - | AG13: - | AH13: - | AK13: - | AL13: - | AM13: - | AN13: - | AO13: - | AR13: - | AS13: - | AT13: - | AU13: - | AV13: - | AY13: - | AZ13: - | BA13: - | BB13: - | BC13: - | BF13: - | BG13: - | BH13: - | BI13: - | BJ13: - | BM13: - | BN13: - | BO13: - | BP13: - | BQ13: - | BT13: - | BU13: - | BV13: - | BW13: - | BX13: - | CA13: - | CB13: - | CC13: - | CD13: - | CE13: -
A14: 1 | C14: 0 | D14: 0 | E14: =IF(C14=" ",0,ROUND(SUM(C14:D14),2)) -> 0 | F14: =VLOOKUP(E14,$IK$5000:$IU$5300,3) -> 0 | I14: 0 | J14: 0 | K14: 0 | L14: =IF(J14=" ",0,ROUND(SUM(J14:K14),2)) -> 0 | M14: =VLOOKUP(L14,$IK$5000:$IU$5300,3) -> 0 | P14: 24 | Q14: 0.92 | R14: 0.55 | S14: =IF(Q14=" ",0,ROUND(SUM(Q14:R14),2)) -> 1.47 | T14: =VLOOKUP(S14,$IK$5000:$IU$5300,3) -> 14.7 | W14: 24 | X14: 1.03 | Y14: 0.64 | Z14: =IF(X14=" ",0,ROUND(SUM(X14:Y14),2)) -> 1.67 | AA14: =VLOOKUP(Z14,$IK$5000:$IU$5300,3) -> 19.4 | AD14: 24 | AE14: 0.96 | AF14: 0.49 | AG14: =IF(AE14=" ",0,ROUND(SUM(AE14:AF14),2)) -> 1.45 | AH14: =VLOOKUP(AG14,$IK$5000:$IU$5300,3) -> 14.3 | AK14: 24 | AL14: 0.69 | AM14: 0.34 | AN14: =IF(AL14=" ",0,ROUND(SUM(AL14:AM14),2)) -> 1.03 | AO14: =VLOOKUP(AN14,$IK$5000:$IU$5300,3) -> 6.3 | AR14: 24 | AS14: 0.44 | AT14: 0.28 | AU14: =IF(AS14=" ",0,ROUND(SUM(AS14:AT14),2)) -> 0.72 | AV14: =VLOOKUP(AU14,$IK$5000:$IU$5300,3) -> 2.2 | AY14: 24 | AZ14: 0.66 | BA14: 0.33 | BB14: =IF(AZ14=" ",0,ROUND(SUM(AZ14:BA14),2)) -> 0.99 | BC14: =VLOOKUP(BB14,$IK$5000:$IU$5300,3) -> 5.7 | BF14: 24 | BG14: 0.97 | BH14: 0.51 | BI14: =IF(BG14=" ",0,ROUND(SUM(BG14:BH14),2)) -> 1.48 | BJ14: =VLOOKUP(BI14,$IK$5000:$IU$5300,3) -> 14.9 | BM14: 24 | BN14: 0.8 | BO14: 0.4 | BP14: =IF(BN14=" ",0,ROUND(SUM(BN14:BO14),2)) -> 1.2 | BQ14: =VLOOKUP(BP14,$IK$5000:$IU$5300,3) -> 9.2 | BT14: 24 | BU14: 0.78 | BV14: 0.4 | BW14: =IF(BU14=" ",0,ROUND(SUM(BU14:BV14),2)) -> 1.18 | BX14: =VLOOKUP(BW14,$IK$5000:$IU$5300,3) -> 8.9 | CD14: =IF(CB14=" ",0,ROUND(SUM(CB14:CC14),2)) -> 0 | CE14: =VLOOKUP(CD14,$IK$5000:$IU$5300,3) -> 0 | CG14: 1 | CH14: =IF(B14=" ",F14,B14*F14/24) -> 0 | CI14: =IF(I14=" ",M14,I14*M14/24) -> 0 | CJ14: =IF(P14=" ",T14,P14*T14/24) -> 14.7 | CK14: =IF(W14=" ",AA14,W14*AA14/24) -> 19.4 | CL14: =IF(AD14=" ",AH14,AD14*AH14/24) -> 14.3 | CM14: =IF(AK14=" ",AO14,AK14*AO14/24) -> 6.3 | CN14: =IF(AR14=" ",AV14,AR14*AV14/24) -> 2.2 | CO14: =IF(AY14=" ",BC14,AY14*BC14/24) -> 5.7 | CP14: =IF(BF14=" ",BJ14,BF14*BJ14/24) -> 14.9 | CQ14: =IF(BM14=" ",BQ14,BM14*BQ14/24) -> 9.2 | CR14: =IF(BT14=" ",BX14,BT14*BX14/24) -> 8.9 | CS14: =IF(CA14=" ",CE14,CA14*CE14/24) -> 0
A15: 2 | C15: 0 | D15: 0 | E15: =IF(C15=" ",0,ROUND(SUM(C15:D15),2)) -> 0 | F15: =VLOOKUP(E15,$IK$5000:$IU$5300,3) -> 0 | I15: 0 | J15: 0 | K15: 0 | L15: =IF(J15=" ",0,ROUND(SUM(J15:K15),2)) -> 0 | M15: =VLOOKUP(L15,$IK$5000:$IU$5300,3) -> 0 | P15: 24 | Q15: 0.91 | R15: 0.55 | S15: =IF(Q15=" ",0,ROUND(SUM(Q15:R15),2)) -> 1.46 | T15: =VLOOKUP(S15,$IK$5000:$IU$5300,3) -> 14.5 | W15: 24 | X15: 1.05 | Y15: 0.63 | Z15: =IF(X15=" ",0,ROUND(SUM(X15:Y15),2)) -> 1.68 | AA15: =VLOOKUP(Z15,$IK$5000:$IU$5300,3) -> 19.6 | AD15: 24 | AE15: 0.96 | AF15: 0.48 | AG15: =IF(AE15=" ",0,ROUND(SUM(AE15:AF15),2)) -> 1.44 | AH15: =VLOOKUP(AG15,$IK$5000:$IU$5300,3) -> 14.1 | AK15: 24 | AL15: 0.53 | AM15: 0.33 | AN15: =IF(AL15=" ",0,ROUND(SUM(AL15:AM15),2)) -> 0.86 | AO15: =VLOOKUP(AN15,$IK$5000:$IU$5300,3) -> 3.9 | AR15: 24 | AS15: 0.49 | AT15: 0.28 | AU15: =IF(AS15=" ",0,ROUND(SUM(AS15:AT15),2)) -> 0.77 | AV15: =VLOOKUP(AU15,$IK$5000:$IU$5300,3) -> 2.8 | AY15: 24 | AZ15: 0.87 | BA15: 0.34 | BB15: =IF(AZ15=" ",0,ROUND(SUM(AZ15:BA15),2)) -> 1.21 | BC15: =VLOOKUP(BB15,$IK$5000:$IU$5300,3) -> 9.4 | BF15: 24 | BG15: 0.91 | BH15: 0.51 | BI15: =IF(BG15=" ",0,ROUND(SUM(BG15:BH15),2)) -> 1.42 | BJ15: =VLOOKUP(BI15,$IK$5000:$IU$5300,3) -> 13.6 | BM15: 24 | BN15: 0.77 | BO15: 0.4 | BP15: =IF(BN15=" ",0,ROUND(SUM(BN15:BO15),2)) -> 1.17 | BQ15: =VLOOKUP(BP15,$IK$5000:$IU$5300,3) -> 8.7 | BT15: 24 | BU15: 0.71 | BV15: 0.4 | BW15: =IF(BU15=" ",0,ROUND(SUM(BU15:BV15),2)) -> 1.11 | BX15: =VLOOKUP(BW15,$IK$5000:$IU$5300,3) -> 7.6 | CD15: =IF(CB15=" ",0,ROUND(SUM(CB15:CC15),2)) -> 0 | CE15: =VLOOKUP(CD15,$IK$5000:$IU$5300,3) -> 0 | CG15: 2 | CH15: =IF(B15=" ",F15,B15*F15/24) -> 0 | CI15: =IF(I15=" ",M15,I15*M15/24) -> 0 | CJ15: =IF(P15=" ",T15,P15*T15/24) -> 14.5 | CK15: =IF(W15=" ",AA15,W15*AA15/24) -> 19.6 | CL15: =IF(AD15=" ",AH15,AD15*AH15/24) -> 14.1 | CM15: =IF(AK15=" ",AO15,AK15*AO15/24) -> 3.9 | CN15: =IF(AR15=" ",AV15,AR15*AV15/24) -> 2.8 | CO15: =IF(AY15=" ",BC15,AY15*BC15/24) -> 9.4 | CP15: =IF(BF15=" ",BJ15,BF15*BJ15/24) -> 13.6 | CQ15: =IF(BM15=" ",BQ15,BM15*BQ15/24) -> 8.7 | CR15: =IF(BT15=" ",BX15,BT15*BX15/24) -> 7.6 | CS15: =IF(CA15=" ",CE15,CA15*CE15/24) -> 0
A16: 3 | C16: 0 | D16: 0 | E16: =IF(C16=" ",0,ROUND(SUM(C16:D16),2)) -> 0 | F16: =VLOOKUP(E16,$IK$5000:$IU$5300,3) -> 0 | I16: 0 | J16: 0 | K16: 0 | L16: =IF(J16=" ",0,ROUND(SUM(J16:K16),2)) -> 0 | M16: =VLOOKUP(L16,$IK$5000:$IU$5300,3) -> 0 | P16: 24 | Q16: 0.91 | R16: 0.55 | S16: =IF(Q16=" ",0,ROUND(SUM(Q16:R16),2)) -> 1.46 | T16: =VLOOKUP(S16,$IK$5000:$IU$5300,3) -> 14.5 | W16: 24 | X16: 1.06 | Y16: 0.62 | Z16: =IF(X16=" ",0,ROUND(SUM(X16:Y16),2)) -> 1.68 | AA16: =VLOOKUP(Z16,$IK$5000:$IU$5300,3) -> 19.6 | AD16: 24 | AE16: 0.99 | AF16: 0.47 | AG16: =IF(AE16=" ",0,ROUND(SUM(AE16:AF16),2)) -> 1.46 | AH16: =VLOOKUP(AG16,$IK$5000:$IU$5300,3) -> 14.5 | AK16: 24 | AL16: 0.66 | AM16: 0.32 | AN16: =IF(AL16=" ",0,ROUND(SUM(AL16:AM16),2)) -> 0.98 | AO16: =VLOOKUP(AN16,$IK$5000:$IU$5300,3) -> 5.6 | AR16: 24 | AS16: 0.43 | AT16: 0.28 | AU16: =IF(AS16=" ",0,ROUND(SUM(AS16:AT16),2)) -> 0.71 | AV16: =VLOOKUP(AU16,$IK$5000:$IU$5300,3) -> 2.1 | AY16: 24 | AZ16: 1.03 | BA16: 0.34 | BB16: =IF(AZ16=" ",0,ROUND(SUM(AZ16:BA16),2)) -> 1.37 | BC16: =VLOOKUP(BB16,$IK$5000:$IU$5300,3) -> 12.6 | BF16: 24 | BG16: 1.05 | BH16: 0.5 | BI16: =IF(BG16=" ",0,ROUND(SUM(BG16:BH16),2)) -> 1.55 | BJ16: =VLOOKUP(BI16,$IK$5000:$IU$5300,3) -> 16.5 | BM16: 24 | BN16: 0.75 | BO16: 0.4 | BP16: =IF(BN16=" ",0,ROUND(SUM(BN16:BO16),2)) -> 1.15 | BQ16: =VLOOKUP(BP16,$IK$5000:$IU$5300,3) -> 8.3 | BT16: 24 | BU16: 0.66 | BV16: 0.4 | BW16: =IF(BU16=" ",0,ROUND(SUM(BU16:BV16),2)) -> 1.06 | BX16: =VLOOKUP(BW16,$IK$5000:$IU$5300,3) -> 6.8 | CD16: =IF(CB16=" ",0,ROUND(SUM(CB16:CC16),2)) -> 0 | CE16: =VLOOKUP(CD16,$IK$5000:$IU$5300,3) -> 0 | CG16: 3 | CH16: =IF(B16=" ",F16,B16*F16/24) -> 0 | CI16: =IF(I16=" ",M16,I16*M16/24) -> 0 | CJ16: =IF(P16=" ",T16,P16*T16/24) -> 14.5 | CK16: =IF(W16=" ",AA16,W16*AA16/24) -> 19.6 | CL16: =IF(AD16=" ",AH16,AD16*AH16/24) -> 14.5 | CM16: =IF(AK16=" ",AO16,AK16*AO16/24) -> 5.6 | CN16: =IF(AR16=" ",AV16,AR16*AV16/24) -> 2.1 | CO16: =IF(AY16=" ",BC16,AY16*BC16/24) -> 12.6 | CP16: =IF(BF16=" ",BJ16,BF16*BJ16/24) -> 16.5 | CQ16: =IF(BM16=" ",BQ16,BM16*BQ16/24) -> 8.3 | CR16: =IF(BT16=" ",BX16,BT16*BX16/24) -> 6.8 | CS16: =IF(CA16=" ",CE16,CA16*CE16/24) -> 0
A17: 4 | C17: 0 | D17: 0 | E17: =IF(C17=" ",0,ROUND(SUM(C17:D17),2)) -> 0 | F17: =VLOOKUP(E17,$IK$5000:$IU$5300,3) -> 0 | I17: 0 | J17: 0 | K17: 0 | L17: =IF(J17=" ",0,ROUND(SUM(J17:K17),2)) -> 0 | M17: =VLOOKUP(L17,$IK$5000:$IU$5300,3) -> 0 | P17: 24 | Q17: 0.91 | R17: 0.56 | S17: =IF(Q17=" ",0,ROUND(SUM(Q17:R17),2)) -> 1.47 | T17: =VLOOKUP(S17,$IK$5000:$IU$5300,3) -> 14.7 | W17: 24 | X17: 1.08 | Y17: 0.62 | Z17: =IF(X17=" ",0,ROUND(SUM(X17:Y17),2)) -> 1.7 | AA17: =VLOOKUP(Z17,$IK$5000:$IU$5300,3) -> 20.1 | AD17: 24 | AE17: 1.01 | AF17: 0.46 | AG17: =IF(AE17=" ",0,ROUND(SUM(AE17:AF17),2)) -> 1.47 | AH17: =VLOOKUP(AG17,$IK$5000:$IU$5300,3) -> 14.7 | AK17: 24 | AL17: 0.65 | AM17: 0.32 | AN17: =IF(AL17=" ",0,ROUND(SUM(AL17:AM17),2)) -> 0.97 | AO17: =VLOOKUP(AN17,$IK$5000:$IU$5300,3) -> 5.4 | AR17: 24 | AS17: 0.44 | AT17: 0.28 | AU17: =IF(AS17=" ",0,ROUND(SUM(AS17:AT17),2)) -> 0.72 | AV17: =VLOOKUP(AU17,$IK$5000:$IU$5300,3) -> 2.2 | AY17: 24 | AZ17: 1.07 | BA17: 0.35 | BB17: =IF(AZ17=" ",0,ROUND(SUM(AZ17:BA17),2)) -> 1.42 | BC17: =VLOOKUP(BB17,$IK$5000:$IU$5300,3) -> 13.6 | BF17: 24 | BG17: 0.98 | BH17: 0.5 | BI17: =IF(BG17=" ",0,ROUND(SUM(BG17:BH17),2)) -> 1.48 | BJ17: =VLOOKUP(BI17,$IK$5000:$IU$5300,3) -> 14.9 | BM17: 24 | BN17: 0.73 | BO17: 0.4 | BP17: =IF(BN17=" ",0,ROUND(SUM(BN17:BO17),2)) -> 1.13 | BQ17: =VLOOKUP(BP17,$IK$5000:$IU$5300,3) -> 8 | BT17: 24 | BU17: 0.73 | BV17: 0.4 | BW17: =IF(BU17=" ",0,ROUND(SUM(BU17:BV17),2)) -> 1.13 | BX17: =VLOOKUP(BW17,$IK$5000:$IU$5300,3) -> 8 | CD17: =IF(CB17=" ",0,ROUND(SUM(CB17:CC17),2)) -> 0 | CE17: =VLOOKUP(CD17,$IK$5000:$IU$5300,3) -> 0 | CG17: 4 | CH17: =IF(B17=" ",F17,B17*F17/24) -> 0 | CI17: =IF(I17=" ",M17,I17*M17/24) -> 0 | CJ17: =IF(P17=" ",T17,P17*T17/24) -> 14.7 | CK17: =IF(W17=" ",AA17,W17*AA17/24) -> 20.1 | CL17: =IF(AD17=" ",AH17,AD17*AH17/24) -> 14.7 | CM17: =IF(AK17=" ",AO17,AK17*AO17/24) -> 5.4 | CN17: =IF(AR17=" ",AV17,AR17*AV17/24) -> 2.2 | CO17: =IF(AY17=" ",BC17,AY17*BC17/24) -> 13.6 | CP17: =IF(BF17=" ",BJ17,BF17*BJ17/24) -> 14.9 | CQ17: =IF(BM17=" ",BQ17,BM17*BQ17/24) -> 8 | CR17: =IF(BT17=" ",BX17,BT17*BX17/24) -> 8 | CS17: =IF(CA17=" ",CE17,CA17*CE17/24) -> 0
A18: 5 | C18: 0 | D18: 0 | E18: =IF(C18=" ",0,ROUND(SUM(C18:D18),2)) -> 0 | F18: =VLOOKUP(E18,$IK$5000:$IU$5300,3) -> 0 | I18: 0 | J18: 0 | K18: 0 | L18: =IF(J18=" ",0,ROUND(SUM(J18:K18),2)) -> 0 | M18: =VLOOKUP(L18,$IK$5000:$IU$5300,3) -> 0 | P18: 24 | Q18: 0.92 | R18: 0.56 | S18: =IF(Q18=" ",0,ROUND(SUM(Q18:R18),2)) -> 1.48 | T18: =VLOOKUP(S18,$IK$5000:$IU$5300,3) -> 14.9 | W18: 24 | X18: 1.08 | Y18: 0.61 | Z18: =IF(X18=" ",0,ROUND(SUM(X18:Y18),2)) -> 1.69 | AA18: =VLOOKUP(Z18,$IK$5000:$IU$5300,3) -> 19.8 | AD18: 24 | AE18: 1.01 | AF18: 0.46 | AG18: =IF(AE18=" ",0,ROUND(SUM(AE18:AF18),2)) -> 1.47 | AH18: =VLOOKUP(AG18,$IK$5000:$IU$5300,3) -> 14.7 | AK18: 24 | AL18: 0.64 | AM18: 0.31 | AN18: =IF(AL18=" ",0,ROUND(SUM(AL18:AM18),2)) -> 0.95 | AO18: =VLOOKUP(AN18,$IK$5000:$IU$5300,3) -> 5.1 | AR18: 24 | AS18: 0.45 | AT18: 0.28 | AU18: =IF(AS18=" ",0,ROUND(SUM(AS18:AT18),2)) -> 0.73 | AV18: =VLOOKUP(AU18,$IK$5000:$IU$5300,3) -> 2.3 | AY18: 24 | AZ18: 0.97 | BA18: 0.35 | BB18: =IF(AZ18=" ",0,ROUND(SUM(AZ18:BA18),2)) -> 1.32 | BC18: =VLOOKUP(BB18,$IK$5000:$IU$5300,3) -> 11.6 | BF18: 24 | BG18: 0.96 | BH18: 0.49 | BI18: =IF(BG18=" ",0,ROUND(SUM(BG18:BH18),2)) -> 1.45 | BJ18: =VLOOKUP(BI18,$IK$5000:$IU$5300,3) -> 14.3 | BM18: 24 | BN18: 0.7 | BO18: 0.4 | BP18: =IF(BN18=" ",0,ROUND(SUM(BN18:BO18),2)) -> 1.1 | BQ18: =VLOOKUP(BP18,$IK$5000:$IU$5300,3) -> 7.5 | BT18: 24 | BU18: 0.9 | BV18: 0.4 | BW18: =IF(BU18=" ",0,ROUND(SUM(BU18:BV18),2)) -> 1.3 | BX18: =VLOOKUP(BW18,$IK$5000:$IU$5300,3) -> 11.2 | CD18: =IF(CB18=" ",0,ROUND(SUM(CB18:CC18),2)) -> 0 | CE18: =VLOOKUP(CD18,$IK$5000:$IU$5300,3) -> 0 | CG18: 5 | CH18: =IF(B18=" ",F18,B18*F18/24) -> 0 | CI18: =IF(I18=" ",M18,I18*M18/24) -> 0 | CJ18: =IF(P18=" ",T18,P18*T18/24) -> 14.9 | CK18: =IF(W18=" ",AA18,W18*AA18/24) -> 19.8 | CL18: =IF(AD18=" ",AH18,AD18*AH18/24) -> 14.7 | CM18: =IF(AK18=" ",AO18,AK18*AO18/24) -> 5.1 | CN18: =IF(AR18=" ",AV18,AR18*AV18/24) -> 2.3 | CO18: =IF(AY18=" ",BC18,AY18*BC18/24) -> 11.6 | CP18: =IF(BF18=" ",BJ18,BF18*BJ18/24) -> 14.3 | CQ18: =IF(BM18=" ",BQ18,BM18*BQ18/24) -> 7.5 | CR18: =IF(BT18=" ",BX18,BT18*BX18/24) -> 11.2 | CS18: =IF(CA18=" ",CE18,CA18*CE18/24) -> 0
A19: 6 | C19: 0 | D19: 0 | E19: =IF(C19=" ",0,ROUND(SUM(C19:D19),2)) -> 0 | F19: =VLOOKUP(E19,$IK$5000:$IU$5300,3) -> 0 | I19: 0 | J19: 0 | K19: 0 | L19: =IF(J19=" ",0,ROUND(SUM(J19:K19),2)) -> 0 | M19: =VLOOKUP(L19,$IK$5000:$IU$5300,3) -> 0 | P19: 24 | Q19: 0.92 | R19: 0.56 | S19: =IF(Q19=" ",0,ROUND(SUM(Q19:R19),2)) -> 1.48 | T19: =VLOOKUP(S19,$IK$5000:$IU$5300,3) -> 14.9 | W19: 24 | X19: 1.08 | Y19: 0.6 | Z19: =IF(X19=" ",0,ROUND(SUM(X19:Y19),2)) -> 1.68 | AA19: =VLOOKUP(Z19,$IK$5000:$IU$5300,3) -> 19.6 | AD19: 24 | AE19: 0.93 | AF19: 0.45 | AG19: =IF(AE19=" ",0,ROUND(SUM(AE19:AF19),2)) -> 1.38 | AH19: =VLOOKUP(AG19,$IK$5000:$IU$5300,3) -> 12.8 | AK19: 24 | AL19: 0.62 | AM19: 0.3 | AN19: =IF(AL19=" ",0,ROUND(SUM(AL19:AM19),2)) -> 0.92 | AO19: =VLOOKUP(AN19,$IK$5000:$IU$5300,3) -> 4.7 | AR19: 24 | AS19: 0.42 | AT19: 0.29 | AU19: =IF(AS19=" ",0,ROUND(SUM(AS19:AT19),2)) -> 0.71 | AV19: =VLOOKUP(AU19,$IK$5000:$IU$5300,3) -> 2.1 | AY19: 24 | AZ19: 0.74 | BA19: 0.36 | BB19: =IF(AZ19=" ",0,ROUND(SUM(AZ19:BA19),2)) -> 1.1 | BC19: =VLOOKUP(BB19,$IK$5000:$IU$5300,3) -> 7.5 | BF19: 24 | BG19: 0.94 | BH19: 0.49 | BI19: =IF(BG19=" ",0,ROUND(SUM(BG19:BH19),2)) -> 1.43 | BJ19: =VLOOKUP(BI19,$IK$5000:$IU$5300,3) -> 13.8 | BM19: 24 | BN19: 0.72 | BO19: 0.4 | BP19: =IF(BN19=" ",0,ROUND(SUM(BN19:BO19),2)) -> 1.12 | BQ19: =VLOOKUP(BP19,$IK$5000:$IU$5300,3) -> 7.8 | BT19: 24 | BU19: 0.93 | BV19: 0.4 | BW19: =IF(BU19=" ",0,ROUND(SUM(BU19:BV19),2)) -> 1.33 | BX19: =VLOOKUP(BW19,$IK$5000:$IU$5300,3) -> 11.8 | CD19: =IF(CB19=" ",0,ROUND(SUM(CB19:CC19),2)) -> 0 | CE19: =VLOOKUP(CD19,$IK$5000:$IU$5300,3) -> 0 | CG19: 6 | CH19: =IF(B19=" ",F19,B19*F19/24) -> 0 | CI19: =IF(I19=" ",M19,I19*M19/24) -> 0 | CJ19: =IF(P19=" ",T19,P19*T19/24) -> 14.9 | CK19: =IF(W19=" ",AA19,W19*AA19/24) -> 19.6 | CL19: =IF(AD19=" ",AH19,AD19*AH19/24) -> 12.8 | CM19: =IF(AK19=" ",AO19,AK19*AO19/24) -> 4.7 | CN19: =IF(AR19=" ",AV19,AR19*AV19/24) -> 2.1 | CO19: =IF(AY19=" ",BC19,AY19*BC19/24) -> 7.5 | CP19: =IF(BF19=" ",BJ19,BF19*BJ19/24) -> 13.8 | CQ19: =IF(BM19=" ",BQ19,BM19*BQ19/24) -> 7.8 | CR19: =IF(BT19=" ",BX19,BT19*BX19/24) -> 11.8 | CS19: =IF(CA19=" ",CE19,CA19*CE19/24) -> 0
A20: 7 | C20: 0 | D20: 0 | E20: =IF(C20=" ",0,ROUND(SUM(C20:D20),2)) -> 0 | F20: =VLOOKUP(E20,$IK$5000:$IU$5300,3) -> 0 | L20: =IF(J20=" ",0,ROUND(SUM(J20:K20),2)) -> 0 | M20: =VLOOKUP(L20,$IK$5000:$IU$5300,3) -> 0 | P20: 24 | Q20: 0.92 | R20: 0.57 | S20: =IF(Q20=" ",0,ROUND(SUM(Q20:R20),2)) -> 1.49 | T20: =VLOOKUP(S20,$IK$5000:$IU$5300,3) -> 15.2 | W20: 24 | X20: 1.08 | Y20: 0.6 | Z20: =IF(X20=" ",0,ROUND(SUM(X20:Y20),2)) -> 1.68 | AA20: =VLOOKUP(Z20,$IK$5000:$IU$5300,3) -> 19.6 | AD20: 24 | AE20: 0.91 | AF20: 0.45 | AG20: =IF(AE20=" ",0,ROUND(SUM(AE20:AF20),2)) -> 1.36 | AH20: =VLOOKUP(AG20,$IK$5000:$IU$5300,3) -> 12.4 | AK20: 24 | AL20: 0.61 | AM20: 0.3 | AN20: =IF(AL20=" ",0,ROUND(SUM(AL20:AM20),2)) -> 0.91 | AO20: =VLOOKUP(AN20,$IK$5000:$IU$5300,3) -> 4.6 | AR20: 24 | AS20: 0.41 | AT20: 0.29 | AU20: =IF(AS20=" ",0,ROUND(SUM(AS20:AT20),2)) -> 0.7 | AV20: =VLOOKUP(AU20,$IK$5000:$IU$5300,3) -> 2 | AY20: 24 | AZ20: 0.66 | BA20: 0.37 | BB20: =IF(AZ20=" ",0,ROUND(SUM(AZ20:BA20),2)) -> 1.03 | BC20: =VLOOKUP(BB20,$IK$5000:$IU$5300,3) -> 6.3 | BF20: 24 | BG20: 0.92 | BH20: 0.48 | BI20: =IF(BG20=" ",0,ROUND(SUM(BG20:BH20),2)) -> 1.4 | BJ20: =VLOOKUP(BI20,$IK$5000:$IU$5300,3) -> 13.2 | BM20: 24 | BN20: 0.71 | BO20: 0.4 | BP20: =IF(BN20=" ",0,ROUND(SUM(BN20:BO20),2)) -> 1.11 | BQ20: =VLOOKUP(BP20,$IK$5000:$IU$5300,3) -> 7.6 | BT20: 24 | BU20: 0.95 | BV20: 0.4 | BW20: =IF(BU20=" ",0,ROUND(SUM(BU20:BV20),2)) -> 1.35 | BX20: =VLOOKUP(BW20,$IK$5000:$IU$5300,3) -> 12.2 | CD20: =IF(CB20=" ",0,ROUND(SUM(CB20:CC20),2)) -> 0 | CE20: =VLOOKUP(CD20,$IK$5000:$IU$5300,3) -> 0 | CG20: 7 | CH20: =IF(B20=" ",F20,B20*F20/24) -> 0 | CI20: =IF(I20=" ",M20,I20*M20/24) -> 0 | CJ20: =IF(P20=" ",T20,P20*T20/24) -> 15.2 | CK20: =IF(W20=" ",AA20,W20*AA20/24) -> 19.6 | CL20: =IF(AD20=" ",AH20,AD20*AH20/24) -> 12.4 | CM20: =IF(AK20=" ",AO20,AK20*AO20/24) -> 4.6 | CN20: =IF(AR20=" ",AV20,AR20*AV20/24) -> 2 | CO20: =IF(AY20=" ",BC20,AY20*BC20/24) -> 6.3 | CP20: =IF(BF20=" ",BJ20,BF20*BJ20/24) -> 13.2 | CQ20: =IF(BM20=" ",BQ20,BM20*BQ20/24) -> 7.6 | CR20: =IF(BT20=" ",BX20,BT20*BX20/24) -> 12.2 | CS20: =IF(CA20=" ",CE20,CA20*CE20/24) -> 0
A21: 8 | C21: 0 | D21: 0 | E21: =IF(C21=" ",0,ROUND(SUM(C21:D21),2)) -> 0 | F21: =VLOOKUP(E21,$IK$5000:$IU$5300,3) -> 0 | L21: =IF(J21=" ",0,ROUND(SUM(J21:K21),2)) -> 0 | M21: =VLOOKUP(L21,$IK$5000:$IU$5300,3) -> 0 | P21: 24 | Q21: 0.91 | R21: 0.57 | S21: =IF(Q21=" ",0,ROUND(SUM(Q21:R21),2)) -> 1.48 | T21: =VLOOKUP(S21,$IK$5000:$IU$5300,3) -> 14.9 | W21: 24 | X21: 1.08 | Y21: 0.6 | Z21: =IF(X21=" ",0,ROUND(SUM(X21:Y21),2)) -> 1.68 | AA21: =VLOOKUP(Z21,$IK$5000:$IU$5300,3) -> 19.6 | AD21: 24 | AE21: 0.9 | AF21: 0.45 | AG21: =IF(AE21=" ",0,ROUND(SUM(AE21:AF21),2)) -> 1.35 | AH21: =VLOOKUP(AG21,$IK$5000:$IU$5300,3) -> 12.2 | AK21: 24 | AL21: 0.52 | AM21: 0.29 | AN21: =IF(AL21=" ",0,ROUND(SUM(AL21:AM21),2)) -> 0.81 | AO21: =VLOOKUP(AN21,$IK$5000:$IU$5300,3) -> 3.3 | AR21: 24 | AS21: 0.51 | AT21: 0.29 | AU21: =IF(AS21=" ",0,ROUND(SUM(AS21:AT21),2)) -> 0.8 | AV21: =VLOOKUP(AU21,$IK$5000:$IU$5300,3) -> 3.1 | AY21: 24 | AZ21: 0.79 | BA21: 0.38 | BB21: =IF(AZ21=" ",0,ROUND(SUM(AZ21:BA21),2)) -> 1.17 | BC21: =VLOOKUP(BB21,$IK$5000:$IU$5300,3) -> 8.7 | BF21: 24 | BG21: 0.88 | BH21: 0.48 | BI21: =IF(BG21=" ",0,ROUND(SUM(BG21:BH21),2)) -> 1.36 | BJ21: =VLOOKUP(BI21,$IK$5000:$IU$5300,3) -> 12.4 | BM21: 24 | BN21: 0.75 | BO21: 0.4 | BP21: =IF(BN21=" ",0,ROUND(SUM(BN21:BO21),2)) -> 1.15 | BQ21: =VLOOKUP(BP21,$IK$5000:$IU$5300,3) -> 8.3 | BT21: 24 | BU21: 0.95 | BV21: 0.39 | BW21: =IF(BU21=" ",0,ROUND(SUM(BU21:BV21),2)) -> 1.34 | BX21: =VLOOKUP(BW21,$IK$5000:$IU$5300,3) -> 12 | CD21: =IF(CB21=" ",0,ROUND(SUM(CB21:CC21),2)) -> 0 | CE21: =VLOOKUP(CD21,$IK$5000:$IU$5300,3) -> 0 | CG21: 8 | CH21: =IF(B21=" ",F21,B21*F21/24) -> 0 | CI21: =IF(I21=" ",M21,I21*M21/24) -> 0 | CJ21: =IF(P21=" ",T21,P21*T21/24) -> 14.9 | CK21: =IF(W21=" ",AA21,W21*AA21/24) -> 19.6 | CL21: =IF(AD21=" ",AH21,AD21*AH21/24) -> 12.2 | CM21: =IF(AK21=" ",AO21,AK21*AO21/24) -> 3.3 | CN21: =IF(AR21=" ",AV21,AR21*AV21/24) -> 3.1 | CO21: =IF(AY21=" ",BC21,AY21*BC21/24) -> 8.7 | CP21: =IF(BF21=" ",BJ21,BF21*BJ21/24) -> 12.4 | CQ21: =IF(BM21=" ",BQ21,BM21*BQ21/24) -> 8.3 | CR21: =IF(BT21=" ",BX21,BT21*BX21/24) -> 12 | CS21: =IF(CA21=" ",CE21,CA21*CE21/24) -> 0
