Workbook
Name _ftn1: 'stock-dom-com-ind-evap'!#REF!
Name _ftn2: 'stock-dom-com-ind-evap'!#REF!
Name _ftn3: 'stock-dom-com-ind-evap'!#REF!
Name _ftn4: 'stock-dom-com-ind-evap'!#REF!
Name _ftn5: 'stock-dom-com-ind-evap'!#REF!
Name _ftn6: 'stock-dom-com-ind-evap'!#REF!
Name _ftnref1: 'stock-dom-com-ind-evap'!$C$81
Name _ftnref2: 'stock-dom-com-ind-evap'!$C$82
Name _ftnref3: 'stock-dom-com-ind-evap'!$C$107
Name _ftnref4: 'stock-dom-com-ind-evap'!$C$108
Name _ftnref5: 'stock-dom-com-ind-evap'!$C$110
Name _ftnref6: 'stock-dom-com-ind-evap'!$C$111

Sheet stock-dom-com-ind-evap
A1: LIVESTOCK POPULATION
B2: All Cattle* | C2: Sheep** | D2: county ansi | E2: api key | F2: 153C1A44-28F2-3EA4-8C9B-2128CBAB7911
A4: Catron | B4: 33500 | C4: 100 | D4: ‘003 | E4: cattle | F4: quickstats.nass.usda.gov/api/api_GET/?key=153C1A44-28F2-3EA4-8C9B-2128CBAB7911&short_desc=CATTLE, INCL CALVES - INVENTORY&year=2025&state_alpha=NM&county_ansi=003&county_ansi=017&county_ansi=023
A5: Grant | B5: 26500 | C5: 100 | D5: ‘017 | E5: cattle | F5: quickstats.nass.usda.gov/api/api_GET/?key=153C1A44-28F2-3EA4-8C9B-2128CBAB7911&short_desc=sheep, INCL lambs - INVENTORY&year=2025&state_alpha=NM&county_ansi=003&county_ansi=017&county_ansi=023
A6: Hidalgo | B6: 18300 | C6: 0 | D6: ‘023
A7: * National Agricultural Statistics Service website www.nass.usda.gov/Statistics_by_State/New_Mexico/index.php. See New Mexico Publications: Annual Statistical Bulletin.
A8: ** Estimated. National Agricultural Statistics Service reports 1200 sheep for Grant, Catron, Hidalgo, Luna, Sierra, and Socorro counties combined (District 70). Most recent estimate: 2011.
E9: Head Months | F9: Head Cattle
A10: Gila National Forest, Gila/San Francisco watershed only*** | E10: 96983 | F10: =E10/12 -> 8081.9167 | H10: Tao: what is the value of 96983? --> Forest Service cattle surveys are conducted on a ‘grazing year’ calendar and will be available after March 1 of the following year. Enter this value in E10.
B11: 51% In the Gila Drainage: | E11: =E10*0.512 -> 49655.296 | F11: =E11/12 -> 4137.9413
B12: 49% In the San Francisco Drainage: | E12: =E10*0.488 -> 47327.704 | F12: =E12/12 -> 3943.9753
A13: *** per Gila National Forest
L14: aaa
A15: Gila River Basin exclusive of Virden Valley | L15: 44
L16: =L14&L15 -> aaa44
A17: Inside National Forest
B18: =E11/12 -> 4137.9413 | C18: head in National Forest year-around | H18: Tao: why divied by 12?
D19: Total stock use in the National Forest | E19: =B18*10*365/325851 -> 46.350896 | F19: acre-feet/year | H19: Tao: 10 gallon per day per cattle
A21: Outside National Forest
B22: Drainage Basin is 53% of Grant County
B23: =B5*0.53 -> 14045 | C23: =L23&B5&M23 -> is 53% of 26500 head of cattle | L23: is 53% of | M23: head of cattle
B24: =B23-B18 -> 9907.0587 | C24: is head-units outside Forest but within Gila Drainage in Grant County year-around
E25: =B24*10*365/325851 -> 110.97331 | F25: acre-feet/year | H25: Tao: 10 gallon per day per cattle
B26: =C5*0.53 -> 53 | C26: =L26&C4&M26 -> is 53% of 100 head of sheep | E26: =B26*2.2*365/325851 -> 0.13060878 | F26: acre-feet/year | H26: Tao: 2.2 gallon per day per sheep | L26: is 53% of | M26: head of sheep
D27: Total stock use outside the National Forest | E27: =E25+E26 -> 111.10392 | F27: acre-feet/year
B28: Total stock use in the Gila River Basin above Virden Valley | E28: =E19+E25+E26 -> 157.45482 | F28: acre-feet/year
A30: Gila River Basin, Virden Valley
B31: Drainage Basin is 6% of Hidalgo County
B32: =B6*0.06 -> 1098 | C32: =L32&B6&M32 -> is 6% of 18300 head of cattle | E32: =B32*12*365/325851 -> 14.759016 | F32: acre-feet/year | H32: Tao: 10 gallon per day per cattle | L32: is 6% of | M32: head of cattle
B33: =C6*0.06 -> 0 | C33: =L33&C6&M33 -> is 6% of 0 head of sheep | E33: =B33*2.2*365/325851 -> 0 | F33: acre-feet/year | H33: Tao: 2.2 gallon per day per sheep | L33: is 6% of | M33: head of sheep
D34: Total stock use in the Gila River Basin, Virden Valley | E34: =E32+E33 -> 14.759016 | F34: acre-feet/year
A35: San Simon
B36: Drainage Basin is 7% of Hidalgo County
B37: =B6*0.07 -> 1281 | C37: =L37&B6&M37 -> is 7% of 18300 head of cattle | E37: =B37*12*365/325851 -> 17.218852 | F37: acre-feet/year | H37: Tao: 10 gallon per day per cattle | L37: is 7% of | M37: head of cattle
B38: =C6*0.07 -> 0 | C38: =L38&C6&M38 -> is 7% of 0 head of sheep | E38: =B38*2.2*365/325851 -> 0 | F38: acre-feet/year | H38: Tao: 2.2 gallon per day per sheep | L38: is 7% of | M38: head of sheep
D39: Total stock use in the San Simon area | E39: =SUM(E37:E38) -> 17.218852 | F39: acre-feet/year
A41: San Francisco River Basin
A42: Inside National Forest
B43: =E12/12 -> 3943.9753 | C43: head in National Forest year-around
D44: Total stock use in the National Forest | E44: =B43*10*365/325851 -> 44.178198 | F44: acre-feet/year | H44: Tao: 10 gallon per day per cattle
A46: Outside National Forest
B47: Drainage Basin is 41% of Catron County
B48: =B4*0.41 -> 13735 | C48: =L48&B4&M48 -> is 41% of 33500 head of cattle | L48: is 41% of | M48: head of cattle
B49: =B48-B43 -> 9791.0247 | C49: is head-units outside Forest but within San Francisco Drainage in Catron County year-around
E50: =B49*10*365/325851 -> 109.67356 | F50: acre-feet/year
B51: =C4*0.41 -> 41 | C51: =L51&C4&M51 -> is 41% of 100 head of sheep | E51: =B51*2.2*365/325851 -> 0.10103698 | F51: acre-feet/year | L51: is 41% of | M51: head of sheep
D52: Total stock use in the San Francisco River Basin | E52: =SUM(E48:E51)+E44 -> 153.9528 | F52: acre-feet/year
A53: Municipal, Industrial, Domestic, Commercial
A54: Units: Acre-Feet
C55: Diversion | D55: Consumptive Use
A56: San Francisco River Basin
A57: Luna area | C57: 10.47 | D57: =C57*0.5 -> 5.235
A58: Apache Creek–Aragon area | C58: 4.38 | D58: =C58*0.5 -> 2.19
A59: Reserve area | C59: 65.5 | D59: =C59*0.5 -> 32.75
A60: Glenwood area | C60: 50.25 | D60: =C60*0.5 -> 25.125
A61: Total | C61: =SUM(C57:C60) -> 130.6 | D61: =SUM(D57:D60) -> 65.3
A62: Gila River Basin
A63: Upper Gila area1 | C63: 127.43 | D63: =(C63-82.59)*0.5 -> 22.42
A64: Cliff-Gila area2 | C64: =Freeport!B21+663.33+0+73.16 -> 7726.85 | D64: =((0+(73.16-0.23))*0.5)+663.33+Freeport!B22+cliffgila!W24 -> 6421.8717
A65: Redrock area | C65: 9.99 | D65: =C65*0.5 -> 4.995
A66: Total | C66: =SUM(C63:C65) -> 7864.27 | D66: =SUM(D63:D65) -> 6449.2867
A67: San Simon
A68: San Simon area | C68: 18.54 | D68: =C68*0.5 -> 9.27
A69: Virden Valley
A70: Virden Valley area | C70: 18.5 | D70: =C70*0.5 -> 9.25
A72: 1 Upper Gila diversion includes82.59 af for non-consumptive geothermal use
A73: 2 Cliff-Gila area consumptive use includes Freeport-McMoRan evaporation on Bill Evans Lake. Remaining Bill Evans Lake evap is charged to NM Game & Fish and is included under Lake Surface Evaporation.
A76: Lake Surface Evaporation
G77: Precipitation (inches) : Gila Hot Springs
A78: Reservoir | B78: Pan Evap | C78: Precip | D78: Evap | E78: Surface | F78: Evap
B79: x.70 (in) | C79: (in) | D79: (ft) | E79: area (ac) | F79: (af) | G79: Jan | H79: 1.47
G80: Feb | H80: 2.55
A81: Lake Roberts * | B81: 46.9 | C81: =H91 -> 14.95 | D81: =(B81-C81)/12 -> 2.6625 | E81: 89 | F81: =D81*E81 -> 236.9625 | G81: Mar | H81: 1.03
A82: Wall & Snow ** | B82: 44.8 | C82: =H91*1.25 -> 18.6875 | D82: =(B82-C82)/12 -> 2.1760417 | E82: 55 | F82: =D82*E82 -> 119.68229 | G82: Apr | H82: 0.18
A83: Total | F83: =F81+F82 -> 356.64479 | G83: May | H83: 0.15
G84: Jun | H84: 2.48
G85: Jul | H85: 2.93
A86: Bill Evans Lake (NM Game & Fish evap) *** | F86: 205.28 | G86: Aug | H86: 2.75
G87: Sep | H87: 0.44
G88: Oct | H88: 0.41
G89: Nov | H89: 0.53
G90: Dec | H90: 0.03
A91: Total reservoir evaporation exclusive of Virden Valley for the Gila River Basin: | F91: =F83+F86 -> 561.92479 | G91: Total | H91: =SUM(H79:H90) -> 14.95
A93: * Precipitation values from Gila Hot Springs Weather Station
A94: ** Precipitation values from Gila Hot Springs Weather Station adjusted up 25%
A95: *** Bill Evans Lake evaporation above 205.28 af is assigned to Freeport-McMoRan
A97: StockTank Evaporation
B98: Pan Evap | E98: Weighted
B99: X | C99: Precip | D99: Evap Rate | E99: Average | F99: Evap/tank | G99: No. of tanks | H99: Total Evap
A100: Area | B100: 0.8 (in) | C100: (in) | D100: (ft) | E100: Area (ac) | F100: (af) | H100: af
A103: Luna | B103: =luna!C24*12 -> 47.9 | C103: =luna!D24*12 -> 14.71 | D103: =(B103-C103)/12 -> 2.7658333 | E103: 0.31 | F103: =D103*E103 -> 0.85740833
A104: Ap-Aragon | B104: =apachearagon!C24*12 -> 52.68 | C104: =apachearagon!D24*12 -> 12.92 | D104: =(B104-C104)/12 -> 3.3133333 | E104: 0.31 | F104: =D104*E104 -> 1.0271333
A105: Reserve | B105: =reserve!C24*12 -> 55.9 | C105: =reserve!D24*12 -> 13.7 | D105: =(B105-C105)/12 -> 3.5166667 | E105: 0.31 | F105: =D105*E105 -> 1.0901667
A106: Glenwood | B106: =glenwood!C24*12 -> 71.05 | C106: =glenwood!D24*12 -> 13.51 | D106: =(B106-C106)/12 -> 4.795 | E106: 0.31 | F106: =D106*E106 -> 1.48645
A107: Upper Gila | B107: =uppergila!C24*12 -> 50.29 | C107: =uppergila!D24*12 -> 14.95 | D107: =(B107-C107)/12 -> 2.945 | E107: 0.3 | F107: =D107*E107 -> 0.8835
A108: Cliff Gila | B108: =cliffgila!C24*12 -> 71.05 | C108: =cliffgila!D24*12 -> 12.45 | D108: =(B108-C108)/12 -> 4.8833333 | E108: 0.3 | F108: =D108*E108 -> 1.465
A109: Redrock | B109: =redrock!C24*12 -> 71.05 | C109: =redrock!D24*12 -> 8.57 | D109: =(B109-C109)/12 -> 5.2066667 | E109: 0.3 | F109: =D109*E109 -> 1.562
A110: Virden | B110: =virden!C23*12 -> 71.05 | C110: =virden!D23*12 -> 7.04 | D110: =(B110-C110)/12 -> 5.3341667 | E110: 0.3 | F110: =D110*E110 -> 1.60025
A111: San Simon | B111: =sansimon!C23*12 -> 79.84 | C111: =sansimon!D23*12 -> 7.32 | D111: =(B111-C111)/12 -> 6.0433333 | E111: 0.26 | F111: =D111*E111 -> 1.5712667
A113: San Francisco River Basin
...

Sheet Freeport
A5: Freeport-McMoRan
A7: Diversion & Consumptive Use Accounting
B10: Freeport McMoRan
B11: Units: Acre-Feet
A12: Tyrone Wells diversion under 02260 | B12: 3981.74 | E12: 1
A13: Tyrone diversion under GSF-85 | B13: 600.69 | E13: 1
A14: Diversion from Evans Reservoir to Mine | B14: 0.06 | E14: 1
A15: Evaporation from Bill Evans Reservoir2 | B15: 63.86 | E15: 1
A16: Diversion for T-irrigation | B16: 3000.1 | E16: 1
A17: Consumptive Use for T-irrigation | B17: 1665.48 | E17: 1
A18: T-13/USFS diversion | B18: 8.52 | E18: 1
A19: Seepage credit from Bill Evans Dam | B19: 36.65 | E19: 1
A21: Total Diversion | B21: =+B12+B16+B18 -> 6990.36
A22: Total Consumptive Use | B22: =+B12+B14+B15+B17+B18-B19 -> 5683.01
A24: 1 Freeport-McMoRan provided data
A25: 2 The first 205.28 af of Evans Reservoir evap is assigned to NM Game & Fish

Sheet Diversions
A1: GILA – SAN FRANCISCO & SAN SIMON BASIN DIVERSIONS
C3: Units: Acre-Feet
C4: Measured | D4: Estimated | E4: Dom & Mun | F4: Total
B5: Measuring | C5: Irrigation | D5: Irrigation | E5: Com & Inds
A6: Area | B6: Device | C6: Diversions | D6: Diversions * | E6: Diversions
A8: Luna | B8: Digital | C8: =luna!E24+luna!K24+luna!Q24+luna!W24+luna!AC24+luna!AI24 -> 1176.2474 | F8: =SUM(C8:E8) -> 1176.2474
B9: Totalizer | E9: ='stock-dom-com-ind-evap'!C57 -> 10.47 | F9: =SUM(C9:E9) -> 10.47
B10: Estimated | D10: =M65 -> 264.9978 | F10: =SUM(C10:E10) -> 264.9978
B11: Total | F11: =SUM(F8:F10) -> 1451.7152
A12: * Estimated for non-metered ditches
A13: Apache-Aragon | B13: Digital | C13: =apachearagon!E24 -> 0 | F13: =SUM(C13:E13) -> 0
B14: Totalizer | E14: ='stock-dom-com-ind-evap'!C58 -> 4.38 | F14: =SUM(C14:E14) -> 4.38
B15: Estimated | D15: =M66 -> 59.803244 | F15: =SUM(C15:E15) -> 59.803244
B16: Total | F16: =SUM(F13:F15) -> 64.183244
A17: * Estimated for non-metered ditches
A18: Reserve | B18: Digital | C18: =reserve!E24+reserve!K24+reserve!Q24+reserve!W24+reserve!AC24+reserve!AI24+reserve!AO24 -> 3788.6143 | F18: =SUM(C18:E18) -> 3788.6143
B19: Totalizer | E19: ='stock-dom-com-ind-evap'!C59 -> 65.5 | F19: =SUM(C19:E19) -> 65.5
B20: Estimated | D20: =M67 -> 248.06519 | F20: =SUM(C20:E20) -> 248.06519
B21: Total | F21: =SUM(F18:F20) -> 4102.1795
A22: * Estimated for non-metered ditches
A23: Glenwood | B23: Digital | C23: =+glenwood!K24+glenwood!Q24+glenwood!W24+glenwood!AC24+glenwood!AI24 -> 6998.0458 | F23: =SUM(C23:E23) -> 6998.0458
B24: Totalizer | C24: =glenwood!AI32 -> 116.58 | E24: ='stock-dom-com-ind-evap'!C60 -> 50.25 | F24: =SUM(C24:E24) -> 166.83
B25: Estimated | D25: =M68 -> 1039.1686 | F25: =SUM(C25:E25) -> 1039.1686
B26: Total | F26: =SUM(F23:F25) -> 8204.0444
A27: * Estimated for non-metered ditches
A28: Total San Francisco Basin | F28: =F26+F21+F16+F11 -> 13822.122
A30: Cliff – Gila | B30: Digital | C30: =cliffgila!E24+cliffgila!K24+cliffgila!Q24+cliffgila!AC24+cliffgila!AI24+cliffgila!AO24 -> 27236.215 | F30: =SUM(C30:E30) -> 27236.215
B31: Totalizer | C31: =cliffgila!V49 -> 262.46 | E31: ='stock-dom-com-ind-evap'!C64 -> 7726.85 | F31: =SUM(C31:E31) -> 7989.31
B32: Estimated | D32: =M69 -> 3196.9017 | F32: =SUM(C32:E32) -> 3196.9017
B33: Total | F33: =SUM(F30:F32) -> 38422.426
A34: * Estimated for non-metered ditches
A35: Upper Gila | B35: Digital | C35: =uppergila!E24 -> 1324.3148 | F35: =SUM(C35:E35) -> 1324.3148
B36: Totalizer | E36: ='stock-dom-com-ind-evap'!C63 -> 127.43 | F36: =SUM(C36:E36) -> 127.43
B37: Estimated | D37: =M70 -> 291.07451 | F37: =SUM(C37:E37) -> 291.07451
B38: Total | F38: =SUM(F35:F37) -> 1742.8193
A39: * Estimated for non-metered ditches
A40: Redrock | B40: Digital | C40: =redrock!E24 -> 758.69066 | F40: =SUM(C40:E40) -> 758.69066
B41: Totalizer | C41: =redrock!W42 -> 2.27 | E41: ='stock-dom-com-ind-evap'!C65 -> 9.99 | F41: =SUM(C41:E41) -> 12.26
B42: Estimated | D42: =M71 -> 80.442183 | F42: =SUM(C42:E42) -> 80.442183
B43: Total | F43: =SUM(F40:F42) -> 851.39285
A44: * Estimated for non-metered ditches
A45: Total Gila Basin | F45: =F43+F38+F33 -> 41016.639
A47: Virden Valley | B47: Digital | F47: =SUM(C47:E47) -> 0
B48: Totalizer | C48: =virden!V42 -> 1.31 | E48: ='stock-dom-com-ind-evap'!C70 -> 18.5 | F48: =SUM(C48:E48) -> 19.81
B49: Estimated | D49: =M72-C48 -> 122.93097 | F49: =SUM(C49:E49) -> 122.93097
B50: Total | F50: =SUM(F47:F49) -> 142.74097
A51: Note: Virden Valley estimated diversion is reduced by VV-4, VV-4-S, VV-13-S, & VV-24-POD3 totalizer amounts, if any.
A52: Total Virden Valley | F52: =F50 -> 142.74097
A54: San Simon | B54: Digital | F54: =SUM(C54:E54) -> 0
B55: Totalizer | C55: =sansimon!V56 -> 532.88 | E55: ='stock-dom-com-ind-evap'!C68 -> 18.54 | F55: =SUM(C55:E55) -> 551.42
B56: Estimated | D56: =IF(M73>C55,M73-C55,0) -> 3019.0356 | F56: =SUM(C56:E56) -> 3019.0356
B57: Total | F57: =SUM(F54:F56) -> 3570.4556
A58: Total San Simon | F58: =F57 -> 3570.4556
A59: The listed irrigation diversion amounts do not include non-consumptive diversions made outside of the irrigation season.
A61: Gila – San Francisco estimated irrigation diversions for acreage served by non-metered diversions
A63: AREA | B63: CIR (ft) | C63: Net Reservoir Evap (ft) | D63: Short Supplied Reservoir Acres | E63: Short Supplied Crop Acres | F63: e1 | G63: Fractional Shortage to CU | H63: Estimated diversion to short supplied acres (af) | I63: Full Supplied Reservoir Acres | J63: Full Supplied Crop Acres | K63: e2 | L63: Estimated diversion to full supplied acres (af) | M63: Total Estimated Diversion (af)
A65: Luna | B65: =luna!C29 -> 1.3891667 | C65: =luna!C24-luna!D24 -> 2.7658333 | D65: =luna!M31 -> 21.92 | E65: =luna!M29 -> 15.01 | F65: =luna!D3 -> 0.30 | G65: =luna!J32 -> 0.26701292 | H65: =((E65*B65/F65)+(D65*C65/F65))*(1-G65) -> 199.07553 | I65: =luna!P31 -> 0 | J65: =luna!P29 -> 26.1 | K65: 0.55 | L65: =((J65*B65)+(I65*C65))/K65 -> 65.922273 | M65: =L65+H65 -> 264.9978
A66: Apache-Aragon* | B66: =apachearagon!C28 -> 1.5091667 | C66: =apachearagon!C24-apachearagon!D24 -> 3.3133333 | D66: =apachearagon!P30 -> 0 | E66: =apachearagon!P28 -> 14.86 | F66: =apachearagon!D3 -> 0.375 | G66: 0 | H66: =((E66*B66/F66)+(D66*C66/F66))*(1-G66) -> 59.803244 | I66: 0 | J66: 0 | K66: 0.55 | L66: =((J66*B66)+(I66*C66))/K66 -> 0 | M66: =L66+H66 -> 59.803244
A67: Reserve | B67: =reserve!C29 -> 1.6466667 | C67: =reserve!C24-reserve!D24 -> 3.5166667 | D67: =reserve!M31 -> 7.35 | E67: =reserve!M29 -> 79.43 | F67: =reserve!D3 -> 0.375 | G67: =reserve!J32 -> 0.62409684 | H67: =((E67*B67/F67)+(D67*C67/F67))*(1-G67) -> 157.0195 | I67: =reserve!P31 -> 0 | J67: =reserve!P29 -> 30.41 | K67: 0.55 | L67: =((J67*B67)+(I67*C67))/K67 -> 91.045697 | M67: =L67+H67 -> 248.06519
A68: Glenwood | B68: =glenwood!C29 -> 2.2508333 | C68: =glenwood!C24-glenwood!D24 -> 4.795 | D68: =glenwood!M31 -> 5.7 | E68: =glenwood!M29 -> 175.25 | F68: =glenwood!D3 -> 0.41 | G68: =glenwood!J32 -> 0.30474152 | H68: =((E68*B68/F68)+(D68*C68/F68))*(1-G68) -> 715.25147 | I68: =glenwood!P31 -> 0.08 | J68: =glenwood!P29 -> 78.98 | K68: 0.55 | L68: =((J68*B68)+(I68*C68))/K68 -> 323.91712 | M68: =L68+H68 -> 1039.1686
A69: Cliff-Gila | B69: =cliffgila!C29 -> 2.2783333 | C69: =cliffgila!C24-cliffgila!D24 -> 4.8833333 | D69: =cliffgila!M31 -> 66.23 | E69: =cliffgila!M29 -> 307.86 | F69: =cliffgila!D3 -> 0.41 | G69: =cliffgila!J32 -> 0 | H69: =((E69*B69/F69)+(D69*C69/F69))*(1-G69) -> 2499.5875 | I69: =cliffgila!P31 -> 1.01 | J69: =cliffgila!P29 -> 166.17 | K69: 0.55 | L69: =((J69*B69)+(I69*C69))/K69 -> 697.31421 | M69: =L69+H69 -> 3196.9017
A70: Upper Gila | B70: =uppergila!C28 -> 1.82 | C70: =uppergila!C24-uppergila!D24 -> 2.945 | D70: =uppergila!M30 -> 2.42 | E70: =uppergila!M28 -> 29.35 | F70: =uppergila!D3 -> 0.338 | G70: =uppergila!J31 -> 0 | H70: =((E70*B70/F70)+(D70*C70/F70))*(1-G70) -> 179.12396 | I70: =uppergila!P30 -> 1.28 | J70: =uppergila!P28 -> 31.76 | K70: 0.55 | L70: =((J70*B70)+(I70*C70))/K70 -> 111.95055 | M70: =L70+H70 -> 291.07451
A71: Redrock | B71: =redrock!C28 -> 2.9016667 | C71: =redrock!C24-redrock!D24 -> 5.2066667 | D71: =redrock!L30 -> 0 | E71: =redrock!L28 -> 19.55 | F71: =redrock!D3 -> 0.441 | G71: =redrock!J31 -> 0.38858747 | H71: =((E71*B71/F71)+(D71*C71/F71))*(1-G71) -> 78.648425 | I71: =redrock!O30 -> 0 | J71: =redrock!O28 -> 0.34 | K71: 0.55 | L71: =((J71*B71)+(I71*C71))/K71 -> 1.7937576 | M71: =L71+H71 -> 80.442183
A72: Virden Valley ** | B72: =virden!C28 -> 2.8283333 | C72: =virden!C23-virden!D23 -> 5.3341667 | I72: =virden!P30 -> 0 | J72: =virden!P28 -> 24.16 | K72: 0.55 | L72: =((J72*B72)+(I72*C72))/K72 -> 124.24097 | M72: =L72+H72 -> 124.24097
A73: San Simon** | B73: =sansimon!C28 -> 3.1191667 | C73: =sansimon!C23-sansimon!D23 -> 6.0433333 | I73: =sansimon!O30 -> 0.38 | J73: =sansimon!O28 -> 625.57 | K73: 0.55 | L73: =((J73*B73)+(I73*C73))/K73 -> 3551.9156 | M73: =L73+H73 -> 3551.9156
A75: e1 = farm efficiency X canal efficiency
A76: e2 = farm efficiency (groundwater)
A77: * Subject to shortage but full supply assumed
A78: ** Partially metered

Sheet luna
A1: LUNA | B1: Crop acres diversion required for CU = crop acres * CIR / e; Reservoir acres diversion required for CU = reservoir acres * ( (monthly pan evap * 0.8) - precip) / e
A3: "e" = efficiency diversion to consumptive use= | D3: 0.30 | E3: Farm efficiency (40%)a multiplied by canal efficiency (75%)b = 30%
A4: a Gila River Hydrographic Survey Report Volume 5; b 1970 Arizona v. California Report backup computations
A5: Metered Diversions -- Crop Acres and Reservoir Acres
E6: Northside Luna Ditch | K6: William S. Laney Ditch | Q6: A. Laney Ditch | W6: Leslie Laney Ditch | AC6: Adair Luna Ditch
F7: 1.22 | G7: reservoir acres | L7: 1.25 | M7: reservoir acres | R7: 0 | S7: reservoir acres | X7: 0.06 | Y7: reservoir acres | AD7: 0 | AE7: reservoir acres
F8: 0 | G8: pre-plant acres | L8: 0 | M8: pre-plant acres | R8: 0 | S8: pre-plant acres | X8: 0 | Y8: pre-plant acres | AD8: 0 | AE8: pre-plant acres
F9: 77 | G9: crop acres | L9: 38.58 | M9: crop acres | R9: 14.44 | S9: crop acres | X9: 0 | Y9: crop acres | AD9: 12.23 | AE9: crop acres
F10: =SUM(F7:F9) -> 78.22 | G10: total acres | L10: =SUM(L7:L9) -> 39.83 | M10: total acres | R10: =SUM(R7:R9) -> 14.44 | S10: total acres | X10: =SUM(X7:X9) -> 0.06 | Y10: total acres | AD10: =SUM(AD7:AD9) -> 12.23 | AE10: total acres
A11: MONTH | B11: CIR (ft)/e | C11: Average Area Monthly Pan *(0.8) Evaporation (ft) | D11: Precipitation (ft) | E11: Diverted | F11: Reservoir Evap. minus Precip. (ac-ft) | G11: Reservoir Acres Diversion required for CU | H11: Crop Acres Diversion required for CU | I11: Total Diversion required for CU | J11: Total Short to Required Diversion | K11: Diverted | L11: Reservoir Evap. minus Precip. (ac-ft) | M11: Reservoir Acres Diversion required for CU | N11: Crop Acres Diversion required for CU | O11: Total Diversion required for CU | P11: Total Short to Required Diversion | Q11: Diverted | R11: Reservoir Evap. minus Precip. (ac-ft) | S11: Reservoir Acres Diversion required for CU | T11: Crop Acres Diversion required for CU | U11: Total Diversion required for CU | V11: Total Short to Required Diversion | W11: Diverted | X11: Reservoir Evap. minus Precip. (ac-ft) | Y11: Reservoir Acres Diversion required for CU | Z11: Crop Acres Diversion required for CU | AA11: Total Diversion required for CU | AB11: Total Short to Required Diversion | AC11: Diverted | AD11: Reservoir Evap. minus Precip. (ac-ft) | AE11: Reservoir Acres Diversion required for CU | AF11: Crop Acres Diversion required for CU | AG11: Total Diversion required for CU | AH11: Total Short to Required Diversion
A12: January | B12: =F46/$D$3 -> 0 | C12: =1.49/12 -> 0.12416667 | D12: 0.11333333 | E12: 0 | F12: =$F$7*(IF($C12-$D12<0,0,ABS($C12-$D12))) -> 0.013216667 | G12: =F12/$D$3 -> 0.044055556 | H12: =F$9*$B12 -> 0 | I12: =G12+H12 -> 0.044055556 | J12: 0 | K12: 0 | L12: =$L$7*(IF($C12-$D12<0,0,ABS($C12-$D12))) -> 0.013541667 | M12: =L12/$D$3 -> 0.045138889 | N12: =L$9*$B12 -> 0 | O12: =M12+N12 -> 0.045138889 | P12: 0 | Q12: 0 | R12: =R$7*(IF($C12-$D12<0,0,ABS($C12-$D12))) -> 0 | S12: =R12/$D$3 -> 0 | T12: =R$9*$B12 -> 0 | U12: =S12+T12 -> 0 | V12: =IF(Q12-U12>0,0,ABS(Q12-U12)) -> 0 | W12: 0 | X12: =$X$7*(IF($C12-$D12<0,0,ABS($C12-$D12))) -> 0.00065 | Y12: =X12/$D$3 -> 0.0021666667 | Z12: =X$9*$B12 -> 0 | AA12: =Y12+Z12 -> 0.0021666667 | AB12: 0 | AC12: 0 | AD12: =$AD$7*(IF($C12-$D12<0,0,ABS($C12-$D12))) -> 0 | AE12: =AD12/$D$3 -> 0 | AF12: =AD$9*$B12 -> 0 | AG12: =AE12+AF12 -> 0 | AH12: =IF(AC12-AG12>0,0,ABS(AC12-AG12)) -> 0
A13: February | B13: =G46/$D$3 -> 0 | C13: =1.97/12 -> 0.16416667 | D13: 0.11916667 | E13: 0 | F13: =$F$7*(IF($C13-$D13<0,0,ABS($C13-$D13))) -> 0.0549 | G13: =F13/$D$3 -> 0.183 | H13: =F$9*$B13 -> 0 | I13: =G13+H13 -> 0.183 | J13: 0 | K13: 0 | L13: =$L$7*(IF($C13-$D13<0,0,ABS($C13-$D13))) -> 0.05625 | M13: =L13/$D$3 -> 0.1875 | N13: =L$9*$B13 -> 0 | O13: =M13+N13 -> 0.1875 | P13: 0 | Q13: 0 | R13: =R$7*(IF($C13-$D13<0,0,ABS($C13-$D13))) -> 0 | S13: =R13/$D$3 -> 0 | T13: =R$9*$B13 -> 0 | U13: =S13+T13 -> 0 | V13: =IF(Q13-U13>0,0,ABS(Q13-U13)) -> 0 | W13: 0 | X13: =$X$7*(IF($C13-$D13<0,0,ABS($C13-$D13))) -> 0.0027 | Y13: =X13/$D$3 -> 0.009 | Z13: =X$9*$B13 -> 0 | AA13: =Y13+Z13 -> 0.009 | AB13: 0 | AC13: 0 | AD13: =$AD$7*(IF($C13-$D13<0,0,ABS($C13-$D13))) -> 0 | AE13: =AD13/$D$3 -> 0 | AF13: =AD$9*$B13 -> 0 | AG13: =AE13+AF13 -> 0 | AH13: =IF(AC13-AG13>0,0,ABS(AC13-AG13)) -> 0
A14: March | B14: =H46/$D$3 -> 0 | C14: =4.13/12 -> 0.34416667 | D14: 0.18583333 | E14: 5.2165261 | F14: =$F$7*(IF($C14-$D14<0,0,ABS($C14-$D14))) -> 0.19316667 | G14: =F14/$D$3 -> 0.64388889 | H14: =F$9*$B14 -> 0 | I14: =G14+H14 -> 0.64388889 | J14: =IF(E14-I14>0,0,ABS(E14-I14)) -> 0 | K14: 34.43899 | L14: =$L$7*(IF($C14-$D14<0,0,ABS($C14-$D14))) -> 0.19791667 | M14: =L14/$D$3 -> 0.65972222 | N14: =L$9*$B14 -> 0 | O14: =M14+N14 -> 0.65972222 | P14: =IF(K14-O14>0,0,ABS(K14-O14)) -> 0 | Q14: 0 | R14: 36.437914 | S14: 47.197363 | T14: 50.228568 | U14: 32.553598 | V14: 0 | W14: 43.358654 | X14: 0 | Y14: 0 | Z14: =X$9*$B14 -> 0 | AA14: =Y14+Z14 -> 0 | AB14: =IF(W14-AA14>0,0,ABS(W14-AA14)) -> 0 | AC14: 0 | AD14: =$AD$7*(IF($C14-$D14<0,0,ABS($C14-$D14))) -> 0 | AE14: =AD14/$D$3 -> 0 | AF14: =AD$9*$B14 -> 0 | AG14: =AE14+AF14 -> 0 | AH14: =IF(AC14-AG14>0,0,ABS(AC14-AG14)) -> 0
A15: April | B15: =I46/$D$3 -> 0.14971773 | C15: =5.38/12 -> 0.44833333 | D15: 0.040833333 | E15: 16.384123 | F15: =$F$7*(IF($C15-$D15<0,0,ABS($C15-$D15))) -> 0.49715 | G15: =F15/$D$3 -> 1.6571667 | H15: =F$9*$B15 -> 11.528265 | I15: =G15+H15 -> 13.185432 | J15: =IF(E15-I15>0,0,ABS(E15-I15)) -> 0 | K15: 67.273352 | L15: =$L$7*(IF($C15-$D15<0,0,ABS($C15-$D15))) -> 0.509375 | M15: =L15/$D$3 -> 1.6979167 | N15: =L$9*$B15 -> 5.7761101 | O15: =M15+N15 -> 7.4740268 | P15: =IF(K15-O15>0,0,ABS(K15-O15)) -> 0 | Q15: 27.059613 | R15: =R$7*(IF($C15-$D15<0,0,ABS($C15-$D15))) -> 0 | S15: =R15/$D$3 -> 0 | T15: =R$9*$B15 -> 2.161924 | U15: =S15+T15 -> 2.161924 | V15: =IF(Q15-U15>0,0,ABS(Q15-U15)) -> 0 | W15: 32.054859 | X15: =$X$7*(IF($C15-$D15<0,0,ABS($C15-$D15))) -> 0.02445 | Y15: =X15/$D$3 -> 0.0815 | Z15: =X$9*$B15 -> 0 | AA15: =Y15+Z15 -> 0.0815 | AB15: =IF(W15-AA15>0,0,ABS(W15-AA15)) -> 0 | AC15: 2.5999366 | AD15: =$AD$7*(IF($C15-$D15<0,0,ABS($C15-$D15))) -> 0 | AE15: =AD15/$D$3 -> 0 | AF15: =AD$9*$B15 -> 1.8310479 | AG15: =AE15+AF15 -> 1.8310479 | AH15: =IF(AC15-AG15>0,0,ABS(AC15-AG15)) -> 0
A16: May | B16: =J46/$D$3 -> 0.69511804 | C16: =6.19/12 -> 0.51583333 | D16: 0.0041666667 | E16: 2.6088622 | F16: =$F$7*(IF($C16-$D16<0,0,ABS($C16-$D16))) -> 0.62423333 | G16: =F16/$D$3 -> 2.0807778 | H16: =F$9*$B16 -> 53.524089 | I16: =G16+H16 -> 55.604867 | J16: =IF(E16-I16>0,0,ABS(E16-I16)) -> 52.996005 | K16: 91.061108 | L16: =$L$7*(IF($C16-$D16<0,0,ABS($C16-$D16))) -> 0.63958333 | M16: =L16/$D$3 -> 2.1319444 | N16: =L$9*$B16 -> 26.817654 | O16: =M16+N16 -> 28.949598 | P16: =IF(K16-O16>0,0,ABS(K16-O16)) -> 0 | Q16: 42.180473 | R16: =R$7*(IF($C16-$D16<0,0,ABS($C16-$D16))) -> 0 | S16: =R16/$D$3 -> 0 | T16: =R$9*$B16 -> 10.037504 | U16: =S16+T16 -> 10.037504 | V16: =IF(Q16-U16>0,0,ABS(Q16-U16)) -> 0 | W16: 0 | X16: =$X$7*(IF($C16-$D16<0,0,ABS($C16-$D16))) -> 0.0307 | Y16: =X16/$D$3 -> 0.10233333 | Z16: =X$9*$B16 -> 0 | AA16: =Y16+Z16 -> 0.10233333 | AB16: =IF(W16-AA16>0,0,ABS(W16-AA16)) -> 0.10233333 | AC16: 0 | AD16: =$AD$7*(IF($C16-$D16<0,0,ABS($C16-$D16))) -> 0 | AE16: =AD16/$D$3 -> 0 | AF16: =AD$9*$B16 -> 8.5012936 | AG16: =AE16+AF16 -> 8.5012936 | AH16: =IF(AC16-AG16>0,0,ABS(AC16-AG16)) -> 8.5012936
A17: June | B17: =K46/$D$3 -> 1.1710065 | C17: =7.39/12 -> 0.61583333 | D17: 0.045833333 | E17: 109.21554 | F17: =$F$7*(IF($C17-$D17<0,0,ABS($C17-$D17))) -> 0.6954 | G17: =F17/$D$3 -> 2.318 | H17: =F$9*$B17 -> 90.167504 | I17: =G17+H17 -> 92.485504 | J17: =IF(E17-I17>0,0,ABS(E17-I17)) -> 0 | K17: 70.448887 | L17: =$L$7*(IF($C17-$D17<0,0,ABS($C17-$D17))) -> 0.7125 | M17: =L17/$D$3 -> 2.375 | N17: =L$9*$B17 -> 45.177432 | O17: =M17+N17 -> 47.552432 | P17: =IF(K17-O17>0,0,ABS(K17-O17)) -> 0 | Q17: 31.856512 | R17: =R$7*(IF($C17-$D17<0,0,ABS($C17-$D17))) -> 0 | S17: =R17/$D$3 -> 0 | T17: =R$9*$B17 -> 16.909334 | U17: =S17+T17 -> 16.909334 | V17: =IF(Q17-U17>0,0,ABS(Q17-U17)) -> 0 | W17: 0 | X17: =$X$7*(IF($C17-$D17<0,0,ABS($C17-$D17))) -> 0.0342 | Y17: =X17/$D$3 -> 0.114 | Z17: =X$9*$B17 -> 0 | AA17: =Y17+Z17 -> 0.114 | AB17: =IF(W17-AA17>0,0,ABS(W17-AA17)) -> 0.114 | AC17: 0 | AD17: =$AD$7*(IF($C17-$D17<0,0,ABS($C17-$D17))) -> 0 | AE17: =AD17/$D$3 -> 0 | AF17: =AD$9*$B17 -> 14.32141 | AG17: =AE17+AF17 -> 14.32141 | AH17: =IF(AC17-AG17>0,0,ABS(AC17-AG17)) -> 14.32141
A18: July | B18: =L46/$D$3 -> 0.6229327 | C18: =5.66/12 -> 0.47166667 | D18: 0.3425 | E18: 19.840509 | F18: =$F$7*(IF($C18-$D18<0,0,ABS($C18-$D18))) -> 0.15758333 | G18: =F18/$D$3 -> 0.52527778 | H18: =F$9*$B18 -> 47.965818 | I18: =G18+H18 -> 48.491096 | J18: =IF(E18-I18>0,0,ABS(E18-I18)) -> 28.650587 | K18: 65.50608 | L18: =$L$7*(IF($C18-$D18<0,0,ABS($C18-$D18))) -> 0.16145833 | M18: =L18/$D$3 -> 0.53819444 | N18: =L$9*$B18 -> 24.032744 | O18: =M18+N18 -> 24.570938 | P18: =IF(K18-O18>0,0,ABS(K18-O18)) -> 0 | Q18: 39.957003 | R18: =R$7*(IF($C18-$D18<0,0,ABS($C18-$D18))) -> 0 | S18: =R18/$D$3 -> 0 | T18: =R$9*$B18 -> 8.9951483 | U18: =S18+T18 -> 8.9951483 | V18: =IF(Q18-U18>0,0,ABS(Q18-U18)) -> 0 | W18: 0 | X18: =$X$7*(IF($C18-$D18<0,0,ABS($C18-$D18))) -> 0.00775 | Y18: =X18/$D$3 -> 0.025833333 | Z18: =X$9*$B18 -> 0 | AA18: =Y18+Z18 -> 0.025833333 | AB18: =IF(W18-AA18>0,0,ABS(W18-AA18)) -> 0.025833333 | AC18: 0 | AD18: =$AD$7*(IF($C18-$D18<0,0,ABS($C18-$D18))) -> 0 | AE18: =AD18/$D$3 -> 0 | AF18: =AD$9*$B18 -> 7.618467 | AG18: =AE18+AF18 -> 7.618467 | AH18: =IF(AC18-AG18>0,0,ABS(AC18-AG18)) -> 7.618467
A19: August | B19: =M46/$D$3 -> 0.79136515 | C19: =4.7/12 -> 0.39166667 | D19: 0.19833333 | E19: 14.657843 | F19: =$F$7*(IF($C19-$D19<0,0,ABS($C19-$D19))) -> 0.23586667 | G19: =F19/$D$3 -> 0.78622222 | H19: =F$9*$B19 -> 60.935117 | I19: =G19+H19 -> 61.721339 | J19: =IF(E19-I19>0,0,ABS(E19-I19)) -> 47.063496 | K19: 63.106082 | L19: =$L$7*(IF($C19-$D19<0,0,ABS($C19-$D19))) -> 0.24166667 | M19: =L19/$D$3 -> 0.80555556 | N19: =L$9*$B19 -> 30.530868 | O19: =M19+N19 -> 31.336423 | P19: =IF(K19-O19>0,0,ABS(K19-O19)) -> 0 | Q19: 39.550392 | R19: =R$7*(IF($C19-$D19<0,0,ABS($C19-$D19))) -> 0 | S19: =R19/$D$3 -> 0 | T19: =R$9*$B19 -> 11.427313 | U19: =S19+T19 -> 11.427313 | V19: =IF(Q19-U19>0,0,ABS(Q19-U19)) -> 0 | W19: 0 | X19: =$X$7*(IF($C19-$D19<0,0,ABS($C19-$D19))) -> 0.0116 | Y19: =X19/$D$3 -> 0.038666667 | Z19: =X$9*$B19 -> 0 | AA19: =Y19+Z19 -> 0.038666667 | AB19: =IF(W19-AA19>0,0,ABS(W19-AA19)) -> 0.038666667 | AC19: 0 | AD19: =$AD$7*(IF($C19-$D19<0,0,ABS($C19-$D19))) -> 0 | AE19: =AD19/$D$3 -> 0 | AF19: =AD$9*$B19 -> 9.6783958 | AG19: =AE19+AF19 -> 9.6783958 | AH19: =IF(AC19-AG19>0,0,ABS(AC19-AG19)) -> 9.6783958
A20: September | B20: =N46/$D$3 -> 0.78067103 | C20: =4.18/12 -> 0.34833333 | D20: 0.065833333 | E20: 60.989813 | F20: =$F$7*(IF($C20-$D20<0,0,ABS($C20-$D20))) -> 0.34465 | G20: =F20/$D$3 -> 1.1488333 | H20: =F$9*$B20 -> 60.111669 | I20: =G20+H20 -> 61.260503 | J20: =IF(E20-I20>0,0,ABS(E20-I20)) -> 0.27068909 | K20: 72.595002 | L20: =$L$7*(IF($C20-$D20<0,0,ABS($C20-$D20))) -> 0.353125 | M20: =L20/$D$3 -> 1.1770833 | N20: =L$9*$B20 -> 30.118288 | O20: =M20+N20 -> 31.295372 | P20: =IF(K20-O20>0,0,ABS(K20-O20)) -> 0 | Q20: 0 | R20: =R$7*(IF($C20-$D20<0,0,ABS($C20-$D20))) -> 0 | S20: =R20/$D$3 -> 0 | T20: =R$9*$B20 -> 11.27289 | U20: =S20+T20 -> 11.27289 | V20: =IF(Q20-U20>0,0,ABS(Q20-U20)) -> 11.27289 | W20: 0 | X20: =$X$7*(IF($C20-$D20<0,0,ABS($C20-$D20))) -> 0.01695 | Y20: =X20/$D$3 -> 0.0565 | Z20: =X$9*$B20 -> 0 | AA20: =Y20+Z20 -> 0.0565 | AB20: =IF(W20-AA20>0,0,ABS(W20-AA20)) -> 0.0565 | AC20: 0 | AD20: =$AD$7*(IF($C20-$D20<0,0,ABS($C20-$D20))) -> 0 | AE20: =AD20/$D$3 -> 0 | AF20: =AD$9*$B20 -> 9.5476067 | AG20: =AE20+AF20 -> 9.5476067 | AH20: =IF(AC20-AG20>0,0,ABS(AC20-AG20)) -> 9.5476067
A21: October | B21: =O46/$D$3 -> 0.41974435 | C21: =3.5/12 -> 0.29166667 | D21: 0.049166667 | E21: 26.711768 | F21: =$F$7*(IF($C21-$D21<0,0,ABS($C21-$D21))) -> 0.29585 | G21: =F21/$D$3 -> 0.98616667 | H21: =F$9*$B21 -> 32.320315 | I21: =G21+H21 -> 33.306482 | J21: =IF(E21-I21>0,0,ABS(E21-I21)) -> 6.5947137 | K21: 99.994657 | L21: =$L$7*(IF($C21-$D21<0,0,ABS($C21-$D21))) -> 0.303125 | M21: =L21/$D$3 -> 1.0104167 | N21: =L$9*$B21 -> 16.193737 | O21: =M21+N21 -> 17.204154 | P21: =IF(K21-O21>0,0,ABS(K21-O21)) -> 0 | Q21: 0 | R21: =R$7*(IF($C21-$D21<0,0,ABS($C21-$D21))) -> 0 | S21: =R21/$D$3 -> 0 | T21: =R$9*$B21 -> 6.0611085 | U21: =S21+T21 -> 6.0611085 | V21: =IF(Q21-U21>0,0,ABS(Q21-U21)) -> 6.0611085 | W21: 0 | X21: =$X$7*(IF($C21-$D21<0,0,ABS($C21-$D21))) -> 0.01455 | Y21: =X21/$D$3 -> 0.0485 | Z21: =X$9*$B21 -> 0 | AA21: =Y21+Z21 -> 0.0485 | AB21: =IF(W21-AA21>0,0,ABS(W21-AA21)) -> 0.0485 | AC21: 0 | AD21: =$AD$7*(IF($C21-$D21<0,0,ABS($C21-$D21))) -> 0 | AE21: =AD21/$D$3 -> 0 | AF21: =AD$9*$B21 -> 5.1334735 | AG21: =AE21+AF21 -> 5.1334735 | AH21: =IF(AC21-AG21>0,0,ABS(AC21-AG21)) -> 5.1334735
A22: November | B22: =P46/$D$3 -> 0 | C22: =1.82/12 -> 0.15166667 | D22: 0.060833333 | E22: 20.80065 | F22: =$F$7*(IF($C22-$D22<0,0,ABS($C22-$D22))) -> 0.11081667 | G22: =F22/$D$3 -> 0.36938889 | H22: =F$9*$B22 -> 0 | I22: =G22+H22 -> 0.36938889 | J22: =IF(E22-I22>0,0,ABS(E22-I22)) -> 0 | K22: 73.804919 | L22: =$L$7*(IF($C22-$D22<0,0,ABS($C22-$D22))) -> 0.11354167 | M22: =L22/$D$3 -> 0.37847222 | N22: =L$9*$B22 -> 0 | O22: =M22+N22 -> 0.37847222 | P22: =IF(K22-O22>0,0,ABS(K22-O22)) -> 0 | Q22: 0 | R22: =R$7*(IF($C22-$D22<0,0,ABS($C22-$D22))) -> 0 | S22: =R22/$D$3 -> 0 | T22: =R$9*$B22 -> 0 | U22: =S22+T22 -> 0 | V22: =IF(Q22-U22>0,0,ABS(Q22-U22)) -> 0 | W22: 0 | X22: =$X$7*(IF($C22-$D22<0,0,ABS($C22-$D22))) -> 0.00545 | Y22: =X22/$D$3 -> 0.018166667 | Z22: =X$9*$B22 -> 0 | AA22: =Y22+Z22 -> 0.018166667 | AB22: =IF(W22-AA22>0,0,ABS(W22-AA22)) -> 0.018166667 | AC22: 0 | AD22: =$AD$7*(IF($C22-$D22<0,0,ABS($C22-$D22))) -> 0 | AE22: =AD22/$D$3 -> 0 | AF22: =AD$9*$B22 -> 0 | AG22: =AE22+AF22 -> 0 | AH22: =IF(AC22-AG22>0,0,ABS(AC22-AG22)) -> 0
A23: December | B23: =Q46/$D$3 -> 0 | C23: =1.49/12 -> 0.12416667 | D23: 0 | E23: 0.4561981 | F23: =$F$7*(IF($C23-$D23<0,0,ABS($C23-$D23))) -> 0.15148333 | G23: =F23/$D$3 -> 0.50494444 | H23: =F$9*$B23 -> 0 | I23: =G23+H23 -> 0.50494444 | J23: 0 | K23: 2.5190069 | L23: =$L$7*(IF($C23-$D23<0,0,ABS($C23-$D23))) -> 0.15520833 | M23: =L23/$D$3 -> 0.51736111 | N23: =L$9*$B23 -> 0 | O23: =M23+N23 -> 0.51736111 | P23: 0 | Q23: 0 | R23: =R$7*(IF($C23-$D23<0,0,ABS($C23-$D23))) -> 0 | S23: =R23/$D$3 -> 0 | T23: =R$9*$B23 -> 0 | U23: =S23+T23 -> 0 | V23: =IF(Q23-U23>0,0,ABS(Q23-U23)) -> 0 | W23: 0 | X23: =$X$7*(IF($C23-$D23<0,0,ABS($C23-$D23))) -> 0.00745 | Y23: =X23/$D$3 -> 0.024833333 | Z23: =X$9*$B23 -> 0 | AA23: =Y23+Z23 -> 0.024833333 | AB23: 0 | AC23: 0 | AD23: =$AD$7*(IF($C23-$D23<0,0,ABS($C23-$D23))) -> 0 | AE23: =AD23/$D$3 -> 0 | AF23: =AD$9*$B23 -> 0 | AG23: =AE23+AF23 -> 0 | AH23: =IF(AC23-AG23>0,0,ABS(AC23-AG23)) -> 0
A24: TOTALS | B24: =SUM(B12:B23) -> 4.6305556 | C24: =SUM(C12:C23) -> 3.9916667 | D24: =SUM(D12:D23) -> 1.2258333 | E24: =SUM(E12:E23) -> 276.88184 | F24: =SUM(F12:F23) -> 3.3743167 | G24: =SUM(G12:G23) -> 11.247722 | H24: =SUM(H12:H23) -> 356.55278 | I24: =SUM(I12:I23) -> 367.8005 | ... AH24: =SUM(AH12:AH23) -> 54.800647
A25: Daily diversion records were used to assess whether a shortage condition truly existed in months for which only partial daily data were available, e.g. spring and fall at data logger startup/shutdown. | T25: Estimated from partial data.
A26: Reservoirs with small amounts of evaporation exceeding precipitation during winter were assumed to have no shortage in those months, despite the lack of diversion data for that period.
A27: Consumptive Use | F27: Metered | L27: Non-Metered | S27: Total
C28: CIR full season (ft) | D28: CIR Jul-Nov (ft) | F28: Acres Subject to Shortage | G28: CU Demand/Full Supply | H28: Diversion Required for CU * | I28: Diversion Shortage to CU * | J28: Fractional Shortage to Diversion Required | K28: Shortage to CU | M28: Acres Subject to Shortage | N28: CU Demand/Full Supply | O28: Shortage to CU | P28: Acres NOT Subject to Shortage** | Q28: CU Demand/Full Supply | S28: Total Acres | T28: Total CU Demand/Full Supply | U28: Total Shortage to CU Demand | V28: Tota Crop & Pond CU | W28: Incidental Losses | X28: Total Irrigated CU
A29: Full Season | C29: =B24*$D$3 -> 1.3891667 | F29: =($F9+$L9+$R9+$X9+$AD9+$AJ9)-F30 -> 142.25 | G29: =F29*$C29 -> 197.60896 | H29: =H24+N24+T24+Z24+AF24+AL24 -> 708.9251 | K29: =G29*J32 -> 52.764144 | M29: 15.01 | N29: =M29*$C29 -> 20.851392 | O29: =J32*N29 -> 5.5675909 | P29: 26.1 | Q29: =P29*$C29 -> 36.25725 | S29: =F29+M29+P29 -> 183.36 | T29: =G29+N29+Q29 -> 254.7176 | U29: =O29+K29 -> 58.331735 | V29: =T29-U29 -> 196.38586
A30: Pre-Plant | M30: 0 | P30: 0
A31: Reservoir | F31: =F7+L7+R7+X7+AD7+AJ7 -> 2.53 | G31: =F31*($C24-$D24) -> 6.9975583 | H31: =G24+M24+S24+Y24+AE24+AK24 -> 70.490891 | K31: =G31*J32 -> 1.8684385 | M31: 21.92 | N31: =M31*($C24-$D24) -> 60.627067 | O31: =J32*N31 -> 16.18821 | P31: 0 | Q31: =P31*($C24-$D24) -> 0 | S31: =F31+M31+P31 -> 24.45 | T31: =G31+N31+Q31 -> 67.624625 | U31: =O31+K31 -> 18.056648 | V31: =T31-U31 -> 49.567977
A32: Total | F32: =SUM(F29:F31) -> 144.78 | G32: =SUM(G29:G31) -> 204.60652 | H32: =SUM(H29:H31) -> 779.41599 | I32: =J24+P24+V24+AB24+AH24+AN24+AT24 -> 208.11414 | J32: =I32/H32 -> 0.26701292 | K32: =J32*G32 -> 54.632583 | M32: =SUM(M29:M31) -> 36.93 | N32: =SUM(N29:N31) -> 81.478458 | O32: =SUM(O29:O31) -> 21.755801 | P32: =SUM(P29:P31) -> 26.1 | Q32: =SUM(Q29:Q31) -> 36.25725 | S32: =SUM(S29:S31) -> 207.81 | T32: =SUM(T29:T31) -> 322.34223 | U32: =SUM(U29:U31) -> 76.388383 | V32: =SUM(V29:V31) -> 245.95384 | W32: =(V32-Q32)*0.1+(Q32*0.02) -> 21.694804 | X32: =W32+V32 -> 267.64865
A34: * Shortage based on measured surface water diversions; no groundwater supplement
A35: **Groundwater supplied
A36: MONTHLY CIR COMPUTED USING THE SCS MODIFIED BLANEY-CRIDDLE METHOD
F37: Jan | G37: Feb | H37: Mar | I37: Apr | J37: May | K37: Jun | L37: Jul | M37: Aug | N37: Sep | O37: Oct | P37: Nov | Q37: Dec | R37: Total
A39: Weighted CIR - in | F39: 0 | G39: 0 | H39: 0 | I39: 0.56 | J39: 2.6 | K39: 4.38 | L39: 2.33 | M39: 2.96 | N39: 2.92 | O39: 1.57 | P39: 0 | Q39: 0 | R39: =SUM(F39:Q39) -> 17.32
A40: Ratio to Annual Total | F40: =F39/$R39 -> 0 | G40: =G39/$R39 -> 0 | H40: =H39/$R39 -> 0 | I40: =I39/$R39 -> 0.032332564 | J40: =J39/$R39 -> 0.15011547 | K40: =K39/$R39 -> 0.25288684 | L40: =L39/$R39 -> 0.13452656 | M40: =M39/$R39 -> 0.17090069 | ... Q40: =Q39/$R39 -> 0 | R40: =SUM(F40:Q40) -> 1
A42: ORIGINAL BLANEY-CRIDDLE ANNUAL WCIR | F42: 16.67 | G42: inches DISTRIBUTED USING MODIFIED BLANEY-CRIDDLE MONTHLY DISTRIBUTION RATIOS
F43: Jan | G43: Feb | H43: Mar | I43: Apr | J43: May | K43: Jun | L43: Jul | M43: Aug | N43: Sep | O43: Oct | P43: Nov | Q43: Dec | R43: Total
A45: CIR (in) | F45: =F40*$F42 -> 0 | G45: =G40*$F42 -> 0 | H45: =H40*$F42 -> 0 | I45: =I40*$F42 -> 0.53898383 | J45: =J40*$F42 -> 2.5024249 | K45: =K40*$F42 -> 4.2156236 | L45: =L40*$F42 -> 2.2425577 | M45: =M40*$F42 -> 2.8489145 | ... Q45: =Q40*$F42 -> 0 | R45: =SUM(F45:Q45) -> 16.67
A46: CIR (ft) | F46: =F45/12 -> 0 | G46: =G45/12 -> 0 | H46: =H45/12 -> 0 | I46: =I45/12 -> 0.044915319 | J46: =J45/12 -> 0.20853541 | K46: =K45/12 -> 0.35130196 | L46: =L45/12 -> 0.18687981 | M46: =M45/12 -> 0.23740955 | ... Q46: =Q45/12 -> 0 | R46: =SUM(F46:Q46) -> 1.3891667

Sheet apachearagon
A1: APACHE - ARAGON | B1: Crop acres diversion required for CU = crop acres * CIR / e; Reservoir acres diversion required for CU = reservoir acres * ( (monthly pan evap * 0.8) - precip) / e
A3: "e" = efficiency diversion to consumptive use = | D3: 0.375 | E3: Farm efficiency (50%)a multiplied by canal efficiency (75%)b = 37.5%
A4: a Gila River Hydrographic Survey Report Volume 8; b 1970 Arizona v. California Report backup computations
A5: Metered Diversions -- Crop Acres and Reservoir Acres
E6: Tularosa-Cruzville Ditch
F7: 0 | G7: reservoir acres
F8: 0 | G8: pre-plant acres
F9: 17.89 | G9: crop acres
F10: =SUM(F7:F9) -> 17.89 | G10: total acres
A11: MONTH | B11: CIR (ft)/e | C11: Average Area Monthly Pan *(0.8) Evaporation (ft) | D11: Precipitation (ft) | E11: Diverted | F11: Reservoir Evap. minus Precip. (ac-ft) | G11: Reservoir Acres Diversion required for CU | H11: Crop Acres Diversion required for CU | I11: Total Diversion required for CU | J11: Total Short to Required Diversion
A12: January | B12: =F45/$D$3 -> 0 | C12: =1.64/12 -> 0.13666667 | D12: 0.10833333 | E12: 0 | F12: =$F$7*(IF($C12-$D12<0,0,ABS($C12-$D12))) -> 0 | G12: =F12/$D$3 -> 0 | H12: =F$9*$B12 -> 0 | I12: =G12+H12 -> 0 | J12: =IF(E12-I12>0,0,ABS(E12-I12)) -> 0 | M12: =2.48/12 -> 0.20666667 | N12: =M12*12 -> 2.48
A13: February | B13: =G45/$D$3 -> 0 | C13: =2.16/12 -> 0.18 | D13: 0.1075 | E13: 0 | F13: =$F$7*(IF($C13-$D13<0,0,ABS($C13-$D13))) -> 0 | G13: =F13/$D$3 -> 0 | H13: =F$9*$B13 -> 0 | I13: =G13+H13 -> 0 | J13: =IF(E13-I13>0,0,ABS(E13-I13)) -> 0 | M13: =3.28/12 -> 0.27333333 | N13: =M13*12 -> 3.28
A14: March | B14: =H45/$D$3 -> 0 | C14: =4.54/12 -> 0.37833333 | D14: 0.1925 | E14: 0 | F14: =$F$7*(IF($C14-$D14<0,0,ABS($C14-$D14))) -> 0 | G14: =F14/$D$3 -> 0 | H14: =F$9*$B14 -> 0 | I14: =G14+H14 -> 0 | J14: =IF(E14-I14>0,0,ABS(E14-I14)) -> 0 | M14: =6.88/12 -> 0.57333333 | N14: =M14*12 -> 6.88
A15: April | B15: =I45/$D$3 -> 0.22839313 | C15: =5.91/12 -> 0.4925 | D15: 0.028333333 | E15: 0 | F15: =$F$7*(IF($C15-$D15<0,0,ABS($C15-$D15))) -> 0 | G15: =F15/$D$3 -> 0 | H15: =F$9*$B15 -> 4.0859531 | I15: =G15+H15 -> 4.0859531 | J15: =IF(E15-I15>0,0,ABS(E15-I15)) -> 4.0859531 | M15: =8.96/12 -> 0.74666667 | N15: =M15*12 -> 8.96
A16: May | B16: =J45/$D$3 -> 0.58279626 | C16: =6.81/12 -> 0.5675 | D16: 0.0091666667 | E16: 0 | F16: =$F$7*(IF($C16-$D16<0,0,ABS($C16-$D16))) -> 0 | G16: =F16/$D$3 -> 0 | H16: =F$9*$B16 -> 10.426225 | I16: =G16+H16 -> 10.426225 | J16: =IF(E16-I16>0,0,ABS(E16-I16)) -> 10.426225 | M16: =10.32/12 -> 0.86 | N16: =M16*12 -> 10.32
A17: June | B17: =K45/$D$3 -> 0.89782127 | C17: =8.13/12 -> 0.6775 | D17: 0.07 | E17: 0 | F17: =$F$7*(IF($C17-$D17<0,0,ABS($C17-$D17))) -> 0 | G17: =F17/$D$3 -> 0 | H17: =F$9*$B17 -> 16.062022 | I17: =G17+H17 -> 16.062022 | J17: =IF(E17-I17>0,0,ABS(E17-I17)) -> 16.062022 | M17: =12.32/12 -> 1.0266667 | N17: =M17*12 -> 12.32
A18: July | B18: =L45/$D$3 -> 0.66155251 | C18: =6.23/12 -> 0.51916667 | D18: 0.25416667 | E18: 0 | F18: =$F$7*(IF($C18-$D18<0,0,ABS($C18-$D18))) -> 0 | G18: =F18/$D$3 -> 0 | H18: =F$9*$B18 -> 11.835174 | I18: =G18+H18 -> 11.835174 | J18: =IF(E18-I18>0,0,ABS(E18-I18)) -> 11.835174 | M18: =9.44/12 -> 0.78666667 | N18: =M18*12 -> 9.44
A19: August | B19: =M45/$D$3 -> 0.71471298 | C19: =5.17/12 -> 0.43083333 | D19: 0.1575 | E19: 0 | F19: =$F$7*(IF($C19-$D19<0,0,ABS($C19-$D19))) -> 0 | G19: =F19/$D$3 -> 0 | H19: =F$9*$B19 -> 12.786215 | I19: =G19+H19 -> 12.786215 | J19: =IF(E19-I19>0,0,ABS(E19-I19)) -> 12.786215 | M19: =7.84/12 -> 0.65333333 | N19: =M19*12 -> 7.84
A20: September | B20: =N45/$D$3 -> 0.61036095 | C20: =4.59/12 -> 0.3825 | D20: 0.045833333 | E20: 0 | F20: =$F$7*(IF($C20-$D20<0,0,ABS($C20-$D20))) -> 0 | G20: =F20/$D$3 -> 0 | H20: =F$9*$B20 -> 10.919357 | I20: =G20+H20 -> 10.919357 | J20: =IF(E20-I20>0,0,ABS(E20-I20)) -> 10.919357 | M20: =6.96/12 -> 0.58 | N20: =M20*12 -> 6.96
A21: October | B21: =O45/$D$3 -> 0.32486954 | C21: =3.85/12 -> 0.32083333 | D21: 0.053333333 | E21: 0 | F21: =$F$7*(IF($C21-$D21<0,0,ABS($C21-$D21))) -> 0 | G21: =F21/$D$3 -> 0 | H21: =F$9*$B21 -> 5.811916 | I21: =G21+H21 -> 5.811916 | J21: =IF(E21-I21>0,0,ABS(E21-I21)) -> 5.811916 | M21: =5.84/12 -> 0.48666667 | N21: =M21*12 -> 5.84
A22: November | B22: =P45/$D$3 -> 0.0039378126 | C22: =2.01/12 -> 0.1675 | D22: 0.05 | E22: 0 | F22: =$F$7*(IF($C22-$D22<0,0,ABS($C22-$D22))) -> 0 | G22: =F22/$D$3 -> 0 | H22: =F$9*$B22 -> 0.070447467 | I22: =G22+H22 -> 0.070447467 | J22: =IF(E22-I22>0,0,ABS(E22-I22)) -> 0.070447467 | M22: =3.04/12 -> 0.25333333 | N22: =M22*12 -> 3.04
A23: December | B23: =Q45/$D$3 -> 0 | C23: =1.64/12 -> 0.13666667 | D23: 0 | E23: 0 | F23: =$F$7*(IF($C23-$D23<0,0,ABS($C23-$D23))) -> 0 | G23: =F23/$D$3 -> 0 | H23: =F$9*$B23 -> 0 | I23: =G23+H23 -> 0 | J23: =IF(E23-I23>0,0,ABS(E23-I23)) -> 0 | M23: =2.48/12 -> 0.20666667 | N23: =M23*12 -> 2.48
A24: TOTALS | B24: =SUM(B12:B23) -> 4.0244444 | C24: =SUM(C12:C23) -> 4.39 | D24: =SUM(D12:D23) -> 1.0766667 | E24: =SUM(E12:E23) -> 0 | F24: =SUM(F12:F23) -> 0 | G24: =SUM(G12:G23) -> 0 | H24: =SUM(H12:H23) -> 71.997311 | I24: =SUM(I12:I23) -> 71.997311 | J24: =SUM(J12:J23) -> 71.997311
A25: Daily diversion records were used to assess whether a shortage condition truly existed in months for which only partial daily data were available, e.g. spring and fall at data logger startup/shutdown. | T25: Estimated from partial data.
A26: Consumptive Use | F26: Metered | L26: Non-Metered | S26: Total
C27: CIR full season (ft) | D27: CIR Jul-Nov (ft) | F27: Acres Subject to Shortage | G27: CU Demand/Full Supply | H27: Diversion Required for CU * | I27: Diversion Shortage to CU * | J27: Fractional Shortage to Diversion Required | K27: Shortage to CU | M27: Acres Subject to Shortage | N27: CU Demand/Full Supply | O27: Shortage to CU | P27: Acres NOT Subject to Shortage** | Q27: CU Demand/Full Supply | S27: Total Acres | T27: Total CU Demand/Full Supply | U27: Total Shortage to CU Demand | V27: Tota Crop & Pond CU | W27: Incidental Losses | X27: Total Irrigated CU
A28: Full Season | C28: =B24*D3 -> 1.5091667 | F28: =($F9+$L9+$R9+$X9+$AD9+$AJ9)-F29 -> 17.89 | G28: =F28*$C28 -> 26.998992 | H28: =H24+N24+T24+Z24+AF24+AL24 -> 71.997311 | K28: =G28*J31 -> 26.998992 | M28: 124.26 | N28: =M28*$C28 -> 187.52905 | O28: =J31*N28 -> 187.52905 | P28: 14.86 | Q28: =P28*$C28 -> 22.426217 | S28: =F28+M28+P28 -> 157.01 | T28: =G28+N28+Q28 -> 236.95426 | U28: =O28+K28 -> 214.52804 | V28: =T28-U28 -> 22.426217
A29: Pre-Plant | M29: 0 | P29: 0
A30: Reservoir | F30: =F7+L7+R7+X7+AD7+AJ7 -> 0 | G30: =F30*($C24-$D24) -> 0 | H30: =G24+M24+S24+Y24+AE24+AK24 -> 0 | K30: =G30*J31 -> 0 | M30: 5.06 | N30: =M30*($C24-$D24) -> 16.765467 | O30: =J31*N30 -> 16.765467 | P30: 0 | Q30: =P30*($C24-$D24) -> 0 | S30: =F30+M30+P30 -> 5.06 | T30: =G30+N30+Q30 -> 16.765467 | U30: =O30+K30 -> 16.765467 | V30: =T30-U30 -> 0
A31: Total | F31: =SUM(F28:F30) -> 17.89 | G31: =SUM(G28:G30) -> 26.998992 | H31: =SUM(H28:H30) -> 71.997311 | I31: =J24+AB24 -> 71.997311 | J31: =I31/H31 -> 1 | K31: =J31*G31 -> 26.998992 | M31: =SUM(M28:M30) -> 129.32 | N31: =SUM(N28:N30) -> 204.29452 | O31: =SUM(O28:O30) -> 204.29452 | P31: =SUM(P28:P30) -> 14.86 | Q31: =SUM(Q28:Q30) -> 22.426217 | S31: =SUM(S28:S30) -> 162.07 | T31: =SUM(T28:T30) -> 253.71973 | U31: =SUM(U28:U30) -> 231.29351 | V31: =SUM(V28:V30) -> 22.426217 | W31: =(V31-Q31)*0.1+(Q31*0.02) -> 0.44852433 | X31: =W31+V31 -> 22.874741
A33: * Shortage based on measured surface water diversions; no groundwater supplement
A34: ** Acreage is subject to shortage, but full supply assumed
A35: MONTHLY CIR COMPUTED USING THE SCS MODIFIED BLANEY-CRIDDLE METHOD
F36: Jan | G36: Feb | H36: Mar | I36: Apr | J36: May | K36: Jun | L36: Jul | M36: Aug | N36: Sep | O36: Oct | P36: Nov | Q36: Dec | R36: Total
A38: Weighted CIR - in | F38: 0 | G38: 0 | H38: 0 | I38: 1.16 | J38: 2.96 | K38: 4.56 | L38: 3.36 | M38: 3.63 | N38: 3.1 | O38: 1.65 | P38: 0.02 | Q38: 0 | R38: =SUM(F38:Q38) -> 20.44
A39: Ratio to Annual Total | F39: =F38/$R38 -> 0 | G39: =G38/$R38 -> 0 | H39: =H38/$R38 -> 0 | I39: =I38/$R38 -> 0.056751468 | J39: =J38/$R38 -> 0.14481409 | K39: =K38/$R38 -> 0.22309198 | L39: =L38/$R38 -> 0.16438356 | M39: =M38/$R38 -> 0.17759295 | ... Q39: =Q38/$R38 -> 0 | R39: =SUM(F39:Q39) -> 1
A41: ORIGINAL BLANEY-CRIDDLE ANNUAL WCIR | F41: 18.11 | G41: inches DISTRIBUTED USING MODIFIED BLANEY-CRIDDLE MONTHLY DISTRIBUTION RATIOS
F42: Jan | G42: Feb | H42: Mar | I42: Apr | J42: May | K42: Jun | L42: Jul | M42: Aug | N42: Sep | O42: Oct | P42: Nov | Q42: Dec | R42: Total
A44: CIR (in) | F44: =F39*$F41 -> 0 | G44: =G39*$F41 -> 0 | H44: =H39*$F41 -> 0 | I44: =I39*$F41 -> 1.0277691 | J44: =J39*$F41 -> 2.6225832 | K44: =K39*$F41 -> 4.0401957 | L44: =L39*$F41 -> 2.9769863 | M44: =M39*$F41 -> 3.2162084 | ... R44: =R39*$F41 -> 18.11
A45: CIR (ft) | F45: =F44/12 -> 0 | G45: =G44/12 -> 0 | H45: =H44/12 -> 0 | I45: =I44/12 -> 0.085647423 | J45: =J44/12 -> 0.2185486 | K45: =K44/12 -> 0.33668297 | L45: =L44/12 -> 0.24808219 | M45: =M44/12 -> 0.26801737 | ... Q45: =Q44/12 -> 0 | R45: =SUM(F45:Q45) -> 1.5091667
F49: 0 | G49: 0 | H49: 0 | I49: 1.16 | J49: 2.96 | K49: 4.56 | L49: 3.36 | M49: 3.63 | N49: 3.1 | O49: 1.65 | P49: 0.02 | Q49: 0

Sheet reserve
A1: RESERVE | B1: Crop acres diversion required for CU = crop acres * CIR / e; Reservoir acres diversion required for CU = reservoir acres * ( (monthly pan evap * 0.8) - precip) / e
A3: "e" = efficiency diversion to consumptive use = | D3: 0.375 | E3: Farm efficiency (50%)a multiplied by canal efficiency (75%)b = 37.5%
A4: a Gila River Hydrographic Survey Report Volume 5; b 1970 Arizona v. California Report backup computations
A5: Metered Diversions -- Crop Acres and Reservoir Acres
E6: Kiehne Ditch | K6: Parsons Ditch | Q6: Middle Frisco Ditch | W6: San Francisco Ditch | AC6: Hightower Ditch | AI6: Lewis Ditch | AO6: Cienega Ditch
F7: 0 | G7: reservoir acres | L7: 0 | M7: reservoir acres | R7: 0 | S7: reservoir acres | X7: 0.16 | Y7: reservoir acres | AD7: 0 | AE7: reservoir acres | AJ7: 1.15 | AK7: reservoir acres | AP7: 3 | AQ7: reservoir acres
F8: 0 | G8: pre-plant acres | L8: 0 | M8: pre-plant acres | R8: 0 | S8: pre-plant acres | X8: 0 | Y8: pre-plant acres | AD8: 0 | AE8: pre-plant acres | AJ8: 0 | AK8: pre-plant acres | AP8: 0 | AQ8: pre-plant acres
F9: 84.31 | G9: crop acres | L9: 20.22 | M9: crop acres | R9: 95.85 | S9: crop acres | X9: 19.02 | Y9: crop acres | AD9: 7.63 | AE9: crop acres | AJ9: 0 | AK9: crop acres | AP9: 1.71 | AQ9: crop acres
F10: =SUM(F7:F9) -> 84.31 | G10: total acres | L10: =SUM(L7:L9) -> 20.22 | M10: total acres | R10: =SUM(R7:R9) -> 95.85 | S10: total acres | X10: =SUM(X7:X9) -> 19.18 | Y10: total acres | AD10: =SUM(AD7:AD9) -> 7.63 | AE10: total acres | AJ10: =SUM(AJ7:AJ9) -> 1.15 | AK10: total acres | AP10: =SUM(AP7:AP9) -> 4.71 | AQ10: total acres
A11: MONTH | B11: CIR (ft)/e | C11: Average Area Monthly Pan *(0.8) Evaporation (ft) | D11: Precipitation (ft) | E11: Diverted | F11: Reservoir Evap. minus Precip. (ac-ft) | G11: Reservoir Acres Diversion required for CU | H11: Crop Acres Diversion required for CU | I11: Total Diversion required for CU | J11: Total Short to Required Diversion | K11: Diverted | L11: Reservoir Evap. minus Precip. (ac-ft) | M11: Reservoir Acres Diversion required for CU | N11: Crop Acres Diversion required for CU | O11: Total Diversion required for CU | P11: Total Short to Required Diversion | Q11: Diverted | R11: Reservoir Evap. minus Precip. (ac-ft) | S11: Reservoir Acres Diversion required for CU | T11: Crop Acres Diversion required for CU | U11: Total Diversion required for CU | V11: Total Short to Required Diversion | W11: Diverted | X11: Reservoir Evap. minus Precip. (ac-ft) | Y11: Reservoir Acres Diversion required for CU | Z11: Crop Acres Diversion required for CU | AA11: Total Diversion required for CU | AB11: Total Short to Required Diversion | AC11: Diverted | AD11: Reservoir Evap. minus Precip. (ac-ft) | AE11: Reservoir Acres Diversion required for CU | AF11: Crop Acres Diversion required for CU | AG11: Total Diversion required for CU | AH11: Total Short to Required Diversion | AI11: Diverted | AJ11: Reservoir Evap. minus Precip. (ac-ft) | AK11: Reservoir Acres Diversion required for CU | AL11: Crop Acres Diversion required for CU | AM11: Total Diversion required for CU | AN11: Total Short to Required Diversion | AO11: Diverted | AP11: Reservoir Evap. minus Precip. (ac-ft) | AQ11: Reservoir Acres Diversion required for CU | AR11: Crop Acres Diversion required for CU | AS11: Total Diversion required for CU | AT11: Total Short to Required Diversion
A12: January | B12: =F46/$D$3 -> 0 | C12: =1.74/12 -> 0.145 | D12: 0.11 | E12: 0 | F12: =$F$7*(IF($C12-$D12<0,0,ABS($C12-$D12))) -> 0 | G12: =F12/$D$3 -> 0 | H12: =F$9*$B12 -> 0 | I12: =G12+H12 -> 0 | J12: =IF(E12-I12>0,0,ABS(E12-I12)) -> 0 | K12: 0 | L12: =$L$7*(IF($C12-$D12<0,0,ABS($C12-$D12))) -> 0 | M12: =L12/$D$3 -> 0 | N12: =L$9*$B12 -> 0 | O12: =M12+N12 -> 0 | P12: =IF(K12-O12>0,0,ABS(K12-O12)) -> 0 | Q12: 0 | R12: =R$7*(IF($C12-$D12<0,0,ABS($C12-$D12))) -> 0 | S12: =R12/$D$3 -> 0 | T12: =R$9*$B12 -> 0 | U12: =S12+T12 -> 0 | V12: =IF(Q12-U12>0,0,ABS(Q12-U12)) -> 0 | W12: 0 | X12: =$X$7*(IF($C12-$D12<0,0,ABS($C12-$D12))) -> 0.0056 | Y12: =X12/$D$3 -> 0.014933333 | Z12: =X$9*$B12 -> 0 | AA12: =Y12+Z12 -> 0.014933333 | AB12: 0 | AC12: 0 | AD12: =$AD$7*(IF($C12-$D12<0,0,ABS($C12-$D12))) -> 0 | AE12: =AD12/$D$3 -> 0 | AF12: =AD$9*$B12 -> 0 | AG12: =AE12+AF12 -> 0 | AH12: =IF(AC12-AG12>0,0,ABS(AC12-AG12)) -> 0 | AI12: 0 | AJ12: =$AJ$7*(IF($C12-$D12<0,0,ABS($C12-$D12))) -> 0.04025 | AK12: =AJ12/$D$3 -> 0.10733333 | AL12: =AJ$9*$B12 -> 0 | AM12: =AK12+AL12 -> 0.10733333 | AN12: 0 | AO12: 0 | AP12: =$AP$7*(IF($C12-$D12<0,0,ABS($C12-$D12))) -> 0.105 | AQ12: =AP12/$D$3 -> 0.28 | AR12: =AP$9*$B12 -> 0 | AS12: =AQ12+AR12 -> 0.28 | AT12: =IF(AO12-AS12>0,0,ABS(AO12-AS12)) -> 0.28
A13: February | B13: =G46/$D$3 -> 0 | C13: =2.3/12 -> 0.19166667 | D13: 0.135 | E13: 0 | F13: =$F$7*(IF($C13-$D13<0,0,ABS($C13-$D13))) -> 0 | G13: =F13/$D$3 -> 0 | H13: =F$9*$B13 -> 0 | I13: =G13+H13 -> 0 | J13: =IF(E13-I13>0,0,ABS(E13-I13)) -> 0 | K13: 0 | L13: =$L$7*(IF($C13-$D13<0,0,ABS($C13-$D13))) -> 0 | M13: =L13/$D$3 -> 0 | N13: =L$9*$B13 -> 0 | O13: =M13+N13 -> 0 | P13: =IF(K13-O13>0,0,ABS(K13-O13)) -> 0 | Q13: 0 | R13: =R$7*(IF($C13-$D13<0,0,ABS($C13-$D13))) -> 0 | S13: =R13/$D$3 -> 0 | T13: =R$9*$B13 -> 0 | U13: =S13+T13 -> 0 | V13: =IF(Q13-U13>0,0,ABS(Q13-U13)) -> 0 | W13: 0 | X13: =$X$7*(IF($C13-$D13<0,0,ABS($C13-$D13))) -> 0.0090666667 | Y13: =X13/$D$3 -> 0.024177778 | Z13: =X$9*$B13 -> 0 | AA13: =Y13+Z13 -> 0.024177778 | AB13: 0 | AC13: 0 | AD13: =$AD$7*(IF($C13-$D13<0,0,ABS($C13-$D13))) -> 0 | AE13: =AD13/$D$3 -> 0 | AF13: =AD$9*$B13 -> 0 | AG13: =AE13+AF13 -> 0 | AH13: =IF(AC13-AG13>0,0,ABS(AC13-AG13)) -> 0 | AI13: 0 | AJ13: =$AJ$7*(IF($C13-$D13<0,0,ABS($C13-$D13))) -> 0.065166667 | AK13: =AJ13/$D$3 -> 0.17377778 | AL13: =AJ$9*$B13 -> 0 | AM13: =AK13+AL13 -> 0.17377778 | AN13: 0 | AO13: 0 | AP13: =$AP$7*(IF($C13-$D13<0,0,ABS($C13-$D13))) -> 0.17 | AQ13: =AP13/$D$3 -> 0.45333333 | AR13: =AP$9*$B13 -> 0 | AS13: =AQ13+AR13 -> 0.45333333 | AT13: =IF(AO13-AS13>0,0,ABS(AO13-AS13)) -> 0.45333333
A14: March | B14: =H46/$D$3 -> 0 | C14: =4.82/12 -> 0.40166667 | D14: 0.2175 | E14: 0 | F14: =$F$7*(IF($C14-$D14<0,0,ABS($C14-$D14))) -> 0 | G14: =F14/$D$3 -> 0 | H14: =F$9*$B14 -> 0 | I14: =G14+H14 -> 0 | J14: =IF(E14-I14>0,0,ABS(E14-I14)) -> 0 | K14: 0 | L14: =$L$7*(IF($C14-$D14<0,0,ABS($C14-$D14))) -> 0 | M14: =L14/$D$3 -> 0 | N14: =L$9*$B14 -> 0 | O14: =M14+N14 -> 0 | P14: =IF(K14-O14>0,0,ABS(K14-O14)) -> 0 | Q14: 0 | R14: =R$7*(IF($C14-$D14<0,0,ABS($C14-$D14))) -> 0 | S14: =R14/$D$3 -> 0 | T14: =R$9*$B14 -> 0 | U14: =S14+T14 -> 0 | V14: =IF(Q14-U14>0,0,ABS(Q14-U14)) -> 0 | W14: 0 | X14: =$X$7*(IF($C14-$D14<0,0,ABS($C14-$D14))) -> 0.029466667 | Y14: =X14/$D$3 -> 0.078577778 | Z14: =X$9*$B14 -> 0 | AA14: =Y14+Z14 -> 0.078577778 | AB14: =IF(W14-AA14>0,0,ABS(W14-AA14)) -> 0.078577778 | AC14: 0 | AD14: =$AD$7*(IF($C14-$D14<0,0,ABS($C14-$D14))) -> 0 | AE14: =AD14/$D$3 -> 0 | AF14: =AD$9*$B14 -> 0 | AG14: =AE14+AF14 -> 0 | AH14: =IF(AC14-AG14>0,0,ABS(AC14-AG14)) -> 0 | AI14: 570.54515 | AJ14: =$AJ$7*(IF($C14-$D14<0,0,ABS($C14-$D14))) -> 0.21179167 | AK14: =AJ14/$D$3 -> 0.56477778 | AL14: =AJ$9*$B14 -> 0 | AM14: =AK14+AL14 -> 0.56477778 | AN14: =IF(AI14-AM14>0,0,ABS(AI14-AM14)) -> 0 | AO14: 3.3857833 | AP14: =$AP$7*(IF($C14-$D14<0,0,ABS($C14-$D14))) -> 0.5525 | AQ14: =AP14/$D$3 -> 1.4733333 | AR14: =AP$9*$B14 -> 0 | AS14: =AQ14+AR14 -> 1.4733333 | AT14: =IF(AO14-AS14>0,0,ABS(AO14-AS14)) -> 0
A15: April | B15: =I46/$D$3 -> 0.33617969 | C15: =6.27/12 -> 0.5225 | D15: 0.02 | E15: 119.59795 | F15: =$F$7*(IF($C15-$D15<0,0,ABS($C15-$D15))) -> 0 | G15: =F15/$D$3 -> 0 | H15: =F$9*$B15 -> 28.34331 | I15: =G15+H15 -> 28.34331 | J15: =IF(E15-I15>0,0,ABS(E15-I15)) -> 0 | K15: 138.92224 | L15: =$L$7*(IF($C15-$D15<0,0,ABS($C15-$D15))) -> 0 | M15: =L15/$D$3 -> 0 | N15: =L$9*$B15 -> 6.7975533 | O15: =M15+N15 -> 6.7975533 | P15: =IF(K15-O15>0,0,ABS(K15-O15)) -> 0 | Q15: 50.698249 | R15: =R$7*(IF($C15-$D15<0,0,ABS($C15-$D15))) -> 0 | S15: =R15/$D$3 -> 0 | T15: =R$9*$B15 -> 32.222823 | U15: =S15+T15 -> 32.222823 | V15: =IF(Q15-U15>0,0,ABS(Q15-U15)) -> 0 | W15: 0 | X15: =$X$7*(IF($C15-$D15<0,0,ABS($C15-$D15))) -> 0.0804 | Y15: =X15/$D$3 -> 0.2144 | Z15: =X$9*$B15 -> 6.3941377 | AA15: =Y15+Z15 -> 6.6085377 | AB15: =IF(W15-AA15>0,0,ABS(W15-AA15)) -> 6.6085377 | AC15: 0 | AD15: =$AD$7*(IF($C15-$D15<0,0,ABS($C15-$D15))) -> 0 | AE15: =AD15/$D$3 -> 0 | AF15: =AD$9*$B15 -> 2.565051 | AG15: =AE15+AF15 -> 2.565051 | AH15: =IF(AC15-AG15>0,0,ABS(AC15-AG15)) -> 2.565051 | AI15: 908.80612 | AJ15: =$AJ$7*(IF($C15-$D15<0,0,ABS($C15-$D15))) -> 0.577875 | AK15: =AJ15/$D$3 -> 1.541 | AL15: =AJ$9*$B15 -> 0 | AM15: =AK15+AL15 -> 1.541 | AN15: =IF(AI15-AM15>0,0,ABS(AI15-AM15)) -> 0 | AO15: 2.7927258 | AP15: =$AP$7*(IF($C15-$D15<0,0,ABS($C15-$D15))) -> 1.5075 | AQ15: =AP15/$D$3 -> 4.02 | AR15: =AP$9*$B15 -> 0.57486727 | AS15: =AQ15+AR15 -> 4.5948673 | AT15: =IF(AO15-AS15>0,0,ABS(AO15-AS15)) -> 1.8021415
A16: May | B16: =J46/$D$3 -> 0.62514313 | C16: =7.22/12 -> 0.60166667 | D16: 0.0066666667 | E16: 144.41664 | F16: =$F$7*(IF($C16-$D16<0,0,ABS($C16-$D16))) -> 0 | G16: =F16/$D$3 -> 0 | H16: =F$9*$B16 -> 52.705817 | I16: =G16+H16 -> 52.705817 | J16: =IF(E16-I16>0,0,ABS(E16-I16)) -> 0 | K16: 149.85116 | L16: =$L$7*(IF($C16-$D16<0,0,ABS($C16-$D16))) -> 0 | M16: =L16/$D$3 -> 0 | N16: =L$9*$B16 -> 12.640394 | O16: =M16+N16 -> 12.640394 | P16: =IF(K16-O16>0,0,ABS(K16-O16)) -> 0 | Q16: 40.391265 | R16: =R$7*(IF($C16-$D16<0,0,ABS($C16-$D16))) -> 0 | S16: =R16/$D$3 -> 0 | T16: =R$9*$B16 -> 59.919969 | U16: =S16+T16 -> 59.919969 | V16: =IF(Q16-U16>0,0,ABS(Q16-U16)) -> 19.528704 | W16: 0 | X16: =$X$7*(IF($C16-$D16<0,0,ABS($C16-$D16))) -> 0.0952 | Y16: =X16/$D$3 -> 0.25386667 | Z16: =X$9*$B16 -> 11.890222 | AA16: =Y16+Z16 -> 12.144089 | AB16: =IF(W16-AA16>0,0,ABS(W16-AA16)) -> 12.144089 | AC16: 31.242648 | AD16: =$AD$7*(IF($C16-$D16<0,0,ABS($C16-$D16))) -> 0 | AE16: =AD16/$D$3 -> 0 | AF16: =AD$9*$B16 -> 4.7698421 | AG16: =AE16+AF16 -> 4.7698421 | AH16: =IF(AC16-AG16>0,0,ABS(AC16-AG16)) -> 0 | AI16: 275.26597 | AJ16: =$AJ$7*(IF($C16-$D16<0,0,ABS($C16-$D16))) -> 0.68425 | AK16: =AJ16/$D$3 -> 1.8246667 | AL16: =AJ$9*$B16 -> 0 | AM16: =AK16+AL16 -> 1.8246667 | AN16: =IF(AI16-AM16>0,0,ABS(AI16-AM16)) -> 0 | AO16: 4.4786753 | AP16: =$AP$7*(IF($C16-$D16<0,0,ABS($C16-$D16))) -> 1.785 | AQ16: =AP16/$D$3 -> 4.76 | AR16: =AP$9*$B16 -> 1.0689948 | AS16: =AQ16+AR16 -> 5.8289948 | AT16: =IF(AO16-AS16>0,0,ABS(AO16-AS16)) -> 1.3503195
A17: June | B17: =K46/$D$3 -> 0.95376822 | C17: =8.62/12 -> 0.71833333 | D17: 0.069166667 | E17: 23.17033 | F17: =$F$7*(IF($C17-$D17<0,0,ABS($C17-$D17))) -> 0 | G17: =F17/$D$3 -> 0 | H17: =F$9*$B17 -> 80.412199 | I17: =G17+H17 -> 80.412199 | J17: =IF(E17-I17>0,0,ABS(E17-I17)) -> 57.241869 | K17: 38.677665 | L17: =$L$7*(IF($C17-$D17<0,0,ABS($C17-$D17))) -> 0 | M17: =L17/$D$3 -> 0 | N17: =L$9*$B17 -> 19.285193 | O17: =M17+N17 -> 19.285193 | P17: =IF(K17-O17>0,0,ABS(K17-O17)) -> 0 | Q17: 14.076687 | R17: =R$7*(IF($C17-$D17<0,0,ABS($C17-$D17))) -> 0 | S17: =R17/$D$3 -> 0 | T17: =R$9*$B17 -> 91.418684 | U17: =S17+T17 -> 91.418684 | V17: =IF(Q17-U17>0,0,ABS(Q17-U17)) -> 77.341997 | W17: 0 | X17: =$X$7*(IF($C17-$D17<0,0,ABS($C17-$D17))) -> 0.10386667 | Y17: =X17/$D$3 -> 0.27697778 | Z17: =X$9*$B17 -> 18.140672 | AA17: =Y17+Z17 -> 18.417649 | AB17: =IF(W17-AA17>0,0,ABS(W17-AA17)) -> 18.417649 | AC17: 52.786087 | AD17: =$AD$7*(IF($C17-$D17<0,0,ABS($C17-$D17))) -> 0 | AE17: =AD17/$D$3 -> 0 | AF17: =AD$9*$B17 -> 7.2772515 | AG17: =AE17+AF17 -> 7.2772515 | AH17: =IF(AC17-AG17>0,0,ABS(AC17-AG17)) -> 0 | AI17: 121.22969 | AJ17: =$AJ$7*(IF($C17-$D17<0,0,ABS($C17-$D17))) -> 0.74654167 | AK17: =AJ17/$D$3 -> 1.9907778 | AL17: =AJ$9*$B17 -> 0 | AM17: =AK17+AL17 -> 1.9907778 | AN17: =IF(AI17-AM17>0,0,ABS(AI17-AM17)) -> 0 | AO17: 7.4975166 | AP17: =$AP$7*(IF($C17-$D17<0,0,ABS($C17-$D17))) -> 1.9475 | AQ17: =AP17/$D$3 -> 5.1933333 | AR17: =AP$9*$B17 -> 1.6309437 | AS17: =AQ17+AR17 -> 6.824277 | AT17: =IF(AO17-AS17>0,0,ABS(AO17-AS17)) -> 0
A18: July | B18: =L46/$D$3 -> 0.68557993 | C18: =6.61/12 -> 0.55083333 | D18: 0.2825 | E18: 28.167257 | F18: =$F$7*(IF($C18-$D18<0,0,ABS($C18-$D18))) -> 0 | G18: =F18/$D$3 -> 0 | H18: =F$9*$B18 -> 57.801244 | I18: =G18+H18 -> 57.801244 | J18: =IF(E18-I18>0,0,ABS(E18-I18)) -> 29.633986 | K18: 73.917866 | L18: =$L$7*(IF($C18-$D18<0,0,ABS($C18-$D18))) -> 0 | M18: =L18/$D$3 -> 0 | N18: =L$9*$B18 -> 13.862426 | O18: =M18+N18 -> 13.862426 | P18: =IF(K18-O18>0,0,ABS(K18-O18)) -> 0 | Q18: 114.67828 | R18: =R$7*(IF($C18-$D18<0,0,ABS($C18-$D18))) -> 0 | S18: =R18/$D$3 -> 0 | T18: =R$9*$B18 -> 65.712836 | U18: =S18+T18 -> 65.712836 | V18: =IF(Q18-U18>0,0,ABS(Q18-U18)) -> 0 | W18: 0 | X18: =$X$7*(IF($C18-$D18<0,0,ABS($C18-$D18))) -> 0.042933333 | Y18: =X18/$D$3 -> 0.11448889 | Z18: =X$9*$B18 -> 13.03973 | AA18: =Y18+Z18 -> 13.154219 | AB18: =IF(W18-AA18>0,0,ABS(W18-AA18)) -> 13.154219 | AC18: 108.44226 | AD18: =$AD$7*(IF($C18-$D18<0,0,ABS($C18-$D18))) -> 0 | AE18: =AD18/$D$3 -> 0 | AF18: =AD$9*$B18 -> 5.2309749 | AG18: =AE18+AF18 -> 5.2309749 | AH18: =IF(AC18-AG18>0,0,ABS(AC18-AG18)) -> 0 | AI18: 168.45611 | AJ18: =$AJ$7*(IF($C18-$D18<0,0,ABS($C18-$D18))) -> 0.30858333 | AK18: =AJ18/$D$3 -> 0.82288889 | AL18: =AJ$9*$B18 -> 0 | AM18: =AK18+AL18 -> 0.82288889 | AN18: =IF(AI18-AM18>0,0,ABS(AI18-AM18)) -> 0 | AO18: 5.4842946 | AP18: =$AP$7*(IF($C18-$D18<0,0,ABS($C18-$D18))) -> 0.805 | AQ18: =AP18/$D$3 -> 2.1466667 | AR18: =AP$9*$B18 -> 1.1723417 | AS18: =AQ18+AR18 -> 3.3190083 | AT18: =IF(AO18-AS18>0,0,ABS(AO18-AS18)) -> 0
A19: August | B19: =M46/$D$3 -> 0.85178112 | C19: =5.49/12 -> 0.4575 | D19: 0.1075 | E19: 6.0376827 | F19: =$F$7*(IF($C19-$D19<0,0,ABS($C19-$D19))) -> 0 | G19: =F19/$D$3 -> 0 | H19: =F$9*$B19 -> 71.813666 | I19: =G19+H19 -> 71.813666 | J19: =IF(E19-I19>0,0,ABS(E19-I19)) -> 65.775984 | K19: 0 | L19: =$L$7*(IF($C19-$D19<0,0,ABS($C19-$D19))) -> 0 | M19: =L19/$D$3 -> 0 | N19: =L$9*$B19 -> 17.223014 | O19: =M19+N19 -> 17.223014 | P19: =IF(K19-O19>0,0,ABS(K19-O19)) -> 17.223014 | Q19: 6.9619797 | R19: =R$7*(IF($C19-$D19<0,0,ABS($C19-$D19))) -> 0 | S19: =R19/$D$3 -> 0 | T19: =R$9*$B19 -> 81.643221 | U19: =S19+T19 -> 81.643221 | V19: =IF(Q19-U19>0,0,ABS(Q19-U19)) -> 74.681241 | W19: 0 | X19: =$X$7*(IF($C19-$D19<0,0,ABS($C19-$D19))) -> 0.056 | Y19: =X19/$D$3 -> 0.14933333 | Z19: =X$9*$B19 -> 16.200877 | AA19: =Y19+Z19 -> 16.35021 | AB19: =IF(W19-AA19>0,0,ABS(W19-AA19)) -> 16.35021 | AC19: 0 | AD19: =$AD$7*(IF($C19-$D19<0,0,ABS($C19-$D19))) -> 0 | AE19: =AD19/$D$3 -> 0 | AF19: =AD$9*$B19 -> 6.49909 | AG19: =AE19+AF19 -> 6.49909 | AH19: =IF(AC19-AG19>0,0,ABS(AC19-AG19)) -> 6.49909 | AI19: 143.88091 | AJ19: =$AJ$7*(IF($C19-$D19<0,0,ABS($C19-$D19))) -> 0.4025 | AK19: =AJ19/$D$3 -> 1.0733333 | AL19: =AJ$9*$B19 -> 0 | AM19: =AK19+AL19 -> 1.0733333 | AN19: =IF(AI19-AM19>0,0,ABS(AI19-AM19)) -> 0 | AO19: 0.018181808 | AP19: =$AP$7*(IF($C19-$D19<0,0,ABS($C19-$D19))) -> 1.05 | AQ19: =AP19/$D$3 -> 2.8 | AR19: =AP$9*$B19 -> 1.4565457 | AS19: =AQ19+AR19 -> 4.2565457 | AT19: =IF(AO19-AS19>0,0,ABS(AO19-AS19)) -> 4.2383639
A20: September | B20: =N46/$D$3 -> 0.57792688 | C20: =4.87/12 -> 0.40583333 | D20: 0.076666667 | E20: 0 | F20: =$F$7*(IF($C20-$D20<0,0,ABS($C20-$D20))) -> 0 | G20: =F20/$D$3 -> 0 | H20: =F$9*$B20 -> 48.725015 | I20: =G20+H20 -> 48.725015 | J20: =IF(E20-I20>0,0,ABS(E20-I20)) -> 48.725015 | K20: 0 | L20: =$L$7*(IF($C20-$D20<0,0,ABS($C20-$D20))) -> 0 | M20: =L20/$D$3 -> 0 | N20: =L$9*$B20 -> 11.685682 | O20: =M20+N20 -> 11.685682 | P20: =IF(K20-O20>0,0,ABS(K20-O20)) -> 11.685682 | Q20: 0 | R20: =R$7*(IF($C20-$D20<0,0,ABS($C20-$D20))) -> 0 | S20: =R20/$D$3 -> 0 | T20: =R$9*$B20 -> 55.394292 | U20: =S20+T20 -> 55.394292 | V20: =IF(Q20-U20>0,0,ABS(Q20-U20)) -> 55.394292 | W20: 0 | X20: =$X$7*(IF($C20-$D20<0,0,ABS($C20-$D20))) -> 0.052666667 | Y20: =X20/$D$3 -> 0.14044444 | Z20: =X$9*$B20 -> 10.992169 | AA20: =Y20+Z20 -> 11.132614 | AB20: =IF(W20-AA20>0,0,ABS(W20-AA20)) -> 11.132614 | AC20: 0 | AD20: =$AD$7*(IF($C20-$D20<0,0,ABS($C20-$D20))) -> 0 | AE20: =AD20/$D$3 -> 0 | AF20: =AD$9*$B20 -> 4.4095821 | AG20: =AE20+AF20 -> 4.4095821 | AH20: =IF(AC20-AG20>0,0,ABS(AC20-AG20)) -> 4.4095821 | AI20: 108.11895 | AJ20: =$AJ$7*(IF($C20-$D20<0,0,ABS($C20-$D20))) -> 0.37854167 | AK20: =AJ20/$D$3 -> 1.0094444 | AL20: =AJ$9*$B20 -> 0 | AM20: =AK20+AL20 -> 1.0094444 | AN20: =IF(AI20-AM20>0,0,ABS(AI20-AM20)) -> 0 | AO20: 0 | AP20: =$AP$7*(IF($C20-$D20<0,0,ABS($C20-$D20))) -> 0.9875 | AQ20: =AP20/$D$3 -> 2.6333333 | AR20: =AP$9*$B20 -> 0.98825497 | AS20: =AQ20+AR20 -> 3.6215883 | AT20: =IF(AO20-AS20>0,0,ABS(AO20-AS20)) -> 3.6215883
A21: October | B21: =O46/$D$3 -> 0.33995699 | C21: =4.09/12 -> 0.34083333 | D21: 0.058333333 | E21: 0 | F21: =$F$7*(IF($C21-$D21<0,0,ABS($C21-$D21))) -> 0 | G21: =F21/$D$3 -> 0 | H21: =F$9*$B21 -> 28.661774 | I21: =G21+H21 -> 28.661774 | J21: =IF(E21-I21>0,0,ABS(E21-I21)) -> 28.661774 | K21: 0 | L21: =$L$7*(IF($C21-$D21<0,0,ABS($C21-$D21))) -> 0 | M21: =L21/$D$3 -> 0 | N21: =L$9*$B21 -> 6.8739303 | O21: =M21+N21 -> 6.8739303 | P21: =IF(K21-O21>0,0,ABS(K21-O21)) -> 6.8739303 | Q21: 0 | R21: =R$7*(IF($C21-$D21<0,0,ABS($C21-$D21))) -> 0 | S21: =R21/$D$3 -> 0 | T21: =R$9*$B21 -> 32.584877 | U21: =S21+T21 -> 32.584877 | V21: =IF(Q21-U21>0,0,ABS(Q21-U21)) -> 32.584877 | W21: 0 | X21: =$X$7*(IF($C21-$D21<0,0,ABS($C21-$D21))) -> 0.0452 | Y21: =X21/$D$3 -> 0.12053333 | Z21: =X$9*$B21 -> 6.4659819 | AA21: =Y21+Z21 -> 6.5865153 | AB21: =IF(W21-AA21>0,0,ABS(W21-AA21)) -> 6.5865153 | AC21: 0 | AD21: =$AD$7*(IF($C21-$D21<0,0,ABS($C21-$D21))) -> 0 | AE21: =AD21/$D$3 -> 0 | AF21: =AD$9*$B21 -> 2.5938718 | AG21: =AE21+AF21 -> 2.5938718 | AH21: =IF(AC21-AG21>0,0,ABS(AC21-AG21)) -> 2.5938718 | AI21: 131.24621 | AJ21: =$AJ$7*(IF($C21-$D21<0,0,ABS($C21-$D21))) -> 0.324875 | AK21: =AJ21/$D$3 -> 0.86633333 | AL21: =AJ$9*$B21 -> 0 | AM21: =AK21+AL21 -> 0.86633333 | AN21: =IF(AI21-AM21>0,0,ABS(AI21-AM21)) -> 0 | AO21: 0 | AP21: =$AP$7*(IF($C21-$D21<0,0,ABS($C21-$D21))) -> 0.8475 | AQ21: =AP21/$D$3 -> 2.26 | AR21: =AP$9*$B21 -> 0.58132645 | AS21: =AQ21+AR21 -> 2.8413265 | AT21: =IF(AO21-AS21>0,0,ABS(AO21-AS21)) -> 2.8413265
A22: November | B22: =P46/$D$3 -> 0.020775149 | C22: =2.13/12 -> 0.1775 | D22: 0.058333333 | E22: 0 | F22: =$F$7*(IF($C22-$D22<0,0,ABS($C22-$D22))) -> 0 | G22: =F22/$D$3 -> 0 | H22: =F$9*$B22 -> 1.7515528 | I22: =G22+H22 -> 1.7515528 | J22: =IF(E22-I22>0,0,ABS(E22-I22)) -> 1.7515528 | K22: 0 | L22: =$L$7*(IF($C22-$D22<0,0,ABS($C22-$D22))) -> 0 | M22: =L22/$D$3 -> 0 | N22: =L$9*$B22 -> 0.42007352 | O22: =M22+N22 -> 0.42007352 | P22: =IF(K22-O22>0,0,ABS(K22-O22)) -> 0.42007352 | Q22: 0 | R22: =R$7*(IF($C22-$D22<0,0,ABS($C22-$D22))) -> 0 | S22: =R22/$D$3 -> 0 | T22: =R$9*$B22 -> 1.9912981 | U22: =S22+T22 -> 1.9912981 | V22: =IF(Q22-U22>0,0,ABS(Q22-U22)) -> 1.9912981 | W22: 0 | X22: =$X$7*(IF($C22-$D22<0,0,ABS($C22-$D22))) -> 0.019066667 | Y22: =X22/$D$3 -> 0.050844444 | Z22: =X$9*$B22 -> 0.39514334 | AA22: =Y22+Z22 -> 0.44598778 | AB22: =IF(W22-AA22>0,0,ABS(W22-AA22)) -> 0.44598778 | AC22: 0 | AD22: =$AD$7*(IF($C22-$D22<0,0,ABS($C22-$D22))) -> 0 | AE22: =AD22/$D$3 -> 0 | AF22: =AD$9*$B22 -> 0.15851439 | AG22: =AE22+AF22 -> 0.15851439 | AH22: =IF(AC22-AG22>0,0,ABS(AC22-AG22)) -> 0.15851439 | AI22: 189.63957 | AJ22: =$AJ$7*(IF($C22-$D22<0,0,ABS($C22-$D22))) -> 0.13704167 | AK22: =AJ22/$D$3 -> 0.36544444 | AL22: =AJ$9*$B22 -> 0 | AM22: =AK22+AL22 -> 0.36544444 | AN22: =IF(AI22-AM22>0,0,ABS(AI22-AM22)) -> 0 | AO22: 0 | AP22: =$AP$7*(IF($C22-$D22<0,0,ABS($C22-$D22))) -> 0.3575 | AQ22: =AP22/$D$3 -> 0.95333333 | AR22: =AP$9*$B22 -> 0.035525505 | AS22: =AQ22+AR22 -> 0.98885884 | AT22: =IF(AO22-AS22>0,0,ABS(AO22-AS22)) -> 0.98885884
A23: December | B23: =Q46/$D$3 -> 0 | C23: =1.74/12 -> 0.145 | D23: 0 | E23: 0 | F23: =$F$7*(IF($C23-$D23<0,0,ABS($C23-$D23))) -> 0 | G23: =F23/$D$3 -> 0 | H23: =F$9*$B23 -> 0 | I23: =G23+H23 -> 0 | J23: =IF(E23-I23>0,0,ABS(E23-I23)) -> 0 | K23: 0 | L23: =$L$7*(IF($C23-$D23<0,0,ABS($C23-$D23))) -> 0 | M23: =L23/$D$3 -> 0 | N23: =L$9*$B23 -> 0 | O23: =M23+N23 -> 0 | P23: =IF(K23-O23>0,0,ABS(K23-O23)) -> 0 | Q23: 0 | R23: =R$7*(IF($C23-$D23<0,0,ABS($C23-$D23))) -> 0 | S23: =R23/$D$3 -> 0 | T23: =R$9*$B23 -> 0 | U23: =S23+T23 -> 0 | V23: =IF(Q23-U23>0,0,ABS(Q23-U23)) -> 0 | W23: 0 | X23: =$X$7*(IF($C23-$D23<0,0,ABS($C23-$D23))) -> 0.0232 | Y23: =X23/$D$3 -> 0.061866667 | Z23: =X$9*$B23 -> 0 | AA23: =Y23+Z23 -> 0.061866667 | AB23: 0 | AC23: 0 | AD23: =$AD$7*(IF($C23-$D23<0,0,ABS($C23-$D23))) -> 0 | AE23: =AD23/$D$3 -> 0 | AF23: =AD$9*$B23 -> 0 | AG23: =AE23+AF23 -> 0 | AH23: =IF(AC23-AG23>0,0,ABS(AC23-AG23)) -> 0 | AI23: 5.7322283 | AJ23: =$AJ$7*(IF($C23-$D23<0,0,ABS($C23-$D23))) -> 0.16675 | AK23: =AJ23/$D$3 -> 0.44466667 | AL23: =AJ$9*$B23 -> 0 | AM23: =AK23+AL23 -> 0.44466667 | AN23: 0 | AO23: 0 | AP23: =$AP$7*(IF($C23-$D23<0,0,ABS($C23-$D23))) -> 0.435 | AQ23: =AP23/$D$3 -> 1.16 | AR23: =AP$9*$B23 -> 0 | AS23: =AQ23+AR23 -> 1.16 | AT23: =IF(AO23-AS23>0,0,ABS(AO23-AS23)) -> 1.16
A24: TOTALS | B24: =SUM(B12:B23) -> 4.3911111 | C24: =SUM(C12:C23) -> 4.6583333 | D24: =SUM(D12:D23) -> 1.1416667 | E24: =SUM(E12:E23) -> 321.38986 | F24: =SUM(F12:F23) -> 0 | G24: =SUM(G12:G23) -> 0 | H24: =SUM(H12:H23) -> 370.21458 | I24: =SUM(I12:I23) -> 370.21458 | ... AT24: =SUM(AT12:AT23) -> 16.735932
A25: Daily diversion records were used to assess whether a shortage condition truly existed in months for which only partial daily data were available, e.g. spring and fall at data logger startup/shutdown. | T25: Estimated from partial data.
A26: Reservoirs with small amounts of evaporation exceeding precipitation during winter were assumed to have no shortage in those months, despite the lack of diversion data for that period.
A27: Consumptive Use | F27: Metered | L27: Non-Metered | S27: Total
C28: CIR full season (ft) | D28: CIR Jul-Nov (ft) | F28: Acres Subject to Shortage | G28: CU Demand/Full Supply | H28: Diversion Required for CU * | I28: Diversion Shortage to CU * | J28: Fractional Shortage to Diversion Required | K28: Shortage to CU | M28: Acres Subject to Shortage | N28: CU Demand/Full Supply | O28: Shortage to CU | P28: Acres NOT Subject to Shortage** | Q28: CU Demand/Full Supply | S28: Total Acres | T28: Total CU Demand/Full Supply | U28: Total Shortage to CU Demand | V28: Tota Crop & Pond CU | W28: Incidental Losses | X28: Total Irrigated CU
A29: Full Season | C29: =B24*D3 -> 1.6466667 | F29: =($F9+$L9+$R9+$X9+$AD9+$AJ9+$AP9)-F30 -> 228.74 | G29: =F29*$C29 -> 376.65853 | H29: =H24+N24+T24+Z24+AF24+AL24 -> 996.91396 | K29: =G29*J32 -> 235.0714 | M29: 79.43 | N29: =M29*$C29 -> 130.79473 | O29: =J32*N29 -> 81.628579 | P29: 30.41 | Q29: =P29*$C29 -> 50.075133 | S29: =F29+M29+P29 -> 338.58 | T29: =G29+N29+Q29 -> 557.5284 | U29: =O29+K29 -> 316.69998 | V29: =T29-U29 -> 240.82842
A30: Pre-Plant | M30: 0 | P30: 0
A31: Reservoir | F31: =F7+L7+R7+X7+AD7+AJ7+AP7 -> 4.31 | G31: =F31*($C24-$D24) -> 15.156833 | H31: =G24+M24+S24+Y24+AE24+AK24+AQ24 -> 40.418222 | K31: =G31*J32 -> 9.4593317 | M31: 7.35 | N31: =M31*($C24-$D24) -> 25.8475 | O31: =J32*N31 -> 16.131343 | P31: 0 | Q31: =P31*($C24-$D24) -> 0 | S31: =F31+M31+P31 -> 11.66 | T31: =G31+N31+Q31 -> 41.004333 | U31: =O31+K31 -> 25.590675 | V31: =T31-U31 -> 15.413659
A32: Total | F32: =SUM(F29:F31) -> 233.05 | G32: =SUM(G29:G31) -> 391.81537 | H32: =SUM(H29:H31) -> 1037.3322 | I32: =J24+P24+V24+AB24+AH24+AN24+AT24 -> 647.39573 | J32: =I32/H32 -> 0.62409684 | K32: =J32*G32 -> 244.53073 | M32: =SUM(M29:M31) -> 86.78 | N32: =SUM(N29:N31) -> 156.64223 | O32: =SUM(O29:O31) -> 97.759922 | P32: =SUM(P29:P31) -> 30.41 | Q32: =SUM(Q29:Q31) -> 50.075133 | S32: =SUM(S29:S31) -> 350.24 | T32: =SUM(T29:T31) -> 598.53273 | U32: =SUM(U29:U31) -> 342.29065 | V32: =SUM(V29:V31) -> 256.24208 | W32: =(V32-Q32)*0.1+(Q32*0.02) -> 21.618197 | X32: =W32+V32 -> 277.86028
A34: * Shortage based on measured surface water diversions; no groundwater supplement
A35: **Groundwater supplied
A36: MONTHLY CIR COMPUTED USING THE SCS MODIFIED BLANEY-CRIDDLE METHOD
F37: Jan | G37: Feb | H37: Mar | I37: Apr | J37: May | K37: Jun | L37: Jul | M37: Aug | N37: Sep | O37: Oct | P37: Nov | Q37: Dec | R37: Total
A39: Weighted CIR - in | F39: 0 | G39: 0 | H39: 0 | I39: 1.78 | J39: 3.31 | K39: 5.05 | L39: 3.63 | M39: 4.51 | N39: 3.06 | O39: 1.8 | P39: 0.11 | Q39: 0 | R39: =SUM(F39:Q39) -> 23.25
A40: Ratio to Annual Total | F40: =F39/$R39 -> 0 | G40: =G39/$R39 -> 0 | H40: =H39/$R39 -> 0 | I40: =I39/$R39 -> 0.07655914 | J40: =J39/$R39 -> 0.14236559 | K40: =K39/$R39 -> 0.2172043 | L40: =L39/$R39 -> 0.15612903 | M40: =M39/$R39 -> 0.19397849 | ... Q40: =Q39/$R39 -> 0 | R40: =SUM(F40:Q40) -> 1
A42: ORIGINAL BLANEY-CRIDDLE ANNUAL WCIR | F42: 19.76 | G42: inches DISTRIBUTED USING MODIFIED BLANEY-CRIDDLE MONTHLY DISTRIBUTION RATIOS
F43: Jan | G43: Feb | H43: Mar | I43: Apr | J43: May | K43: Jun | L43: Jul | M43: Aug | N43: Sep | O43: Oct | P43: Nov | Q43: Dec | R43: Total
A45: CIR (in) | F45: =F40*$F42 -> 0 | G45: =G40*$F42 -> 0 | H45: =H40*$F42 -> 0 | I45: =I40*$F42 -> 1.5128086 | J45: =J40*$F42 -> 2.8131441 | K45: =K40*$F42 -> 4.291957 | L45: =L40*$F42 -> 3.0851097 | M45: =M40*$F42 -> 3.8330151 | ... Q45: =Q40*$F42 -> 0 | R45: =SUM(F45:Q45) -> 19.76
A46: CIR (ft) | F46: =F45/12 -> 0 | G46: =G45/12 -> 0 | H46: =H45/12 -> 0 | I46: =I45/12 -> 0.12606738 | J46: =J45/12 -> 0.23442867 | K46: =K45/12 -> 0.35766308 | L46: =L45/12 -> 0.25709247 | M46: =M45/12 -> 0.31941792 | ... Q46: =Q45/12 -> 0 | R46: =SUM(F46:Q46) -> 1.6466667

Sheet glenwood
A1: GLENWOOD - MULE CREEK | C1: Crop acres diversion required for CU = crop acres * CIR / e; Reservoir acres diversion required for CU = reservoir acres * ( (monthly pan evap * 0.8) - precip) / e
A3: "e" = efficiency diversion to consumptive use= | D3: 0.41 | E3: Farm efficiency (55%)a multiplied by canal efficiency (75%)b = 41%
A4: a Gila River Hydrographic Survey Report Volume 5; b 1970 Arizona v. California Report backup computations
A5: Metered Diversions -- Crop Acres and Reservoir Acres
E6: Deep Creek No. 1 Ditch | K6: Spurgeon No. 2 Ditch | Q6: Thomason Flat Ditch | W6: W S Ditch (GSF39 supplement) | AC6: East Pleasanton Ditch | AI6: Fish Pond Ditch/Lower Ditch North
G7: reservoir acres | L7: 0 | M7: reservoir acres | R7: 1.65 | S7: reservoir acres | X7: 1.78 | Y7: reservoir acres | AD7: 3.08 | AE7: reservoir acres | AJ7: 2.33 | AK7: reservoir acres
G8: pre-plant acres | L8: 0 | M8: pre-plant acres | R8: 0 | S8: pre-plant acres | X8: 0 | Y8: pre-plant acres | AD8: 0 | AE8: pre-plant acres | AJ8: 0 | AK8: pre-plant acres
G9: crop acres | L9: 43.44 | M9: crop acres | R9: 46.11 | S9: crop acres | X9: 139.36 | Y9: crop acres | AD9: 231.43 | AE9: crop acres | AJ9: 2.16 | AK9: crop acres
G10: total acres | L10: =SUM(L7:L9) -> 43.44 | M10: total acres | R10: =SUM(R7:R9) -> 47.76 | S10: total acres | X10: =SUM(X7:X9) -> 141.14 | Y10: total acres | AD10: =SUM(AD7:AD9) -> 234.51 | AE10: total acres | AJ10: =SUM(AJ7:AJ9) -> 4.49 | AK10: total acres
A11: MONTH | B11: CIR (ft)/e | C11: Average Area Monthly Pan *(0.8) Evaporation (ft) | D11: Precipitation (ft) | E11: Diverted | F11: Reservoir Evap. minus Precip. (ac-ft) | G11: Reservoir Acres Diversion required for CU | H11: Crop Acres Diversion required for CU | I11: Total Diversion required for CU | J11: Total Short to Required Diversion | K11: Diverted | L11: Reservoir Evap. minus Precip. (ac-ft) | M11: Reservoir Acres Diversion required for CU | N11: Crop Acres Diversion required for CU | O11: Total Diversion required for CU | P11: Total Short to Required Diversion | Q11: Diverted | R11: Reservoir Evap. minus Precip. (ac-ft) | S11: Reservoir Acres Diversion required for CU | T11: Crop Acres Diversion required for CU | U11: Total Diversion required for CU | V11: Total Short to Required Diversion | W11: Diverted | X11: Reservoir Evap. minus Precip. (ac-ft) | Y11: Reservoir Acres Diversion required for CU | Z11: Crop Acres Diversion required for CU | AA11: Total Diversion required for CU | AB11: Total Short to Required Diversion | AC11: Diverted | AD11: Reservoir Evap. minus Precip. (ac-ft) | AE11: Reservoir Acres Diversion required for CU | AF11: Crop Acres Diversion required for CU | AG11: Total Diversion required for CU | AH11: Total Short to Required Diversion | AI11: Diverted | AJ11: Reservoir Evap. minus Precip. (ac-ft) | AK11: Reservoir Acres Diversion required for CU | AL11: Crop Acres Diversion required for CU | AM11: Total Diversion required for CU | AN11: Total Short to Required Diversion
A12: January | B12: =F46/$D$3 -> 0 | C12: =2.21/12 -> 0.18416667 | D12: 0.14166667 | K12: 0 | L12: =$L$7*(IF($C12-$D12<0,0,ABS($C12-$D12))) -> 0 | M12: =L12/$D$3 -> 0 | N12: =L$9*$B12 -> 0 | O12: =M12+N12 -> 0 | P12: 0 | Q12: 0 | R12: =R$7*(IF($C12-$D12<0,0,ABS($C12-$D12))) -> 0.070125 | S12: =R12/$D$3 -> 0.17103659 | T12: =R$9*$B12 -> 0 | U12: =S12+T12 -> 0.17103659 | V12: 0 | W12: 0 | X12: =$X$7*(IF($C12-$D12<0,0,ABS($C12-$D12))) -> 0.07565 | Y12: =X12/$D$3 -> 0.1845122 | Z12: =X$9*$B12 -> 0 | AA12: =Y12+Z12 -> 0.1845122 | AB12: 0 | AC12: 0 | AD12: =$AD$7*(IF($C12-$D12<0,0,ABS($C12-$D12))) -> 0.1309 | AE12: =AD12/$D$3 -> 0.31926829 | AF12: =AD$9*$B12 -> 0 | AG12: =AE12+AF12 -> 0.31926829 | AH12: 0 | AI12: 0 | AJ12: =$AJ$7*(IF($C12-$D12<0,0,ABS($C12-$D12))) -> 0.099025 | AK12: =AJ12/$D$3 -> 0.24152439 | AL12: =AJ$9*$B12 -> 0 | AM12: =AK12+AL12 -> 0.24152439 | AN12: 0
A13: February | B13: =G46/$D$3 -> 0 | C13: =2.92/12 -> 0.24333333 | D13: 0.14 | E13: Discontinued Gage | K13: 0 | L13: =$L$7*(IF($C13-$D13<0,0,ABS($C13-$D13))) -> 0 | M13: =L13/$D$3 -> 0 | N13: =L$9*$B13 -> 0 | O13: =M13+N13 -> 0 | P13: 0 | Q13: 0 | R13: =R$7*(IF($C13-$D13<0,0,ABS($C13-$D13))) -> 0.1705 | S13: =R13/$D$3 -> 0.41585366 | T13: =R$9*$B13 -> 0 | U13: =S13+T13 -> 0.41585366 | V13: 0 | W13: 0 | X13: =$X$7*(IF($C13-$D13<0,0,ABS($C13-$D13))) -> 0.18393333 | Y13: =X13/$D$3 -> 0.44861789 | Z13: =X$9*$B13 -> 0 | AA13: =Y13+Z13 -> 0.44861789 | AB13: 0 | AC13: 0 | AD13: =$AD$7*(IF($C13-$D13<0,0,ABS($C13-$D13))) -> 0.31826667 | AE13: =AD13/$D$3 -> 0.77626016 | AF13: =AD$9*$B13 -> 0 | AG13: =AE13+AF13 -> 0.77626016 | AH13: 0 | AI13: 0 | AJ13: =$AJ$7*(IF($C13-$D13<0,0,ABS($C13-$D13))) -> 0.24076667 | AK13: =AJ13/$D$3 -> 0.58723577 | AL13: =AJ$9*$B13 -> 0 | AM13: =AK13+AL13 -> 0.58723577 | AN13: 0
A14: March | B14: =H46/$D$3 -> 0.036931298 | C14: =6.12/12 -> 0.51 | D14: 0.16416667 | K14: 0 | L14: =$L$7*(IF($C14-$D14<0,0,ABS($C14-$D14))) -> 0 | M14: =L14/$D$3 -> 0 | N14: =L$9*$B14 -> 1.6042956 | O14: =M14+N14 -> 1.6042956 | P14: =IF(K14-O14>0,0,ABS(K14-O14)) -> 1.6042956 | Q14: 3.5713617 | R14: =R$7*(IF($C14-$D14<0,0,ABS($C14-$D14))) -> 0.570625 | S14: =R14/$D$3 -> 1.3917683 | T14: =R$9*$B14 -> 1.7029021 | U14: =S14+T14 -> 3.0946704 | V14: =IF(Q14-U14>0,0,ABS(Q14-U14)) -> 0 | W14: 7.1444589 | X14: =$X$7*(IF($C14-$D14<0,0,ABS($C14-$D14))) -> 0.61558333 | Y14: =X14/$D$3 -> 1.5014228 | Z14: =X$9*$B14 -> 5.1467456 | AA14: =Y14+Z14 -> 6.6481684 | AB14: =IF(W14-AA14>0,0,ABS(W14-AA14)) -> 0 | AC14: 520.32369 | AD14: =$AD$7*(IF($C14-$D14<0,0,ABS($C14-$D14))) -> 1.0651667 | AE14: =AD14/$D$3 -> 2.5979675 | AF14: =AD$9*$B14 -> 8.5470102 | AG14: =AE14+AF14 -> 11.144978 | AH14: =IF(AC14-AG14>0,0,ABS(AC14-AG14)) -> 0 | AI14: 403.4378 | AJ14: =$AJ$7*(IF($C14-$D14<0,0,ABS($C14-$D14))) -> 0.80579167 | AK14: =AJ14/$D$3 -> 1.9653455 | AL14: =AJ$9*$B14 -> 0.079771603 | AM14: =AK14+AL14 -> 2.0451171 | AN14: =IF(AI14-AM14>0,0,ABS(AI14-AM14)) -> 0
A15: April | B15: =I46/$D$3 -> 0.47087405 | C15: =7.97/12 -> 0.66416667 | D15: 0.0083333333 | K15: 96.344222 | L15: =$L$7*(IF($C15-$D15<0,0,ABS($C15-$D15))) -> 0 | M15: =L15/$D$3 -> 0 | N15: =L$9*$B15 -> 20.454769 | O15: =M15+N15 -> 20.454769 | P15: =IF(K15-O15>0,0,ABS(K15-O15)) -> 0 | Q15: 29.355356 | R15: =R$7*(IF($C15-$D15<0,0,ABS($C15-$D15))) -> 1.082125 | S15: =R15/$D$3 -> 2.6393293 | T15: =R$9*$B15 -> 21.712002 | U15: =S15+T15 -> 24.351331 | V15: =IF(Q15-U15>0,0,ABS(Q15-U15)) -> 0 | W15: 379.37831 | X15: =$X$7*(IF($C15-$D15<0,0,ABS($C15-$D15))) -> 1.1673833 | Y15: =X15/$D$3 -> 2.8472764 | Z15: =X$9*$B15 -> 65.621007 | AA15: =Y15+Z15 -> 68.468283 | AB15: =IF(W15-AA15>0,0,ABS(W15-AA15)) -> 0 | AC15: 513.83774 | AD15: =$AD$7*(IF($C15-$D15<0,0,ABS($C15-$D15))) -> 2.0199667 | AE15: =AD15/$D$3 -> 4.926748 | AF15: =AD$9*$B15 -> 108.97438 | AG15: =AE15+AF15 -> 113.90113 | AH15: =IF(AC15-AG15>0,0,ABS(AC15-AG15)) -> 0 | AI15: 395.18656 | AJ15: =$AJ$7*(IF($C15-$D15<0,0,ABS($C15-$D15))) -> 1.5280917 | AK15: =AJ15/$D$3 -> 3.7270528 | AL15: =AJ$9*$B15 -> 1.0170879 | AM15: =AK15+AL15 -> 4.7441408 | AN15: =IF(AI15-AM15>0,0,ABS(AI15-AM15)) -> 0
A16: May | B16: =J46/$D$3 -> 0.79586946 | C16: =9.18/12 -> 0.765 | D16: 0.0041666667 | K16: 86.281653 | L16: =$L$7*(IF($C16-$D16<0,0,ABS($C16-$D16))) -> 0 | M16: =L16/$D$3 -> 0 | N16: =L$9*$B16 -> 34.57257 | O16: =M16+N16 -> 34.57257 | P16: =IF(K16-O16>0,0,ABS(K16-O16)) -> 0 | Q16: 18.625775 | R16: =R$7*(IF($C16-$D16<0,0,ABS($C16-$D16))) -> 1.255375 | S16: =R16/$D$3 -> 3.0618902 | T16: =R$9*$B16 -> 36.697541 | U16: =S16+T16 -> 39.759431 | V16: =IF(Q16-U16>0,0,ABS(Q16-U16)) -> 21.133656 | W16: 486.1485 | X16: =$X$7*(IF($C16-$D16<0,0,ABS($C16-$D16))) -> 1.3542833 | Y16: =X16/$D$3 -> 3.3031301 | Z16: =X$9*$B16 -> 110.91237 | AA16: =Y16+Z16 -> 114.2155 | AB16: =IF(W16-AA16>0,0,ABS(W16-AA16)) -> 0 | AC16: 434.81629 | AD16: =$AD$7*(IF($C16-$D16<0,0,ABS($C16-$D16))) -> 2.3433667 | AE16: =AD16/$D$3 -> 5.7155285 | AF16: =AD$9*$B16 -> 184.18807 | AG16: =AE16+AF16 -> 189.9036 | AH16: =IF(AC16-AG16>0,0,ABS(AC16-AG16)) -> 0 | AI16: 482.06255 | AJ16: =$AJ$7*(IF($C16-$D16<0,0,ABS($C16-$D16))) -> 1.7727417 | AK16: =AJ16/$D$3 -> 4.3237602 | AL16: =AJ$9*$B16 -> 1.719078 | AM16: =AK16+AL16 -> 6.0428382 | AN16: =IF(AI16-AM16>0,0,ABS(AI16-AM16)) -> 0
A17: June | B17: =K46/$D$3 -> 1.0636214 | C17: =10.96/12 -> 0.91333333 | D17: 0.0875 | K17: 112.87779 | L17: =$L$7*(IF($C17-$D17<0,0,ABS($C17-$D17))) -> 0 | M17: =L17/$D$3 -> 0 | N17: =L$9*$B17 -> 46.203712 | O17: =M17+N17 -> 46.203712 | P17: =IF(K17-O17>0,0,ABS(K17-O17)) -> 0 | Q17: 7.0690871 | R17: =R$7*(IF($C17-$D17<0,0,ABS($C17-$D17))) -> 1.362625 | S17: =R17/$D$3 -> 3.3234756 | T17: =R$9*$B17 -> 49.043582 | U17: =S17+T17 -> 52.367057 | V17: =IF(Q17-U17>0,0,ABS(Q17-U17)) -> 45.29797 | W17: 272.92547 | X17: =$X$7*(IF($C17-$D17<0,0,ABS($C17-$D17))) -> 1.4699833 | Y17: =X17/$D$3 -> 3.5853252 | Z17: =X$9*$B17 -> 148.22627 | AA17: =Y17+Z17 -> 151.8116 | AB17: =IF(W17-AA17>0,0,ABS(W17-AA17)) -> 0 | AC17: 451.89397 | AD17: =$AD$7*(IF($C17-$D17<0,0,ABS($C17-$D17))) -> 2.5435667 | AE17: =AD17/$D$3 -> 6.2038211 | AF17: =AD$9*$B17 -> 246.15389 | AG17: =AE17+AF17 -> 252.35772 | AH17: =IF(AC17-AG17>0,0,ABS(AC17-AG17)) -> 0 | AI17: 436.3634 | AJ17: =$AJ$7*(IF($C17-$D17<0,0,ABS($C17-$D17))) -> 1.9241917 | AK17: =AJ17/$D$3 -> 4.6931504 | AL17: =AJ$9*$B17 -> 2.2974222 | AM17: =AK17+AL17 -> 6.9905726 | AN17: =IF(AI17-AM17>0,0,ABS(AI17-AM17)) -> 0
A18: July | B18: =L46/$D$3 -> 0.84018702 | C18: =8.4/12 -> 0.7 | D18: 0.2825 | K18: 34.101941 | L18: =$L$7*(IF($C18-$D18<0,0,ABS($C18-$D18))) -> 0 | M18: =L18/$D$3 -> 0 | N18: =L$9*$B18 -> 36.497724 | O18: =M18+N18 -> 36.497724 | P18: =IF(K18-O18>0,0,ABS(K18-O18)) -> 2.3957828 | Q18: 0.32727255 | R18: =R$7*(IF($C18-$D18<0,0,ABS($C18-$D18))) -> 0.688875 | S18: =R18/$D$3 -> 1.6801829 | T18: =R$9*$B18 -> 38.741024 | U18: =S18+T18 -> 40.421207 | V18: =IF(Q18-U18>0,0,ABS(Q18-U18)) -> 40.093934 | W18: 246.49177 | X18: =$X$7*(IF($C18-$D18<0,0,ABS($C18-$D18))) -> 0.74315 | Y18: =X18/$D$3 -> 1.812561 | Z18: =X$9*$B18 -> 117.08846 | AA18: =Y18+Z18 -> 118.90102 | AB18: =IF(W18-AA18>0,0,ABS(W18-AA18)) -> 0 | AC18: 432.35679 | AD18: =$AD$7*(IF($C18-$D18<0,0,ABS($C18-$D18))) -> 1.2859 | AE18: =AD18/$D$3 -> 3.1363415 | AF18: =AD$9*$B18 -> 194.44448 | AG18: =AE18+AF18 -> 197.58082 | AH18: =IF(AC18-AG18>0,0,ABS(AC18-AG18)) -> 0 | AI18: 126.70406 | AJ18: =$AJ$7*(IF($C18-$D18<0,0,ABS($C18-$D18))) -> 0.972775 | AK18: =AJ18/$D$3 -> 2.372622 | AL18: =AJ$9*$B18 -> 1.814804 | AM18: =AK18+AL18 -> 4.1874259 | AN18: =IF(AI18-AM18>0,0,ABS(AI18-AM18)) -> 0
A19: August | B19: =M46/$D$3 -> 1.0008382 | C19: =6.98/12 -> 0.58166667 | D19: 0.1225 | K19: 0 | L19: =$L$7*(IF($C19-$D19<0,0,ABS($C19-$D19))) -> 0 | M19: =L19/$D$3 -> 0 | N19: =L$9*$B19 -> 43.47641 | O19: =M19+N19 -> 43.47641 | P19: =IF(K19-O19>0,0,ABS(K19-O19)) -> 43.47641 | Q19: 0 | R19: =R$7*(IF($C19-$D19<0,0,ABS($C19-$D19))) -> 0.757625 | S19: =R19/$D$3 -> 1.8478659 | T19: =R$9*$B19 -> 46.148648 | U19: =S19+T19 -> 47.996514 | V19: =IF(Q19-U19>0,0,ABS(Q19-U19)) -> 47.996514 | W19: 379.00541 | X19: =$X$7*(IF($C19-$D19<0,0,ABS($C19-$D19))) -> 0.81731667 | Y19: =X19/$D$3 -> 1.9934553 | Z19: =X$9*$B19 -> 139.47681 | AA19: =Y19+Z19 -> 141.47026 | AB19: =IF(W19-AA19>0,0,ABS(W19-AA19)) -> 0 | AC19: 391.06095 | AD19: =$AD$7*(IF($C19-$D19<0,0,ABS($C19-$D19))) -> 1.4142333 | AE19: =AD19/$D$3 -> 3.4493496 | AF19: =AD$9*$B19 -> 231.62398 | AG19: =AE19+AF19 -> 235.07333 | AH19: =IF(AC19-AG19>0,0,ABS(AC19-AG19)) -> 0 | AI19: 119.0082 | AJ19: =$AJ$7*(IF($C19-$D19<0,0,ABS($C19-$D19))) -> 1.0698583 | AK19: =AJ19/$D$3 -> 2.6094106 | AL19: =AJ$9*$B19 -> 2.1618104 | AM19: =AK19+AL19 -> 4.771221 | AN19: =IF(AI19-AM19>0,0,ABS(AI19-AM19)) -> 0
A20: September | B20: =N46/$D$3 -> 0.63521832 | C20: =6.19/12 -> 0.51583333 | D20: 0.10916667 | K20: 0 | L20: =$L$7*(IF($C20-$D20<0,0,ABS($C20-$D20))) -> 0 | M20: =L20/$D$3 -> 0 | N20: =L$9*$B20 -> 27.593884 | O20: =M20+N20 -> 27.593884 | P20: =IF(K20-O20>0,0,ABS(K20-O20)) -> 27.593884 | Q20: 0 | R20: =R$7*(IF($C20-$D20<0,0,ABS($C20-$D20))) -> 0.671 | S20: =R20/$D$3 -> 1.6365854 | T20: =R$9*$B20 -> 29.289917 | U20: =S20+T20 -> 30.926502 | V20: =IF(Q20-U20>0,0,ABS(Q20-U20)) -> 30.926502 | W20: 0 | X20: =$X$7*(IF($C20-$D20<0,0,ABS($C20-$D20))) -> 0.72386667 | Y20: =X20/$D$3 -> 1.7655285 | Z20: =X$9*$B20 -> 88.524025 | AA20: =Y20+Z20 -> 90.289554 | AB20: =IF(W20-AA20>0,0,ABS(W20-AA20)) -> 90.289554 | AC20: 0 | AD20: =$AD$7*(IF($C20-$D20<0,0,ABS($C20-$D20))) -> 1.2525333 | AE20: =AD20/$D$3 -> 3.0549593 | AF20: =AD$9*$B20 -> 147.00858 | AG20: =AE20+AF20 -> 150.06354 | AH20: =IF(AC20-AG20>0,0,ABS(AC20-AG20)) -> 150.06354 | AI20: 79.993345 | AJ20: =$AJ$7*(IF($C20-$D20<0,0,ABS($C20-$D20))) -> 0.94753333 | AK20: =AJ20/$D$3 -> 2.3110569 | AL20: =AJ$9*$B20 -> 1.3720716 | AM20: =AK20+AL20 -> 3.6831285 | AN20: =IF(AI20-AM20>0,0,ABS(AI20-AM20)) -> 0
A21: October | B21: =O46/$D$3 -> 0.50226565 | C21: =5.2/12 -> 0.43333333 | D21: 0.031666667 | K21: 0 | L21: =$L$7*(IF($C21-$D21<0,0,ABS($C21-$D21))) -> 0 | M21: =L21/$D$3 -> 0 | N21: =L$9*$B21 -> 21.81842 | O21: =M21+N21 -> 21.81842 | P21: =IF(K21-O21>0,0,ABS(K21-O21)) -> 21.81842 | Q21: 0 | R21: =R$7*(IF($C21-$D21<0,0,ABS($C21-$D21))) -> 0.66275 | S21: =R21/$D$3 -> 1.6164634 | T21: =R$9*$B21 -> 23.159469 | U21: =S21+T21 -> 24.775932 | V21: =IF(Q21-U21>0,0,ABS(Q21-U21)) -> 24.775932 | W21: 0 | X21: =$X$7*(IF($C21-$D21<0,0,ABS($C21-$D21))) -> 0.71496667 | Y21: =X21/$D$3 -> 1.7438211 | Z21: =X$9*$B21 -> 69.995741 | AA21: =Y21+Z21 -> 71.739562 | AB21: =IF(W21-AA21>0,0,ABS(W21-AA21)) -> 71.739562 | AC21: 0 | AD21: =$AD$7*(IF($C21-$D21<0,0,ABS($C21-$D21))) -> 1.2371333 | AE21: =AD21/$D$3 -> 3.0173984 | AF21: =AD$9*$B21 -> 116.23934 | AG21: =AE21+AF21 -> 119.25674 | AH21: =IF(AC21-AG21>0,0,ABS(AC21-AG21)) -> 119.25674 | AI21: 49.705758 | AJ21: =$AJ$7*(IF($C21-$D21<0,0,ABS($C21-$D21))) -> 0.93588333 | AK21: =AJ21/$D$3 -> 2.2826423 | AL21: =AJ$9*$B21 -> 1.0848938 | AM21: =AK21+AL21 -> 3.3675361 | AN21: =IF(AI21-AM21>0,0,ABS(AI21-AM21)) -> 0
A22: November | B22: =P46/$D$3 -> 0.13849237 | C22: =2.71/12 -> 0.22583333 | D22: 0.034166667 | K22: 0 | L22: =$L$7*(IF($C22-$D22<0,0,ABS($C22-$D22))) -> 0 | M22: =L22/$D$3 -> 0 | N22: =L$9*$B22 -> 6.0161084 | O22: =M22+N22 -> 6.0161084 | P22: =IF(K22-O22>0,0,ABS(K22-O22)) -> 6.0161084 | Q22: 0 | R22: =R$7*(IF($C22-$D22<0,0,ABS($C22-$D22))) -> 0.31625 | S22: =R22/$D$3 -> 0.77134146 | T22: =R$9*$B22 -> 6.385883 | U22: =S22+T22 -> 7.1572245 | V22: =IF(Q22-U22>0,0,ABS(Q22-U22)) -> 7.1572245 | W22: 0 | X22: =$X$7*(IF($C22-$D22<0,0,ABS($C22-$D22))) -> 0.34116667 | Y22: =X22/$D$3 -> 0.83211382 | Z22: =X$9*$B22 -> 19.300296 | AA22: =Y22+Z22 -> 20.13241 | AB22: =IF(W22-AA22>0,0,ABS(W22-AA22)) -> 20.13241 | AC22: 0 | AD22: =$AD$7*(IF($C22-$D22<0,0,ABS($C22-$D22))) -> 0.59033333 | AE22: =AD22/$D$3 -> 1.4398374 | AF22: =AD$9*$B22 -> 32.051288 | AG22: =AE22+AF22 -> 33.491126 | AH22: =IF(AC22-AG22>0,0,ABS(AC22-AG22)) -> 33.491126 | AI22: 1.6462801 | AJ22: =$AJ$7*(IF($C22-$D22<0,0,ABS($C22-$D22))) -> 0.44658333 | AK22: =AJ22/$D$3 -> 1.0892276 | AL22: =AJ$9*$B22 -> 0.29914351 | AM22: =AK22+AL22 -> 1.3883712 | AN22: =IF(AI22-AM22>0,0,ABS(AI22-AM22)) -> 0
A23: December | B23: =Q46/$D$3 -> 0.0055396947 | C23: =2.21/12 -> 0.18416667 | D23: 0 | K23: 0 | L23: =$L$7*(IF($C23-$D23<0,0,ABS($C23-$D23))) -> 0 | M23: =L23/$D$3 -> 0 | N23: =L$9*$B23 -> 0.24064434 | O23: =M23+N23 -> 0.24064434 | P23: 0 | Q23: 0 | R23: =R$7*(IF($C23-$D23<0,0,ABS($C23-$D23))) -> 0.303875 | S23: =R23/$D$3 -> 0.74115854 | T23: =R$9*$B23 -> 0.25543532 | U23: =S23+T23 -> 0.99659386 | V23: 0 | W23: 0 | X23: =$X$7*(IF($C23-$D23<0,0,ABS($C23-$D23))) -> 0.32781667 | Y23: =X23/$D$3 -> 0.79955285 | Z23: =X$9*$B23 -> 0.77201185 | AA23: =Y23+Z23 -> 1.5715647 | AB23: 0 | AC23: 0 | AD23: =$AD$7*(IF($C23-$D23<0,0,ABS($C23-$D23))) -> 0.56723333 | AE23: =AD23/$D$3 -> 1.3834959 | AF23: =AD$9*$B23 -> 1.2820515 | AG23: =AE23+AF23 -> 2.6655475 | AH23: 0 | AI23: 0 | AJ23: =$AJ$7*(IF($C23-$D23<0,0,ABS($C23-$D23))) -> 0.42910833 | AK23: =AJ23/$D$3 -> 1.0466057 | AL23: =AJ$9*$B23 -> 0.01196574 | AM23: =AK23+AL23 -> 1.0585714 | AN23: 0
A24: TOTALS | B24: =SUM(B12:B23) -> 5.4898374 | C24: =SUM(C12:C23) -> 5.9208333 | D24: =SUM(D12:D23) -> 1.1258333 | K24: =SUM(K12:K23) -> 329.60561 | L24: =SUM(L12:L23) -> 0 | M24: =SUM(M12:M23) -> 0 | N24: =SUM(N12:N23) -> 238.47854 | O24: =SUM(O12:O23) -> 238.47854 | P24: =SUM(P12:P23) -> 102.9049 | Q24: =SUM(Q12:Q23) -> 58.948852 | R24: =SUM(R12:R23) -> 7.91175 | ... AN24: =SUM(AN12:AN23) -> 0
A25: Daily diversion records were used to assess whether a shortage condition truly existed in months for which only partial daily data were available, e.g. spring and fall at data logger startup/shutdown. | T25: Estimated from partial data.
A26: Reservoirs with small amounts of evaporation exceeding precipitation during winter were assumed to have no shortage in those months, despite the lack of diversion data for that period.
A27: Consumptive Use | F27: Metered | L27: Non-Metered | S27: Total
C28: CIR full season (ft) | D28: CIR Jul-Nov (ft) | F28: Acres Subject to Shortage | G28: CU Demand/Full Supply | H28: Diversion Required for CU * | I28: Diversion Shortage to CU * | J28: Fractional Shortage to Diversion Required | K28: Shortage to CU | M28: Acres Subject to Shortage | N28: CU Demand/Full Supply | O28: Shortage to CU | P28: Acres NOT Subject to Shortage** | Q28: CU Demand/Full Supply | S28: Total Acres | T28: Total CU Demand/Full Supply | U28: Total Shortage to CU Demand | V28: Tota Crop & Pond CU | W28: Incidental Losses | X28: Total Irrigated CU | AF28: Additional measured discharge (ac-ft)
A29: Full Season | C29: =B24*$D$3 -> 2.2508333 | F29: =($F9+$L9+$R9+$X9+$AD9+$AJ9)-F30 -> 462.5 | G29: =F29*$C29 -> 1041.0104 | H29: =H24+N24+T24+Z24+AF24+AL24 -> 2539.0498 | K29: =G29*J32 -> 317.2391 | M29: 175.25 | N29: =M29*$C29 -> 394.45854 | O29: =J32*N29 -> 120.2079 | P29: 78.98 | Q29: =P29*$C29 -> 177.77082 | S29: =F29+M29+P29 -> 716.73 | T29: =G29+N29+Q29 -> 1613.2398 | U29: =O29+K29 -> 437.44699 | V29: =T29-U29 -> 1175.7928
A30: Pre-Plant | M30: 0 | P30: 0
A31: Reservoir | F31: =F7+L7+R7+X7+AD7+AJ7+AP7 -> 8.84 | G31: =F31*($C24-$D24) -> 42.3878 | H31: =G24+M24+S24+Y24+AE24+AK24+AQ24 -> 103.38488 | K31: =G31*J32 -> 12.917323 | M31: 5.7 | N31: =M31*($C24-$D24) -> 27.3315 | O31: =J32*N31 -> 8.3290428 | P31: 0.08 | Q31: =P31*($C24-$D24) -> 0.3836 | S31: =F31+M31+P31 -> 14.62 | T31: =G31+N31+Q31 -> 70.1029 | U31: =O31+K31 -> 21.246365 | V31: =T31-U31 -> 48.856535 | AF31: GSF-25, 25-S, 25-S-2 | AI31: 116.58
A32: Total | F32: =SUM(F29:F31) -> 471.34 | G32: =SUM(G29:G31) -> 1083.3982 | H32: =SUM(H29:H31) -> 2642.4347 | I32: =J24+P24+V24+AB24+AH24+AN24+AT24 -> 805.25956 | J32: =I32/H32 -> 0.30474152 | K32: =J32*G32 -> 330.15642 | M32: =SUM(M29:M31) -> 180.95 | N32: =SUM(N29:N31) -> 421.79004 | O32: =SUM(O29:O31) -> 128.53694 | P32: =SUM(P29:P31) -> 79.06 | Q32: =SUM(Q29:Q31) -> 178.15442 | S32: =SUM(S29:S31) -> 731.35 | T32: =SUM(T29:T31) -> 1683.3427 | U32: =SUM(U29:U31) -> 458.69336 | V32: =SUM(V29:V31) -> 1224.6493 | W32: =(V32-Q32)*0.1+(Q32*0.02) -> 108.21258 | X32: =W32+V32 -> 1332.8619 | AF32: Total Ground | AI32: =SUM(AI30:AI31) -> 116.58
A34: * Shortage based on measured surface water diversions; no groundwater supplement
A35: **Groundwater supplied
A36: MONTHLY CIR COMPUTED USING THE SCS MODIFIED BLANEY-CRIDDLE METHOD
F37: Jan | G37: Feb | H37: Mar | I37: Apr | J37: May | K37: Jun | L37: Jul | M37: Aug | N37: Sep | O37: Oct | P37: Nov | Q37: Dec | R37: Total
A39: Weighted CIR - in | F39: 0 | G39: 0 | H39: 0.2 | I39: 2.55 | J39: 4.31 | K39: 5.76 | L39: 4.55 | M39: 5.42 | N39: 3.44 | O39: 2.72 | P39: 0.75 | Q39: 0.03 | R39: =SUM(F39:Q39) -> 29.73
A40: Ratio to Annual Total | F40: =F39/$R39 -> 0 | G40: =G39/$R39 -> 0 | H40: =H39/$R39 -> 0.0067272116 | I40: =I39/$R39 -> 0.085771948 | J40: =J39/$R39 -> 0.14497141 | K40: =K39/$R39 -> 0.19374369 | L40: =L39/$R39 -> 0.15304406 | M40: =M39/$R39 -> 0.18230743 | ... Q40: =Q39/$R39 -> 0.0010090817 | R40: =SUM(F40:Q40) -> 1
A42: ORIGINAL BLANEY-CRIDDLE ANNUAL WCIR | F42: 27.01 | G42: inches DISTRIBUTED USING MODIFIED BLANEY-CRIDDLE MONTHLY DISTRIBUTION RATIOS
F43: Jan | G43: Feb | H43: Mar | I43: Apr | J43: May | K43: Jun | L43: Jul | M43: Aug | N43: Sep | O43: Oct | P43: Nov | Q43: Dec | R43: Total
A45: CIR (in) | F45: =F40*$F42 -> 0 | G45: =G40*$F42 -> 0 | H45: =H40*$F42 -> 0.18170198 | I45: =I40*$F42 -> 2.3167003 | J45: =J40*$F42 -> 3.9156778 | K45: =K40*$F42 -> 5.2330172 | L45: =L40*$F42 -> 4.1337201 | M45: =M40*$F42 -> 4.9241238 | ... Q45: =Q40*$F42 -> 0.027255298 | R45: =SUM(F45:Q45) -> 27.01
A46: CIR (ft) | F46: =F45/12 -> 0 | G46: =G45/12 -> 0 | H46: =H45/12 -> 0.015141832 | I46: =I45/12 -> 0.19305836 | J46: =J45/12 -> 0.32630648 | K46: =K45/12 -> 0.43608476 | L46: =L45/12 -> 0.34447668 | M46: =M45/12 -> 0.41034365 | ... Q46: =Q45/12 -> 0.0022712748 | R46: =SUM(F46:Q46) -> 2.2508333
F48: 0 | G48: 0.11 | H48: 1.24 | I48: 2.53 | J48: 4.05 | K48: 6.47 | L48: 6.99 | M48: 6.17 | N48: 4.12 | O48: 2.77 | P48: 0.72 | Q48: 0.01 | R48: =SUM(F48:Q48) -> 35.18

Sheet uppergila
A1: UPPER GILA | B1: Crop acres diversion required for CU = crop acres * CIR / e; Reservoir acres diversion required for CU = reservoir acres * ( (monthly pan evap * 0.8) - precip) / e
A3: "e" = efficiency diversion to consumptive use = | D3: 0.338 | E3: Farm efficiency (45%)a multiplied by canal efficiency (75%)b = 33.8% (Upper Gila, except Bear Creek)
A4: a Gila River Hydrographic Survey Report Volume 8; b 1970 Arizona v. California Report backup computations
A5: Metered Diversions -- Crop Acres and Reservoir Acres
E6: Gila Hot Springs Ditch
F7: 0.44 | G7: reservoir acres
F8: 0 | G8: pre-plant acres
F9: 19.29 | G9: crop acres
F10: =SUM(F7:F9) -> 19.73 | G10: total acres
A11: MONTH | B11: CIR (ft)/e | C11: Average Area Monthly Pan *(0.8) Evaporation (ft) | D11: Precipitation (ft) | E11: Diverted | F11: Reservoir Evap. minus Precip. (ac-ft) | G11: Reservoir Acres Diversion required for CU | H11: Crop Acres Diversion required for CU | I11: Total Diversion required for CU | J11: Total Short to Required Diversion
A12: January | B12: =F45/$D$3 -> 0 | C12: =1.56/12 -> 0.13 | D12: 0.1225 | E12: 0 | F12: =$F$7*(IF($C12-$D12<0,0,ABS($C12-$D12))) -> 0.0033 | G12: =F12/$D$3 -> 0.0097633136 | H12: =F$9*$B12 -> 0 | I12: =G12+H12 -> 0.0097633136 | J12: 0
A13: February | B13: =G45/$D$3 -> 0 | C13: =2.07/12 -> 0.1725 | D13: 0.2125 | E13: 0 | F13: =$F$7*(IF($C13-$D13<0,0,ABS($C13-$D13))) -> 0 | G13: =F13/$D$3 -> 0 | H13: =F$9*$B13 -> 0 | I13: =G13+H13 -> 0 | J13: 0
A14: March | B14: =H45/$D$3 -> 0.08963155 | C14: =4.33/12 -> 0.36083333 | D14: 0.085833333 | E14: 77.479132 | F14: =$F$7*(IF($C14-$D14<0,0,ABS($C14-$D14))) -> 0.121 | G14: =F14/$D$3 -> 0.35798817 | H14: =F$9*$B14 -> 1.7289926 | I14: =G14+H14 -> 2.0869808 | J14: =IF(E14-I14>0,0,ABS(E14-I14)) -> 0
A15: April | B15: =I45/$D$3 -> 0.47056564 | C15: =5.64/12 -> 0.47 | D15: 0.015 | E15: 161.71892 | F15: =$F$7*(IF($C15-$D15<0,0,ABS($C15-$D15))) -> 0.2002 | G15: =F15/$D$3 -> 0.59230769 | H15: =F$9*$B15 -> 9.0772112 | I15: =G15+H15 -> 9.6695189 | J15: =IF(E15-I15>0,0,ABS(E15-I15)) -> 0
A16: May | B16: =J45/$D$3 -> 0.82012869 | C16: =6.5/12 -> 0.54166667 | D16: 0.0125 | E16: 198.54535 | F16: =$F$7*(IF($C16-$D16<0,0,ABS($C16-$D16))) -> 0.23283333 | G16: =F16/$D$3 -> 0.68885602 | H16: =F$9*$B16 -> 15.820282 | I16: =G16+H16 -> 16.509138 | J16: =IF(E16-I16>0,0,ABS(E16-I16)) -> 0
A17: June | B17: =K45/$D$3 -> 0.93216812 | C17: =7.76/12 -> 0.64666667 | D17: 0.20666667 | E17: 166.85346 | F17: =$F$7*(IF($C17-$D17<0,0,ABS($C17-$D17))) -> 0.1936 | G17: =F17/$D$3 -> 0.57278107 | H17: =F$9*$B17 -> 17.981523 | I17: =G17+H17 -> 18.554304 | J17: =IF(E17-I17>0,0,ABS(E17-I17)) -> 0
A18: July | B18: =L45/$D$3 -> 0.90527866 | C18: =5.95/12 -> 0.49583333 | D18: 0.24416667 | E18: 166.37346 | F18: =$F$7*(IF($C18-$D18<0,0,ABS($C18-$D18))) -> 0.11073333 | G18: =F18/$D$3 -> 0.32761341 | H18: =F$9*$B18 -> 17.462825 | I18: =G18+H18 -> 17.790439 | J18: =IF(E18-I18>0,0,ABS(E18-I18)) -> 0
A19: August | B19: =M45/$D$3 -> 0.82236947 | C19: =4.94/12 -> 0.41166667 | D19: 0.22916667 | E19: 146.37612 | F19: =$F$7*(IF($C19-$D19<0,0,ABS($C19-$D19))) -> 0.0803 | G19: =F19/$D$3 -> 0.23757396 | H19: =F$9*$B19 -> 15.863507 | I19: =G19+H19 -> 16.101081 | J19: =IF(E19-I19>0,0,ABS(E19-I19)) -> 0
A20: September | B20: =N45/$D$3 -> 0.78203528 | C20: =4.38/12 -> 0.365 | D20: 0.036666667 | E20: 147.76852 | F20: =$F$7*(IF($C20-$D20<0,0,ABS($C20-$D20))) -> 0.14446667 | G20: =F20/$D$3 -> 0.42741617 | H20: =F$9*$B20 -> 15.08546 | I20: =G20+H20 -> 15.512877 | J20: =IF(E20-I20>0,0,ABS(E20-I20)) -> 0
A21: October | B21: =O45/$D$3 -> 0.4974551 | C21: =3.68/12 -> 0.30666667 | D21: 0.034166667 | E21: 143.20653 | F21: =$F$7*(IF($C21-$D21<0,0,ABS($C21-$D21))) -> 0.1199 | G21: =F21/$D$3 -> 0.35473373 | H21: =F$9*$B21 -> 9.595909 | I21: =G21+H21 -> 9.9506427 | J21: =IF(E21-I21>0,0,ABS(E21-I21)) -> 0
A22: November | B22: =P45/$D$3 -> 0.064982874 | C22: =1.92/12 -> 0.16 | D22: 0.044166667 | E22: 114.22804 | F22: =$F$7*(IF($C22-$D22<0,0,ABS($C22-$D22))) -> 0.050966667 | G22: =F22/$D$3 -> 0.15078895 | H22: =F$9*$B22 -> 1.2535196 | I22: =G22+H22 -> 1.4043086 | J22: =IF(E22-I22>0,0,ABS(E22-I22)) -> 0
A23: December | B23: =Q45/$D$3 -> 0 | C23: =1.56/12 -> 0.13 | D23: 0.0025 | E23: 1.7652883 | F23: =$F$7*(IF($C23-$D23<0,0,ABS($C23-$D23))) -> 0.0561 | G23: =F23/$D$3 -> 0.16597633 | H23: =F$9*$B23 -> 0 | I23: =G23+H23 -> 0.16597633 | J23: 0
A24: TOTALS | B24: =SUM(B12:B23) -> 5.3846154 | C24: =SUM(C12:C23) -> 4.1908333 | D24: =SUM(D12:D23) -> 1.2458333 | E24: =SUM(E12:E23) -> 1324.3148 | F24: =SUM(F12:F23) -> 1.3134 | G24: =SUM(G12:G23) -> 3.8857988 | H24: =SUM(H12:H23) -> 103.86923 | I24: =SUM(I12:I23) -> 107.75503 | J24: =SUM(J12:J23) -> 0
A25: Daily diversion records were used to assess whether a shortage condition truly existed in months for which only partial daily data were available, e.g. spring and fall at data logger startup/shutdown. | T25: Estimated from partial data.
A26: Consumptive Use | F26: Metered | L26: Non-Metered | S26: Total
C27: CIR full season (ft) | D27: CIR Jul-Nov (ft) | F27: Acres Subject to Shortage | G27: CU Demand/Full Supply | H27: Diversion Required for CU * | I27: Diversion Shortage to CU * | J27: Fractional Shortage to Diversion Required | K27: Shortage to CU | M27: Acres Subject to Shortage | N27: CU Demand/Full Supply | O27: Shortage to CU | P27: Acres NOT Subject to Shortage** | Q27: CU Demand/Full Supply | S27: Total Acres | T27: Total CU Demand/Full Supply | U27: Total Shortage to CU Demand | V27: Tota Crop & Pond CU | W27: Incidental Losses | X27: Total Irrigated CU
A28: Full Season | C28: =B24*D3 -> 1.82 | F28: =($F9+$L9+$R9+$X9+$AD9+$AJ9)-F29 -> 19.29 | G28: =F28*$C28 -> 35.1078 | H28: =H24+N24+T24+Z24+AF24+AL24 -> 103.86923 | K28: =G28*J31 -> 0 | M28: 29.35 | N28: =M28*$C28 -> 53.417 | O28: =J31*N28 -> 0 | P28: 31.76 | Q28: =P28*$C28 -> 57.8032 | S28: =F28+M28+P28 -> 80.4 | T28: =G28+N28+Q28 -> 146.328 | U28: =O28+K28 -> 0 | V28: =T28-U28 -> 146.328
A29: Pre-Plant | M29: 0 | P29: 0
A30: Reservoir | F30: =F7+L7+R7+X7+AD7+AJ7 -> 0.44 | G30: =F30*($C24-$D24) -> 1.2958 | H30: =G24+M24+S24+Y24+AE24+AK24 -> 3.8857988 | K30: =G30*J31 -> 0 | M30: 2.42 | N30: =M30*($C24-$D24) -> 7.1269 | O30: =J31*N30 -> 0 | P30: 1.28 | Q30: =P30*($C24-$D24) -> 3.7696 | S30: =F30+M30+P30 -> 4.14 | T30: =G30+N30+Q30 -> 12.1923 | U30: =O30+K30 -> 0 | V30: =T30-U30 -> 12.1923
A31: Total | F31: =SUM(F28:F30) -> 19.73 | G31: =SUM(G28:G30) -> 36.4036 | H31: =SUM(H28:H30) -> 107.75503 | I31: =J24+AB24 -> 0 | J31: =I31/H31 -> 0 | K31: =J31*G31 -> 0 | M31: =SUM(M28:M30) -> 31.77 | N31: =SUM(N28:N30) -> 60.5439 | O31: =SUM(O28:O30) -> 0 | P31: =SUM(P28:P30) -> 33.04 | Q31: =SUM(Q28:Q30) -> 61.5728 | S31: =SUM(S28:S30) -> 84.54 | T31: =SUM(T28:T30) -> 158.5203 | U31: =SUM(U28:U30) -> 0 | V31: =SUM(V28:V30) -> 158.5203 | W31: =(V31-Q31)*0.1+(Q31*0.02) -> 10.926206 | X31: =W31+V31 -> 169.44651
A33: * Shortage based on measured surface water diversions; no groundwater supplement
A34: **Groundwater supplied
A35: MONTHLY CIR COMPUTED USING THE SCS MODIFIED BLANEY-CRIDDLE METHOD
F36: Jan | G36: Feb | H36: Mar | I36: Apr | J36: May | K36: Jun | L36: Jul | M36: Aug | N36: Sep | O36: Oct | P36: Nov | Q36: Dec | R36: Total
A38: Weighted CIR - in | F38: 0 | G38: 0 | H38: 0.4 | I38: 2.1 | J38: 3.66 | K38: 4.16 | L38: 4.04 | M38: 3.67 | N38: 3.49 | O38: 2.22 | P38: 0.29 | Q38: 0 | R38: =SUM(F38:Q38) -> 24.03
A39: Ratio to Annual Total | F39: =F38/$R38 -> 0 | G39: =G38/$R38 -> 0 | H39: =H38/$R38 -> 0.016645859 | I39: =I38/$R38 -> 0.087390762 | J39: =J38/$R38 -> 0.15230961 | K39: =K38/$R38 -> 0.17311694 | L39: =L38/$R38 -> 0.16812318 | M39: =M38/$R38 -> 0.15272576 | ... Q39: =Q38/$R38 -> 0 | R39: =SUM(F39:Q39) -> 1
A41: ORIGINAL BLANEY-CRIDDLE ANNUAL WCIR | F41: 21.84 | G41: inches DISTRIBUTED USING MODIFIED BLANEY-CRIDDLE MONTHLY DISTRIBUTION RATIOS
F42: Jan | G42: Feb | H42: Mar | I42: Apr | J42: May | K42: Jun | L42: Jul | M42: Aug | N42: Sep | O42: Oct | P42: Nov | Q42: Dec | R42: Total
A44: CIR (in) | F44: =F39*$F41 -> 0 | G44: =G39*$F41 -> 0 | H44: =H39*$F41 -> 0.36354557 | I44: =I39*$F41 -> 1.9086142 | J44: =J39*$F41 -> 3.3264419 | K44: =K39*$F41 -> 3.7808739 | L44: =L39*$F41 -> 3.6718102 | M44: =M39*$F41 -> 3.3355306 | ... Q44: =Q39*$F41 -> 0 | R44: =SUM(F44:Q44) -> 21.84
A45: CIR (ft) | F45: =F44/12 -> 0 | G45: =G44/12 -> 0 | H45: =H44/12 -> 0.030295464 | I45: =I44/12 -> 0.15905119 | J45: =J44/12 -> 0.2772035 | K45: =K44/12 -> 0.31507283 | L45: =L44/12 -> 0.30598419 | M45: =M44/12 -> 0.27796088 | ... Q45: =Q44/12 -> 0 | R45: =SUM(F45:Q45) -> 1.82

Sheet cliffgila
A1: CLIFF - GILA | B1: Crop acres diversion required for CU = crop acres * CIR / e; Reservoir acres diversion required for CU = reservoir acres * ( (monthly pan evap * 0.8) - precip) / e
A3: "e" = efficiency diversion to consumptive use = | D3: 0.41 | E3: Farm efficiency (55%)a multiplied by canal efficiency (75%)b = 41%
A4: a Gila River Hydrographic Survey Report Volume 5; b 1970 Arizona v. California Report backup computations
A5: Metered Diversions -- Crop Acres and Reservoir Acres
E6: Gila Farms Ditch | K6: Fort West/Maldonado Ditch | Q6: Upper Gila Ditch
F7: 0.11 | G7: reservoir acres | L7: 1.53 | M7: reservoir acres | R7: 1.92 | S7: reservoir acres | W7: 8
F8: 0 | G8: pre-plant acres | L8: 0 | M8: pre-plant acres | R8: 0 | S8: pre-plant acres | W8: 8 Acres E.T. Brown Fish Ponds (GSF-51)
F9: 415.33 | G9: crop acres | L9: 532.22 | M9: crop acres | R9: 637.89 | S9: crop acres
F10: =SUM(F7:F9) -> 415.44 | G10: total acres | L10: =SUM(L7:L9) -> 533.75 | M10: total acres | R10: =SUM(R7:R9) -> 639.81 | S10: total acres
A11: MONTH | B11: CIR (ft)/e | C11: Average Area Monthly Pan *(0.8) Evaporation (ft) | D11: Precipitation (ft) | E11: Diverted | F11: Reservoir Evap. minus Precip. (ac-ft) | G11: Reservoir Acres Diversion required for CU | H11: Crop Acres Diversion required for CU | I11: Total Diversion required for CU | J11: Total Short to Required Diversion | K11: Diverted | L11: Reservoir Evap. minus Precip. (ac-ft) | M11: Reservoir Acres Diversion required for CU | N11: Crop Acres Diversion required for CU | O11: Total Diversion required for CU | P11: Total Short to Required Diversion | Q11: Diverted | R11: Reservoir Evap. minus Precip. (ac-ft) | S11: Reservoir Acres Diversion required for CU | T11: Crop Acres Diversion required for CU | U11: Total Diversion required for CU | V11: Total Short to Required Diversion | W11: Fish Pond Reservoir Evap (ac-ft) included in Cliff-Gila M&I CU; GSF-51 diversion included in Cliff-Gila M&I Diversion
A12: January | B12: =F46/$D$3 -> 0 | C12: =2.21/12 -> 0.18416667 | D12: 0.155 | E12: 0 | F12: =$F$7*(IF($C12-$D12<0,0,ABS($C12-$D12))) -> 0.0032083333 | G12: =F12/$D$3 -> 0.0078252033 | H12: =F$9*$B12 -> 0 | I12: =G12+H12 -> 0.0078252033 | J12: 0 | K12: 0 | L12: =$L$7*(IF($C12-$D12<0,0,ABS($C12-$D12))) -> 0.044625 | M12: =L12/$D$3 -> 0.10884146 | N12: =L$9*$B12 -> 0 | O12: =M12+N12 -> 0.10884146 | P12: 0 | Q12: 0 | R12: =R$7*(IF($C12-$D12<0,0,ABS($C12-$D12))) -> 0.056 | S12: =R12/$D$3 -> 0.13658537 | T12: =R$9*$B12 -> 0 | U12: =S12+T12 -> 0.13658537 | V12: 0 | W12: =W$7*(IF($C12-$D12<0,0,ABS($C12-$D12))) -> 0.23333333
A13: February | B13: =G46/$D$3 -> 0 | C13: =2.92/12 -> 0.24333333 | D13: 0.18416667 | E13: 0 | F13: =$F$7*(IF($C13-$D13<0,0,ABS($C13-$D13))) -> 0.0065083333 | G13: =F13/$D$3 -> 0.015873984 | H13: =F$9*$B13 -> 0 | I13: =G13+H13 -> 0.015873984 | J13: 0 | K13: 0 | L13: =$L$7*(IF($C13-$D13<0,0,ABS($C13-$D13))) -> 0.090525 | M13: =L13/$D$3 -> 0.22079268 | N13: =L$9*$B13 -> 0 | O13: =M13+N13 -> 0.22079268 | P13: 0 | Q13: 0 | R13: =R$7*(IF($C13-$D13<0,0,ABS($C13-$D13))) -> 0.1136 | S13: =R13/$D$3 -> 0.27707317 | T13: =R$9*$B13 -> 0 | U13: =S13+T13 -> 0.27707317 | V13: 0 | W13: =W$7*(IF($C13-$D13<0,0,ABS($C13-$D13))) -> 0.47333333
A14: March | B14: =H46/$D$3 -> 0.11033261 | C14: =6.12/12 -> 0.51 | D14: 0.12666667 | E14: 781.28883 | F14: =$F$7*(IF($C14-$D14<0,0,ABS($C14-$D14))) -> 0.042166667 | G14: =F14/$D$3 -> 0.10284553 | H14: =F$9*$B14 -> 45.824442 | I14: =G14+H14 -> 45.927288 | J14: =IF(E14-I14>0,0,ABS(E14-I14)) -> 0 | K14: 819.26237 | L14: =$L$7*(IF($C14-$D14<0,0,ABS($C14-$D14))) -> 0.5865 | M14: =L14/$D$3 -> 1.4304878 | N14: =L$9*$B14 -> 58.721221 | O14: =M14+N14 -> 60.151709 | P14: =IF(K14-O14>0,0,ABS(K14-O14)) -> 0 | Q14: 1831.7345 | R14: =R$7*(IF($C14-$D14<0,0,ABS($C14-$D14))) -> 0.736 | S14: =R14/$D$3 -> 1.795122 | T14: =R$9*$B14 -> 70.380067 | U14: =S14+T14 -> 72.175189 | V14: =IF(Q14-U14>0,0,ABS(Q14-U14)) -> 0 | W14: =W$7*(IF($C14-$D14<0,0,ABS($C14-$D14))) -> 3.0666667
A15: April | B15: =I46/$D$3 -> 0.48161059 | C15: =7.97/12 -> 0.66416667 | D15: 0.011666667 | E15: 745.98307 | F15: =$F$7*(IF($C15-$D15<0,0,ABS($C15-$D15))) -> 0.071775 | G15: =F15/$D$3 -> 0.17506098 | H15: =F$9*$B15 -> 200.02733 | I15: =G15+H15 -> 200.20239 | J15: =IF(E15-I15>0,0,ABS(E15-I15)) -> 0 | K15: 1066.4523 | L15: =$L$7*(IF($C15-$D15<0,0,ABS($C15-$D15))) -> 0.998325 | M15: =L15/$D$3 -> 2.434939 | N15: =L$9*$B15 -> 256.32279 | O15: =M15+N15 -> 258.75773 | P15: =IF(K15-O15>0,0,ABS(K15-O15)) -> 0 | Q15: 1518.1876 | R15: =R$7*(IF($C15-$D15<0,0,ABS($C15-$D15))) -> 1.2528 | S15: =R15/$D$3 -> 3.0556098 | T15: =R$9*$B15 -> 307.21458 | U15: =S15+T15 -> 310.27019 | V15: =IF(Q15-U15>0,0,ABS(Q15-U15)) -> 0 | W15: =W$7*(IF($C15-$D15<0,0,ABS($C15-$D15))) -> 5.22
A16: May | B16: =J46/$D$3 -> 0.81961366 | C16: =9.18/12 -> 0.765 | D16: 0 | E16: 922.31355 | F16: =$F$7*(IF($C16-$D16<0,0,ABS($C16-$D16))) -> 0.08415 | G16: =F16/$D$3 -> 0.2052439 | H16: =F$9*$B16 -> 340.41014 | I16: =G16+H16 -> 340.61539 | J16: =IF(E16-I16>0,0,ABS(E16-I16)) -> 0 | K16: 1396.9837 | L16: =$L$7*(IF($C16-$D16<0,0,ABS($C16-$D16))) -> 1.17045 | M16: =L16/$D$3 -> 2.8547561 | N16: =L$9*$B16 -> 436.21478 | O16: =M16+N16 -> 439.06954 | P16: =IF(K16-O16>0,0,ABS(K16-O16)) -> 0 | Q16: 1609.8438 | R16: =R$7*(IF($C16-$D16<0,0,ABS($C16-$D16))) -> 1.4688 | S16: =R16/$D$3 -> 3.582439 | T16: =R$9*$B16 -> 522.82336 | U16: =S16+T16 -> 526.4058 | V16: =IF(Q16-U16>0,0,ABS(Q16-U16)) -> 0 | W16: =W$7*(IF($C16-$D16<0,0,ABS($C16-$D16))) -> 6.12
A17: June | B17: =K46/$D$3 -> 1.0735538 | C17: =10.96/12 -> 0.91333333 | D17: 0.073333333 | E17: 696.19797 | F17: =$F$7*(IF($C17-$D17<0,0,ABS($C17-$D17))) -> 0.0924 | G17: =F17/$D$3 -> 0.22536585 | H17: =F$9*$B17 -> 445.8791 | I17: =G17+H17 -> 446.10446 | J17: =IF(E17-I17>0,0,ABS(E17-I17)) -> 0 | K17: 817.57245 | L17: =$L$7*(IF($C17-$D17<0,0,ABS($C17-$D17))) -> 1.2852 | M17: =L17/$D$3 -> 3.1346341 | N17: =L$9*$B17 -> 571.3668 | O17: =M17+N17 -> 574.50143 | P17: =IF(K17-O17>0,0,ABS(K17-O17)) -> 0 | Q17: 1115.3647 | R17: =R$7*(IF($C17-$D17<0,0,ABS($C17-$D17))) -> 1.6128 | S17: =R17/$D$3 -> 3.9336585 | T17: =R$9*$B17 -> 684.80923 | U17: =S17+T17 -> 688.74289 | V17: =IF(Q17-U17>0,0,ABS(Q17-U17)) -> 0 | W17: =W$7*(IF($C17-$D17<0,0,ABS($C17-$D17))) -> 6.72
A18: July | B18: =L46/$D$3 -> 0.81435973 | C18: =8.4/12 -> 0.7 | D18: 0.2875 | E18: 554.77656 | F18: =$F$7*(IF($C18-$D18<0,0,ABS($C18-$D18))) -> 0.045375 | G18: =F18/$D$3 -> 0.11067073 | H18: =F$9*$B18 -> 338.22803 | I18: =G18+H18 -> 338.3387 | J18: =IF(E18-I18>0,0,ABS(E18-I18)) -> 0 | K18: 891.54596 | L18: =$L$7*(IF($C18-$D18<0,0,ABS($C18-$D18))) -> 0.631125 | M18: =L18/$D$3 -> 1.5393293 | N18: =L$9*$B18 -> 433.41853 | O18: =M18+N18 -> 434.95786 | P18: =IF(K18-O18>0,0,ABS(K18-O18)) -> 0 | Q18: 1591.5363 | R18: =R$7*(IF($C18-$D18<0,0,ABS($C18-$D18))) -> 0.792 | S18: =R18/$D$3 -> 1.9317073 | T18: =R$9*$B18 -> 519.47193 | U18: =S18+T18 -> 521.40363 | V18: =IF(Q18-U18>0,0,ABS(Q18-U18)) -> 0 | W18: =W$7*(IF($C18-$D18<0,0,ABS($C18-$D18))) -> 3.3
A19: August | B19: =M46/$D$3 -> 1.007004 | C19: =6.98/12 -> 0.58166667 | D19: 0.10333333 | E19: 483.76833 | F19: =$F$7*(IF($C19-$D19<0,0,ABS($C19-$D19))) -> 0.052616667 | G19: =F19/$D$3 -> 0.12833333 | H19: =F$9*$B19 -> 418.23896 | I19: =G19+H19 -> 418.36729 | J19: =IF(E19-I19>0,0,ABS(E19-I19)) -> 0 | K19: 868.00614 | L19: =$L$7*(IF($C19-$D19<0,0,ABS($C19-$D19))) -> 0.73185 | M19: =L19/$D$3 -> 1.785 | N19: =L$9*$B19 -> 535.94765 | O19: =M19+N19 -> 537.73265 | P19: =IF(K19-O19>0,0,ABS(K19-O19)) -> 0 | Q19: 1608.7132 | R19: =R$7*(IF($C19-$D19<0,0,ABS($C19-$D19))) -> 0.9184 | S19: =R19/$D$3 -> 2.24 | T19: =R$9*$B19 -> 642.35776 | U19: =S19+T19 -> 644.59776 | V19: =IF(Q19-U19>0,0,ABS(Q19-U19)) -> 0 | W19: =W$7*(IF($C19-$D19<0,0,ABS($C19-$D19))) -> 3.8266667
A20: September | B20: =N46/$D$3 -> 0.70227581 | C20: =6.19/12 -> 0.51583333 | D20: 0.049166667 | E20: 413.35515 | F20: =$F$7*(IF($C20-$D20<0,0,ABS($C20-$D20))) -> 0.051333333 | G20: =F20/$D$3 -> 0.12520325 | H20: =F$9*$B20 -> 291.67621 | I20: =G20+H20 -> 291.80141 | J20: =IF(E20-I20>0,0,ABS(E20-I20)) -> 0 | K20: 687.43103 | L20: =$L$7*(IF($C20-$D20<0,0,ABS($C20-$D20))) -> 0.714 | M20: =L20/$D$3 -> 1.7414634 | N20: =L$9*$B20 -> 373.76523 | O20: =M20+N20 -> 375.50669 | P20: =IF(K20-O20>0,0,ABS(K20-O20)) -> 0 | Q20: 1242.4456 | R20: =R$7*(IF($C20-$D20<0,0,ABS($C20-$D20))) -> 0.896 | S20: =R20/$D$3 -> 2.1853659 | T20: =R$9*$B20 -> 447.97472 | U20: =S20+T20 -> 450.16008 | V20: =IF(Q20-U20>0,0,ABS(Q20-U20)) -> 0 | W20: =W$7*(IF($C20-$D20<0,0,ABS($C20-$D20))) -> 3.7333333
A21: October | B21: =O46/$D$3 -> 0.46584879 | C21: =5.2/12 -> 0.43333333 | D21: 0.02 | E21: 388.36343 | F21: =$F$7*(IF($C21-$D21<0,0,ABS($C21-$D21))) -> 0.045466667 | G21: =F21/$D$3 -> 0.11089431 | H21: =F$9*$B21 -> 193.48098 | I21: =G21+H21 -> 193.59187 | J21: =IF(E21-I21>0,0,ABS(E21-I21)) -> 0 | K21: 555.23276 | L21: =$L$7*(IF($C21-$D21<0,0,ABS($C21-$D21))) -> 0.6324 | M21: =L21/$D$3 -> 1.542439 | N21: =L$9*$B21 -> 247.93404 | O21: =M21+N21 -> 249.47648 | P21: =IF(K21-O21>0,0,ABS(K21-O21)) -> 0 | Q21: 1132.1647 | R21: =R$7*(IF($C21-$D21<0,0,ABS($C21-$D21))) -> 0.7936 | S21: =R21/$D$3 -> 1.9356098 | T21: =R$9*$B21 -> 297.16028 | U21: =S21+T21 -> 299.09589 | V21: =IF(Q21-U21>0,0,ABS(Q21-U21)) -> 0 | W21: =W$7*(IF($C21-$D21<0,0,ABS($C21-$D21))) -> 3.3066667
A22: November | B22: =P46/$D$3 -> 0.082311628 | C22: =2.71/12 -> 0.22583333 | D22: 0.026666667 | E22: 596.03274 | F22: =$F$7*(IF($C22-$D22<0,0,ABS($C22-$D22))) -> 0.021908333 | G22: =F22/$D$3 -> 0.053434959 | H22: =F$9*$B22 -> 34.186489 | I22: =G22+H22 -> 34.239924 | J22: =IF(E22-I22>0,0,ABS(E22-I22)) -> 0 | K22: 960.15816 | L22: =$L$7*(IF($C22-$D22<0,0,ABS($C22-$D22))) -> 0.304725 | M22: =L22/$D$3 -> 0.74323171 | N22: =L$9*$B22 -> 43.807895 | O22: =M22+N22 -> 44.551127 | P22: =IF(K22-O22>0,0,ABS(K22-O22)) -> 0 | Q22: 1868.0122 | R22: =R$7*(IF($C22-$D22<0,0,ABS($C22-$D22))) -> 0.3824 | S22: =R22/$D$3 -> 0.93268293 | T22: =R$9*$B22 -> 52.505765 | U22: =S22+T22 -> 53.438448 | V22: =IF(Q22-U22>0,0,ABS(Q22-U22)) -> 0 | W22: =W$7*(IF($C22-$D22<0,0,ABS($C22-$D22))) -> 1.5933333
A23: December | B23: =Q46/$D$3 -> 0 | C23: =2.21/12 -> 0.18416667 | D23: 0 | E23: 0.9123962 | F23: =$F$7*(IF($C23-$D23<0,0,ABS($C23-$D23))) -> 0.020258333 | G23: =F23/$D$3 -> 0.049410569 | H23: =F$9*$B23 -> 0 | I23: =G23+H23 -> 0.049410569 | J23: 0 | K23: 29.355356 | L23: =$L$7*(IF($C23-$D23<0,0,ABS($C23-$D23))) -> 0.281775 | M23: =L23/$D$3 -> 0.6872561 | N23: =L$9*$B23 -> 0 | O23: =M23+N23 -> 0.6872561 | P23: 0 | Q23: 43.219811 | R23: =R$7*(IF($C23-$D23<0,0,ABS($C23-$D23))) -> 0.3536 | S23: =R23/$D$3 -> 0.86243902 | T23: =R$9*$B23 -> 0 | U23: =S23+T23 -> 0.86243902 | V23: 0 | W23: =W$7*(IF($C23-$D23<0,0,ABS($C23-$D23))) -> 1.4733333
A24: TOTALS | B24: =SUM(B12:B23) -> 5.5569106 | C24: =SUM(C12:C23) -> 5.9208333 | D24: =SUM(D12:D23) -> 1.0375 | E24: =SUM(E12:E23) -> 5582.992 | F24: =SUM(F12:F23) -> 0.53716667 | G24: =SUM(G12:G23) -> 1.3101626 | H24: =SUM(H12:H23) -> 2307.9517 | I24: =SUM(I12:I23) -> 2309.2618 | ... W24: =SUM(W12:W23) -> 39.066667
A25: Daily diversion records were used to assess whether a shortage condition truly existed in months for which only partial daily data were available, e.g. spring and fall at data logger startup/shutdown. | T25: Estimated from partial data.
A26: Reservoirs with small amounts of evaporation exceeding precipitation during winter were assumed to have no shortage in those months, despite the lack of diversion data for that period.
A27: Consumptive Use | F27: Metered | L27: Non-Metered | S27: Total
C28: CIR full season (ft) | D28: CIR Jul-Nov (ft) | F28: Acres Subject to Shortage | G28: CU Demand/Full Supply | H28: Diversion Required for CU * | I28: Diversion Shortage to CU * | J28: Fractional Shortage to Diversion Required | K28: Shortage to CU | M28: Acres Subject to Shortage | N28: CU Demand/Full Supply | O28: Shortage to CU | P28: Acres NOT Subject to Shortage** | Q28: CU Demand/Full Supply | S28: Total Acres | T28: Total CU Demand/Full Supply | U28: Total Shortage to CU Demand | V28: Tota Crop & Pond CU | W28: Incidental Losses | X28: Total Irrigated CU
A29: Full Season | C29: =B24*D3 -> 2.2783333 | F29: =($F9+$L9+$R9+$X9+$AD9+$AJ9)-F30 -> 1585.44 | G29: =F29*$C29 -> 3612.1608 | H29: =H24+N24+T24+Z24+AF24+AL24 -> 8810.1483 | K29: =G29*J32 -> 0 | M29: 307.86 | N29: =M29*$C29 -> 701.4077 | O29: =J32*N29 -> 0 | P29: 166.17 | Q29: =P29*$C29 -> 378.59065 | S29: =F29+M29+P29 -> 2059.47 | T29: =G29+N29+Q29 -> 4692.1592 | U29: =O29+K29 -> 0 | V29: =T29-U29 -> 4692.1592
A30: Pre-Plant | M30: 0 | P30: 0
A31: Reservoir | F31: =F7+L7+R7+X7+AD7+AJ7+AP7 -> 3.56 | G31: =F31*($C24-$D24) -> 17.384667 | H31: =G24+M24+S24+W24 -> 81.468293 | K31: =G31*J32 -> 0 | M31: 66.23 | N31: =M31*($C24-$D24) -> 323.42317 | O31: =J32*N31 -> 0 | P31: 1.01 | Q31: =P31*($C24-$D24) -> 4.9321667 | S31: =F31+M31+P31 -> 70.8 | T31: =G31+N31+Q31 -> 345.74 | U31: =O31+K31 -> 0 | V31: =T31-U31 -> 345.74
A32: Total | F32: =SUM(F29:F31) -> 1589 | G32: =SUM(G29:G31) -> 3629.5455 | H32: =SUM(H29:H31) -> 8891.6166 | I32: =J24+P24+V24+AB24+AH24+AN24+AT24 -> 0 | J32: =I32/H32 -> 0 | K32: =J32*G32 -> 0 | M32: =SUM(M29:M31) -> 374.09 | N32: =SUM(N29:N31) -> 1024.8309 | O32: =SUM(O29:O31) -> 0 | P32: =SUM(P29:P31) -> 167.18 | Q32: =SUM(Q29:Q31) -> 383.52282 | S32: =SUM(S29:S31) -> 2130.27 | T32: =SUM(T29:T31) -> 5037.8992 | U32: =SUM(U29:U31) -> 0 | V32: =SUM(V29:V31) -> 5037.8992 | W32: =(V32-Q32)*0.1+(Q32*0.02) -> 473.10809 | X32: =W32+V32 -> 5511.0072
A34: * Shortage based on measured surface water diversions; no groundwater supplement
A35: ** Groundwater supplied
A36: MONTHLY CIR COMPUTED USING THE SCS MODIFIED BLANEY-CRIDDLE METHOD
F37: Jan | G37: Feb | H37: Mar | I37: Apr | J37: May | K37: Jun | L37: Jul | M37: Aug | N37: Sep | O37: Oct | P37: Nov | Q37: Dec | R37: Total
T38: Additional Measured Discharge (AF)
A39: Weighted CIR - in | F39: 0 | G39: 0 | H39: 0.63 | I39: 2.75 | J39: 4.68 | K39: 6.13 | L39: 4.65 | M39: 5.75 | N39: 4.01 | O39: 2.66 | P39: 0.47 | Q39: 0 | R39: =SUM(F39:Q39) -> 31.73 | U39: Groundwater Diversions:
A40: Ratio to Annual Total | F40: =F39/$R39 -> 0 | G40: =G39/$R39 -> 0 | H40: =H39/$R39 -> 0.019855027 | I40: =I39/$R39 -> 0.086668768 | J40: =J39/$R39 -> 0.14749448 | K40: =K39/$R39 -> 0.19319256 | L40: =L39/$R39 -> 0.14654901 | M40: =M39/$R39 -> 0.18121651 | ... Q40: =Q39/$R39 -> 0 | R40: =SUM(F40:Q40) -> 1 | U40: GSF-19: | V40: 89 | W40: Mangas Spgs
U41: GSF-33: | V41: 0
A42: ORIGINAL BLANEY-CRIDDLE ANNUAL WCIR | F42: 27.34 | G42: inches DISTRIBUTED USING MODIFIED BLANEY-CRIDDLE MONTHLY DISTRIBUTION RATIOS | U42: GSF-1146: | V42: 145.76 | W42: Sacaton Cr
F43: Jan | G43: Feb | H43: Mar | I43: Apr | J43: May | K43: Jun | L43: Jul | M43: Aug | N43: Sep | O43: Oct | P43: Nov | Q43: Dec | R43: Total | U43: GSF-58 | V43: 27.7
U44: GSF-71S
A45: CIR (in) | F45: =F40*$F42 -> 0 | G45: =G40*$F42 -> 0 | H45: =H40*$F42 -> 0.54283643 | I45: =I40*$F42 -> 2.3695241 | J45: =J40*$F42 -> 4.0324992 | K45: =K40*$F42 -> 5.2818847 | L45: =L40*$F42 -> 4.0066499 | M45: =M40*$F42 -> 4.9544595 | ... Q45: =Q40*$F42 -> 0 | R45: =SUM(F45:Q45) -> 27.34 | U45: GSF-7 | V45: 0
A46: CIR (ft) | F46: =F45/12 -> 0 | G46: =G45/12 -> 0 | H46: =H45/12 -> 0.045236369 | I46: =I45/12 -> 0.19746034 | J46: =J45/12 -> 0.3360416 | K46: =K45/12 -> 0.44015705 | L46: =L45/12 -> 0.33388749 | M46: =M45/12 -> 0.41287163 | ... Q46: =Q45/12 -> 0 | R46: =SUM(F46:Q46) -> 2.2783333 | U46: GSF-51S | W46: Div/CU in Commercial
T49: Total GW measured: | V49: =SUM(V40:V46) -> 262.46

Sheet redrock
A1: REDROCK | B1: Crop acres diversion required for CU = crop acres * CIR / e; Reservoir acres diversion required for CU = reservoir acres * ( (monthly pan evap * 0.8) - precip) / e
A3: "e" = efficiency diversion to consumptive use = | D3: 0.441 | E3: Farm efficiency (58.8%)a multiplied by canal efficiency (75%)b = 44.1%
A4: a Gila River Hydrographic Survey Report Volume 5; b 1970 Arizona v. California Report backup computations
A5: Metered Diversions -- Crop Acres and Reservoir Acres
E6: Grandpa Harper - Wright Chavez Smith Ditch
F7: 0 | G7: reservoir acres
F8: 0 | G8: pre-plant acres
F9: 96.31 | G9: crop acres
F10: =SUM(F7:F9) -> 96.31 | G10: total acres
A11: MONTH | B11: CIR (ft)/e | C11: Average Area Monthly Pan *(0.8) Evaporation (ft) | D11: Precipitation (ft) | E11: Diverted | F11: Reservoir Evap. minus Precip. (ac-ft) | G11: Reservoir Acres Diversion required for CU | H11: Crop Acres Diversion required for CU | I11: Total Diversion required for CU | J11: Total Short to Required Diversion
A12: January | B12: =F45/$D$3 -> 0 | C12: =2.21/12 -> 0.18416667 | D12: 0.14916667 | E12: 0 | F12: =$F$7*(IF($C12-$D12<0,0,ABS($C12-$D12))) -> 0 | G12: =F12/$D$3 -> 0 | H12: =F$9*$B12 -> 0 | I12: =G12+H12 -> 0 | J12: 0
A13: February | B13: =G45/$D$3 -> 0.0017179486 | C13: =2.92/12 -> 0.24333333 | D13: 0.135 | E13: 0 | F13: =$F$7*(IF($C13-$D13<0,0,ABS($C13-$D13))) -> 0 | G13: =F13/$D$3 -> 0 | H13: =F$9*$B13 -> 0.16545563 | I13: =G13+H13 -> 0.16545563 | J13: 0
A14: March | B14: =H45/$D$3 -> 0.24223075 | C14: =6.12/12 -> 0.51 | D14: 0.054166667 | E14: 1.0909085 | F14: =$F$7*(IF($C14-$D14<0,0,ABS($C14-$D14))) -> 0 | G14: =F14/$D$3 -> 0 | H14: =F$9*$B14 -> 23.329243 | I14: =G14+H14 -> 23.329243 | J14: =IF(E14-I14>0,0,ABS(E14-I14)) -> 22.238335
A15: April | B15: =I45/$D$3 -> 0.51538457 | C15: =7.97/12 -> 0.66416667 | D15: 0.0125 | E15: 218.89575 | F15: =$F$7*(IF($C15-$D15<0,0,ABS($C15-$D15))) -> 0 | G15: =F15/$D$3 -> 0 | H15: =F$9*$B15 -> 49.636688 | I15: =G15+H15 -> 49.636688 | J15: =IF(E15-I15>0,0,ABS(E15-I15)) -> 0
A16: May | B16: =J45/$D$3 -> 0.84694864 | C16: =9.18/12 -> 0.765 | D16: 0 | E16: 97.297137 | F16: =$F$7*(IF($C16-$D16<0,0,ABS($C16-$D16))) -> 0 | G16: =F16/$D$3 -> 0 | H16: =F$9*$B16 -> 81.569624 | I16: =G16+H16 -> 81.569624 | J16: =IF(E16-I16>0,0,ABS(E16-I16)) -> 0
A17: June | B17: =K45/$D$3 -> 1.1819486 | C17: =10.96/12 -> 0.91333333 | D17: 0.045 | E17: 202.90501 | F17: =$F$7*(IF($C17-$D17<0,0,ABS($C17-$D17))) -> 0 | G17: =F17/$D$3 -> 0 | H17: =F$9*$B17 -> 113.83347 | I17: =G17+H17 -> 113.83347 | J17: =IF(E17-I17>0,0,ABS(E17-I17)) -> 0
A18: July | B18: =L45/$D$3 -> 1.0943332 | C18: =8.4/12 -> 0.7 | D18: 0.16 | E18: 20.600319 | F18: =$F$7*(IF($C18-$D18<0,0,ABS($C18-$D18))) -> 0 | G18: =F18/$D$3 -> 0 | H18: =F$9*$B18 -> 105.39523 | I18: =G18+H18 -> 105.39523 | J18: =IF(E18-I18>0,0,ABS(E18-I18)) -> 84.794915
A19: August | B19: =M45/$D$3 -> 1.0651281 | C19: =6.98/12 -> 0.58166667 | D19: 0.105 | E19: 209.52782 | F19: =$F$7*(IF($C19-$D19<0,0,ABS($C19-$D19))) -> 0 | G19: =F19/$D$3 -> 0 | H19: =F$9*$B19 -> 102.58249 | I19: =G19+H19 -> 102.58249 | J19: =IF(E19-I19>0,0,ABS(E19-I19)) -> 0
A20: September | B20: =N45/$D$3 -> 0.81946147 | C20: =6.19/12 -> 0.51583333 | D20: 0.024166667 | E20: 2.5943788 | F20: =$F$7*(IF($C20-$D20<0,0,ABS($C20-$D20))) -> 0 | G20: =F20/$D$3 -> 0 | H20: =F$9*$B20 -> 78.922334 | I20: =G20+H20 -> 78.922334 | J20: =IF(E20-I20>0,0,ABS(E20-I20)) -> 76.327955
A21: October | B21: =O45/$D$3 -> 0.55146149 | C21: =5.2/12 -> 0.43333333 | D21: 0.0025 | E21: 5.7793357 | F21: =$F$7*(IF($C21-$D21<0,0,ABS($C21-$D21))) -> 0 | G21: =F21/$D$3 -> 0 | H21: =F$9*$B21 -> 53.111256 | I21: =G21+H21 -> 53.111256 | J21: =IF(E21-I21>0,0,ABS(E21-I21)) -> 47.33192
A22: November | B22: =P45/$D$3 -> 0.16148717 | C22: =2.71/12 -> 0.22583333 | D22: 0.026666667 | E22: 0 | F22: =$F$7*(IF($C22-$D22<0,0,ABS($C22-$D22))) -> 0 | G22: =F22/$D$3 -> 0 | H22: =F$9*$B22 -> 15.552829 | I22: =G22+H22 -> 15.552829 | J22: =IF(E22-I22>0,0,ABS(E22-I22)) -> 15.552829
A23: December | B23: =Q45/$D$3 -> 0.099641017 | C23: =2.21/12 -> 0.18416667 | D23: 0 | E23: 0 | F23: =$F$7*(IF($C23-$D23<0,0,ABS($C23-$D23))) -> 0 | G23: =F23/$D$3 -> 0 | H23: =F$9*$B23 -> 9.5964263 | I23: =G23+H23 -> 9.5964263 | J23: 0
A24: TOTALS | B24: =SUM(B12:B23) -> 6.579743 | C24: =SUM(C12:C23) -> 5.9208333 | D24: =SUM(D12:D23) -> 0.71416667 | E24: =SUM(E12:E23) -> 758.69066 | F24: =SUM(F12:F23) -> 0 | G24: =SUM(G12:G23) -> 0 | H24: =SUM(H12:H23) -> 633.69505 | I24: =SUM(I12:I23) -> 633.69505 | J24: =SUM(J12:J23) -> 246.24595
A25: Daily diversion records were used to assess whether a shortage condition truly existed in months for which only partial daily data were available, e.g. spring and fall at data logger startup/shutdown. | T25: Estimated from partial data.
A26: Consumptive Use | F26: Metered | L26: Non-Metered | Q26: Metered-full CIR | T26: Metered - CRP **** | V26: Total
C27: CIR full season (ft) | D27: CIR Jul-Nov (ft) | F27: Acres Subject to Shortage | G27: CU Demand/Full Supply | H27: Diversion Required for CU * | I27: Diversion Shortage to CU * | J27: Fractional Shortage to Diversion Required | K27: Shortage to CU | L27: Acres Subject to Shortage | M27: CU Demand/Full Supply | N27: Shortage to CU | O27: Acres NOT Subject to Shortage** | P27: CU Demand/Full Supply | Q27: Acres NOT Subject to Shortage*** | R27: CU Demand/Full Supply | S27: CRP/natural grassland Acres | T27: Metered Diversion | U27: CU Demand | V27: Total Acres | W27: Total CU Demand/Full Supply | X27: Total Shortage to CU Demand | Y27: Tota Crop & Pond CU | Z27: Incidental Losses | AA27: Total Irrigated CU
A28: Full Season | C28: =B24*D3 -> 2.9016667 | F28: =($F9+$L9+$R9+$Y9+$AE9+$AK9)-F29 -> 96.31 | G28: =F28*$C28 -> 279.45952 | H28: =H24+N24+U24+AA24+AG24+AM24 -> 633.69505 | K28: =G28*J31 -> 108.59447 | L28: 19.55 | M28: =L28*$C28 -> 56.727583 | N28: =J31*M28 -> 22.043628 | O28: 0.34 | P28: =O28*$C28 -> 0.98656667 | Q28: 0 | R28: =Q28*$C28 -> 0 | S28: 0 | T28: 0 | U28: =T28 -> 0 | V28: =F28+L28+O28+Q28+S28 -> 116.2 | W28: =G28+M28+P28+R28+U28 -> 337.17367 | X28: =N28+K28 -> 130.63809 | Y28: =W28-X28 -> 206.53557
A29: Pre-Plant | L29: 0 | O29: 0 | Q29: 0
A30: Reservoir | F30: =F7+L7+R7+Y7+AE7+AK7 -> 0 | G30: =F30*($C24-$D24) -> 0 | H30: =G24+M24+S24+Z24+AF24+AL24 -> 0 | K30: =G30*J31 -> 0 | L30: 0 | M30: =L30*($C24-$D24) -> 0 | N30: =J31*M30 -> 0 | O30: 0 | P30: =O30*($C24-$D24) -> 0 | Q30: 0 | R30: =Q30*($C24-$D24) -> 0 | S30: =Q6+X6+AD6+AJ6+AP6+AV6 -> 0 | T30: =R23+Y23+AE23+AK23+AQ23+AW23 -> 0 | V30: =F30+L30+Q30 -> 0 | W30: =G30+M30+R30 -> 0 | X30: =N30+K30 -> 0 | Y30: =W30-X30 -> 0
A31: Total | F31: =SUM(F28:F30) -> 96.31 | G31: =SUM(G28:G30) -> 279.45952 | H31: =SUM(H28:H30) -> 633.69505 | I31: =J24+AC24 -> 246.24595 | J31: =I31/H31 -> 0.38858747 | K31: =J31*G31 -> 108.59447 | L31: =SUM(L28:L30) -> 19.55 | M31: =SUM(M28:M30) -> 56.727583 | N31: =SUM(N28:N30) -> 22.043628 | O31: =SUM(O28:O30) -> 0.34 | P31: =SUM(P28:P30) -> 0.98656667 | Q31: =SUM(Q28:Q30) -> 0 | R31: =SUM(R28:R30) -> 0 | S31: =SUM(S28:S30) -> 0 | ... Y31: =SUM(Y28:Y30) -> 206.53557 | Z31: =(Y31-R31-U31)*0.1+((P31+R31)*0.02) -> 20.673289 | AA31: =Z31+Y31 -> 227.20886
A33: * Shortage based on measured surface water diversions; no groundwater supplement | L33: **** Acreage & associated diversion from GSF-2443 and GSF-46 suggest conservation watering only. This acreage is assumed to be CRP or like condition and groundwater-supplied metered diversion equals total depletion.
A34: ** Groundwater-supplied not metered; full supply assumed | H34: *** Groundwater supplied
A35: MONTHLY CIR COMPUTED USING THE SCS MODIFIED BLANEY-CRIDDLE METHOD
F36: Jan | G36: Feb | H36: Mar | I36: Apr | J36: May | K36: Jun | L36: Jul | M36: Aug | N36: Sep | O36: Oct | P36: Nov | Q36: Dec | R36: Total | U36: Additional Measured Discharge (AF)
U37: Groundwater Diversions:
A38: Weighted CIR - in | F38: 0 | G38: 0.01 | H38: 1.41 | I38: 3 | J38: 4.93 | K38: 6.88 | L38: 6.37 | M38: 6.2 | N38: 4.77 | O38: 3.21 | P38: 0.94 | Q38: 0.58 | R38: =SUM(F38:Q38) -> 38.3 | U38: GSF-20: | W38: 2.27
A39: Ratio to Annual Total | F39: =F38/$R38 -> 0 | G39: =G38/$R38 -> 0.00026109661 | H39: =H38/$R38 -> 0.036814621 | I39: =I38/$R38 -> 0.078328982 | J39: =J38/$R38 -> 0.12872063 | K39: =K38/$R38 -> 0.17963446 | L39: =L38/$R38 -> 0.16631854 | M39: =M38/$R38 -> 0.1618799 | ... Q39: =Q38/$R38 -> 0.015143603 | R39: =SUM(F39:Q39) -> 1 | U39: GSF-46: | W39: 0
U40: GSF-2443: | W40: 0
A41: ORIGINAL BLANEY-CRIDDLE ANNUAL WCIR | F41: 34.82 | G41: inches DISTRIBUTED USING MODIFIED BLANEY-CRIDDLE MONTHLY DISTRIBUTION RATIOS | U41: GSF-10: | W41: 0
F42: Jan | G42: Feb | H42: Mar | I42: Apr | J42: May | K42: Jun | L42: Jul | M42: Aug | N42: Sep | O42: Oct | P42: Nov | Q42: Dec | R42: Total | U42: Total GW measured: | W42: =SUM(W38:W41) -> 2.27
A44: CIR (in) | F44: =F39*$F41 -> 0 | G44: =G39*$F41 -> 0.0090913838 | H44: =H39*$F41 -> 1.2818851 | I44: =I39*$F41 -> 2.7274151 | J44: =J39*$F41 -> 4.4820522 | K44: =K39*$F41 -> 6.2548721 | L44: =L39*$F41 -> 5.7912115 | M44: =M39*$F41 -> 5.636658 | ... Q44: =Q39*$F41 -> 0.52730026 | R44: =SUM(F44:Q44) -> 34.82
A45: CIR (ft) | F45: =F44/12 -> 0 | G45: =G44/12 -> 0.00075761532 | H45: =H44/12 -> 0.10682376 | I45: =I44/12 -> 0.2272846 | J45: =J44/12 -> 0.37350435 | K45: =K44/12 -> 0.52123934 | L45: =L44/12 -> 0.48260096 | M45: =M44/12 -> 0.4697215 | ... Q45: =Q44/12 -> 0.043941688 | R45: =SUM(F45:Q45) -> 2.9016667

Sheet virden
A1: VIRDEN VALLEY | B1: Crop acres diversion required for CU = crop acres * CIR / e; Reservoir acres diversion required for CU = reservoir acres * ( (monthly pan evap * 0.8) - precip) / e
A3: "e" = efficiency diversion to consumptive use = | D3: 0.55 | E3: Farm efficiency 55%; Water Use by Categories in New Mexico Counties and River Basins, and Irrigated Acreage in 1995, Brian Wilson
A4: Metered Diversions -- Crop Acres and Reservoir Acres
F6: 0 | G6: reservoir acres
F7: 0 | G7: pre-plant acres
F8: 0 | G8: crop acres
F9: =SUM(F6:F8) -> 0 | G9: total acres
A10: MONTH | B10: CIR (ft)/e | C10: Average Area Monthly Pan *(0.8) Evaporation (ft) | D10: Precipitation (ft) | E10: Diverted | F10: Reservoir Evap. minus Precip. (ac-ft) | G10: Reservoir Acres Diversion required for CU | H10: Crop Acres Diversion required for CU | I10: Total Diversion required for CU | J10: Total Short to CU
A11: January | B11: =F45/$D$3 -> 0 | C11: =2.21/12 -> 0.18416667 | D11: 0.11666667 | F11: =$F$6*(IF($C11-$D11<0,0,ABS($C11-$D11))) -> 0 | G11: =F11/$D$3 -> 0 | H11: =F$8*$B11 -> 0 | I11: =G11+H11 -> 0 | J11: =IF(E11-I11>0,0,ABS(E11-I11)) -> 0
A12: February | B12: =G45/$D$3 -> 0.0040512796 | C12: =2.92/12 -> 0.24333333 | D12: 0.14 | F12: =$F$6*(IF($C12-$D12<0,0,ABS($C12-$D12))) -> 0 | G12: =F12/$D$3 -> 0 | H12: =F$8*$B12 -> 0 | I12: =G12+H12 -> 0 | J12: =IF(E12-I12>0,0,ABS(E12-I12)) -> 0
A13: March | B13: =H45/$D$3 -> 0.12018796 | C13: =6.12/12 -> 0.51 | D13: 0.06 | E13: 0 | F13: =$F$6*(IF($C13-$D13<0,0,ABS($C13-$D13))) -> 0 | G13: =F13/$D$3 -> 0 | H13: =F$8*$B13 -> 0 | I13: =G13+H13 -> 0 | J13: =IF(E13-I13>0,0,ABS(E13-I13)) -> 0
A14: April | B14: =I45/$D$3 -> 0.29709384 | C14: =7.97/12 -> 0.66416667 | D14: 0.016666667 | E14: 0 | F14: =$F$6*(IF($C14-$D14<0,0,ABS($C14-$D14))) -> 0 | G14: =F14/$D$3 -> 0 | H14: =F$8*$B14 -> 0 | I14: =G14+H14 -> 0 | J14: =IF(E14-I14>0,0,ABS(E14-I14)) -> 0
A15: May | B15: =J45/$D$3 -> 0.58068341 | C15: =9.18/12 -> 0.765 | D15: 0 | E15: 0 | F15: =$F$6*(IF($C15-$D15<0,0,ABS($C15-$D15))) -> 0 | G15: =F15/$D$3 -> 0 | H15: =F$8*$B15 -> 0 | I15: =G15+H15 -> 0 | J15: =IF(E15-I15>0,0,ABS(E15-I15)) -> 0
A16: June | B16: =K45/$D$3 -> 0.89263194 | C16: =10.96/12 -> 0.91333333 | D16: 0.04 | E16: 0 | F16: =$F$6*(IF($C16-$D16<0,0,ABS($C16-$D16))) -> 0 | G16: =F16/$D$3 -> 0 | H16: =F$8*$B16 -> 0 | I16: =G16+H16 -> 0 | J16: =IF(E16-I16>0,0,ABS(E16-I16)) -> 0
A17: July | B17: =L45/$D$3 -> 1.0344267 | C17: =8.4/12 -> 0.7 | D17: 0.0875 | E17: 0 | F17: =$F$6*(IF($C17-$D17<0,0,ABS($C17-$D17))) -> 0 | G17: =F17/$D$3 -> 0 | H17: =F$8*$B17 -> 0 | I17: =G17+H17 -> 0 | J17: =IF(E17-I17>0,0,ABS(E17-I17)) -> 0
A18: August | B18: =M45/$D$3 -> 0.96555497 | C18: =6.98/12 -> 0.58166667 | D18: 0.093333333 | E18: 0 | F18: =$F$6*(IF($C18-$D18<0,0,ABS($C18-$D18))) -> 0 | G18: =F18/$D$3 -> 0 | H18: =F$8*$B18 -> 0 | I18: =G18+H18 -> 0 | J18: =IF(E18-I18>0,0,ABS(E18-I18)) -> 0
A19: September | B19: =N45/$D$3 -> 0.69006796 | C19: =6.19/12 -> 0.51583333 | D19: 0.013333333 | E19: 0 | F19: =$F$6*(IF($C19-$D19<0,0,ABS($C19-$D19))) -> 0 | G19: =F19/$D$3 -> 0 | H19: =F$8*$B19 -> 0 | I19: =G19+H19 -> 0 | J19: =IF(E19-I19>0,0,ABS(E19-I19)) -> 0
A20: October | B20: =O45/$D$3 -> 0.41323052 | C20: =5.2/12 -> 0.43333333 | D20: 0.00083333333 | E20: 0 | F20: =$F$6*(IF($C20-$D20<0,0,ABS($C20-$D20))) -> 0 | G20: =F20/$D$3 -> 0 | H20: =F$8*$B20 -> 0 | I20: =G20+H20 -> 0 | J20: =IF(E20-I20>0,0,ABS(E20-I20)) -> 0
A21: November | B21: =P45/$D$3 -> 0.089128151 | C21: =2.71/12 -> 0.22583333 | D21: 0.018333333 | E21: 0 | F21: =$F$6*(IF($C21-$D21<0,0,ABS($C21-$D21))) -> 0 | G21: =F21/$D$3 -> 0 | H21: =F$8*$B21 -> 0 | I21: =G21+H21 -> 0 | J21: =IF(E21-I21>0,0,ABS(E21-I21)) -> 0
A22: December | B22: =Q45/$D$3 -> 0.055367488 | C22: =2.21/12 -> 0.18416667 | D22: 0 | F22: =$F$6*(IF($C22-$D22<0,0,ABS($C22-$D22))) -> 0 | G22: =F22/$D$3 -> 0 | H22: =F$8*$B22 -> 0 | I22: =G22+H22 -> 0 | J22: =IF(E22-I22>0,0,ABS(E22-I22)) -> 0
A23: TOTALS | B23: =SUM(B11:B22) -> 5.1424242 | C23: =SUM(C11:C22) -> 5.9208333 | D23: =SUM(D11:D22) -> 0.58666667 | E23: =SUM(E11:E22) -> 0 | F23: =SUM(F11:F22) -> 0 | G23: =SUM(G11:G22) -> 0 | H23: =SUM(H11:H22) -> 0 | I23: =SUM(I11:I22) -> 0 | J23: =SUM(J11:J22) -> 0
A26: Consumptive Use | F26: Metered | L26: Non-Metered | S26: Total
C27: CIR full season (ft) | D27: CIR Jul-Nov (ft) | F27: Acres Subject to Shortage | G27: CU Demand/Full Supply | H27: Diversion Required for CU * | I27: Diversion Shortage to CU * | J27: Fractional Shortage to Diversion Required | K27: Shortage to CU | M27: Acres Subject to Shortage | N27: CU Demand/Full Supply | O27: Shortage to CU | P27: Acres NOT Subject to Shortage** | Q27: CU Demand/Full Supply | S27: Total Acres | T27: Total CU Demand/Full Supply | U27: Total Shortage to CU Demand | V27: Tota Crop & Pond CU | W27: Incidental Losses | X27: Total Irrigated CU
A28: Full Season | C28: =B23*D3 -> 2.8283333 | F28: =($F8+$L8+$R8+$X8+$AD8+$AJ8)-F29 -> 0 | G28: =F28*$C28 -> 0 | H28: =H23+N23+T23+Z23+AF23+AL23 -> 0 | K28: =G28*J31 -> 0 | M28: 35.54 | N28: =M28*$C28 -> 100.51897 | O28: =J31*N28 -> 0 | P28: 24.16 | Q28: =P28*$C28 -> 68.332533 | S28: =F28+M28+P28 -> 59.7 | T28: =G28+N28+Q28 -> 168.8515 | U28: =O28+K28 -> 0 | V28: =T28-U28 -> 168.8515
A29: Pre-Plant | M29: 0 | P29: 0
A30: Reservoir | F30: =F6+L6+R6+X6+AD6+AJ6 -> 0 | G30: =F30*($C23-$D23) -> 0 | H30: =G23+M23+S23+Y23+AE23+AK23 -> 0 | K30: =G30*J31 -> 0 | M30: 0 | N30: =M30*($C23-$D23) -> 0 | O30: =J31*N30 -> 0 | P30: 0 | Q30: =P30*($C23-$D23) -> 0 | S30: =F30+M30+P30 -> 0 | T30: =G30+N30+Q30 -> 0 | U30: =O30+K30 -> 0 | V30: =T30-U30 -> 0
A31: Total | F31: =SUM(F28:F30) -> 0 | G31: =SUM(G28:G30) -> 0 | H31: =SUM(H28:H30) -> 0 | I31: =J23+AB23 -> 0 | K31: =J31*G31 -> 0 | M31: =SUM(M28:M30) -> 35.54 | N31: =SUM(N28:N30) -> 100.51897 | O31: =SUM(O28:O30) -> 0 | P31: =SUM(P28:P30) -> 24.16 | Q31: =SUM(Q28:Q30) -> 68.332533 | S31: =SUM(S28:S30) -> 59.7 | T31: =SUM(T28:T30) -> 168.8515 | U31: =SUM(U28:U30) -> 0 | V31: =SUM(V28:V30) -> 168.8515 | W31: =(V31-Q31)*0.1+(Q31*0.02) -> 11.418547 | X31: =W31+V31 -> 180.27005
A33: * Shortage based on measured surface water diversions; no groundwater supplement
A34: ** Groundwater supplied
A35: MONTHLY CIR COMPUTED USING THE SCS MODIFIED BLANEY-CRIDDLE METHOD
F36: Jan | G36: Feb | H36: Mar | I36: Apr | J36: May | K36: Jun | L36: Jul | M36: Aug | N36: Sep | O36: Oct | P36: Nov | Q36: Dec | R36: Total | T36: Measured Discharge (AF)
T37: Groundwater Diversions:
A38: Weighted CIR - in | F38: 0 | G38: 0.03 | H38: 0.89 | I38: 2.2 | J38: 4.3 | K38: 6.61 | L38: 7.66 | M38: 7.15 | N38: 5.11 | O38: 3.06 | P38: 0.66 | Q38: 0.41 | R38: =SUM(F38:Q38) -> 38.08 | T38: VV-4,4-S | V38: 1.31
A39: Ratio to Annual Total | F39: =F38/$R38 -> 0 | G39: =G38/$R38 -> 0.00078781513 | H39: =H38/$R38 -> 0.023371849 | I39: =I38/$R38 -> 0.057773109 | J39: =J38/$R38 -> 0.11292017 | K39: =K38/$R38 -> 0.17358193 | L39: =L38/$R38 -> 0.20115546 | M39: =M38/$R38 -> 0.18776261 | ... Q39: =Q38/$R38 -> 0.010766807 | R39: =SUM(F39:Q39) -> 1 | T39: VV-13-S | V39: 0
T40: VV-24-POD3 | V40: 0
A41: ORIGINAL BLANEY-CRIDDLE ANNUAL WCIR | F41: 33.94 | G41: inches DISTRIBUTED USING MODIFIED BLANEY-CRIDDLE MONTHLY DISTRIBUTION RATIOS
F42: Jan | G42: Feb | H42: Mar | I42: Apr | J42: May | K42: Jun | L42: Jul | M42: Aug | N42: Sep | O42: Oct | P42: Nov | Q42: Dec | R42: Total | T42: Total GW measured: | V42: =SUM(V38:V41) -> 1.31
A44: CIR (in) | F44: =F39*$F41 -> 0 | G44: =G39*$F41 -> 0.026738445 | H44: =H39*$F41 -> 0.79324055 | I44: =I39*$F41 -> 1.9608193 | J44: =J39*$F41 -> 3.8325105 | K44: =K39*$F41 -> 5.8913708 | L44: =L39*$F41 -> 6.8272164 | M44: =M39*$F41 -> 6.3726628 | ... Q44: =Q39*$F41 -> 0.36542542 | R44: =SUM(F44:Q44) -> 33.94
A45: CIR (ft) | F45: =F44/12 -> 0 | G45: =G44/12 -> 0.0022282038 | H45: =H44/12 -> 0.066103379 | I45: =I44/12 -> 0.16340161 | J45: =J44/12 -> 0.31937588 | K45: =K44/12 -> 0.49094757 | L45: =L44/12 -> 0.5689347 | M45: =M44/12 -> 0.53105523 | ... Q45: =Q44/12 -> 0.030452118 | R45: =SUM(F45:Q45) -> 2.8283333

Sheet sansimon
A1: SAN SIMON | B1: Crop acres diversion required for CU = crop acres * CIR / e; Reservoir acres diversion required for CU = reservoir acres * ( (monthly pan evap * 0.8) - precip) / e
A3: "e" = efficiency diversion to consumptive use = | D3: 0.55 | E3: Farm efficiency 55%; Water Use by Categories in New Mexico Counties and River Basins, and Irrigated Acreage in 1995, Brian Wilson
A4: Metered Diversions -- Crop Acres and Reservoir Acres
F6: 0 | G6: reservoir acres
F7: 0 | G7: pre-plant acres
F8: 0 | G8: crop acres
F9: =SUM(F6:F8) -> 0 | G9: total acres
A10: MONTH | B10: CIR (ft)/e | C10: Average Area Monthly Pan *(0.8) Evaporation (ft) | D10: Precipitation (ft) | E10: Diverted | F10: Reservoir Evap. minus Precip. (ac-ft) | G10: Reservoir Acres Diversion required for CU | H10: Crop Acres Diversion required for CU | I10: Total Diversion required for CU | J10: Total Short to CU
A11: January | B11: =F45/$D$3 -> 0.0039881942 | C11: =2.48/12 -> 0.20666667 | D11: 0.1025 | F11: =$F$6*(IF($C11-$D11<0,0,ABS($C11-$D11))) -> 0 | G11: =F11/$D$3 -> 0 | H11: =F$8*$B11 -> 0 | I11: =G11+H11 -> 0 | J11: =IF(E11-I11>0,0,ABS(E11-I11)) -> 0
A12: February | B12: =G45/$D$3 -> 0.037223146 | C12: =3.28/12 -> 0.27333333 | D12: 0.11166667 | F12: =$F$6*(IF($C12-$D12<0,0,ABS($C12-$D12))) -> 0 | G12: =F12/$D$3 -> 0 | H12: =F$8*$B12 -> 0 | I12: =G12+H12 -> 0 | J12: =IF(E12-I12>0,0,ABS(E12-I12)) -> 0
A13: March | B13: =H45/$D$3 -> 0.18877452 | C13: =6.88/12 -> 0.57333333 | D13: 0.0725 | E13: 0 | F13: =$F$6*(IF($C13-$D13<0,0,ABS($C13-$D13))) -> 0 | G13: =F13/$D$3 -> 0 | H13: =F$8*$B13 -> 0 | I13: =G13+H13 -> 0 | J13: =IF(E13-I13>0,0,ABS(E13-I13)) -> 0
A14: April | B14: =I45/$D$3 -> 0.42008979 | C14: =8.96/12 -> 0.74666667 | D14: 0.018333333 | E14: 0 | F14: =$F$6*(IF($C14-$D14<0,0,ABS($C14-$D14))) -> 0 | G14: =F14/$D$3 -> 0 | H14: =F$8*$B14 -> 0 | I14: =G14+H14 -> 0 | J14: =IF(E14-I14>0,0,ABS(E14-I14)) -> 0
A15: May | B15: =J45/$D$3 -> 0.70325157 | C15: =10.32/12 -> 0.86 | D15: 0 | E15: 0 | F15: =$F$6*(IF($C15-$D15<0,0,ABS($C15-$D15))) -> 0 | G15: =F15/$D$3 -> 0 | H15: =F$8*$B15 -> 0 | I15: =G15+H15 -> 0 | J15: =IF(E15-I15>0,0,ABS(E15-I15)) -> 0
A16: June | B16: =K45/$D$3 -> 0.99438975 | C16: =12.32/12 -> 1.0266667 | D16: 0.064166667 | E16: 0 | F16: =$F$6*(IF($C16-$D16<0,0,ABS($C16-$D16))) -> 0 | G16: =F16/$D$3 -> 0 | H16: =F$8*$B16 -> 0 | I16: =G16+H16 -> 0 | J16: =IF(E16-I16>0,0,ABS(E16-I16)) -> 0
A17: July | B17: =L45/$D$3 -> 1.0249659 | C17: =9.44/12 -> 0.78666667 | D17: 0.093333333 | E17: 0 | F17: =$F$6*(IF($C17-$D17<0,0,ABS($C17-$D17))) -> 0 | G17: =F17/$D$3 -> 0 | H17: =F$8*$B17 -> 0 | I17: =G17+H17 -> 0 | J17: =IF(E17-I17>0,0,ABS(E17-I17)) -> 0
A18: August | B18: =M45/$D$3 -> 0.91595526 | C18: =7.84/12 -> 0.65333333 | D18: 0.1025 | E18: 0 | F18: =$F$6*(IF($C18-$D18<0,0,ABS($C18-$D18))) -> 0 | G18: =F18/$D$3 -> 0 | H18: =F$8*$B18 -> 0 | I18: =G18+H18 -> 0 | J18: =IF(E18-I18>0,0,ABS(E18-I18)) -> 0
A19: September | B19: =N45/$D$3 -> 0.67932241 | C19: =6.96/12 -> 0.58 | D19: 0.0175 | E19: 0 | F19: =$F$6*(IF($C19-$D19<0,0,ABS($C19-$D19))) -> 0 | G19: =F19/$D$3 -> 0 | H19: =F$8*$B19 -> 0 | I19: =G19+H19 -> 0 | J19: =IF(E19-I19>0,0,ABS(E19-I19)) -> 0
A20: October | B20: =O45/$D$3 -> 0.47326571 | C20: =5.84/12 -> 0.48666667 | D20: 0 | E20: 0 | F20: =$F$6*(IF($C20-$D20<0,0,ABS($C20-$D20))) -> 0 | G20: =F20/$D$3 -> 0 | H20: =F$8*$B20 -> 0 | I20: =G20+H20 -> 0 | J20: =IF(E20-I20>0,0,ABS(E20-I20)) -> 0
A21: November | B21: =P45/$D$3 -> 0.1342692 | C21: =3.04/12 -> 0.25333333 | D21: 0.0275 | E21: 0 | F21: =$F$6*(IF($C21-$D21<0,0,ABS($C21-$D21))) -> 0 | G21: =F21/$D$3 -> 0 | H21: =F$8*$B21 -> 0 | I21: =G21+H21 -> 0 | J21: =IF(E21-I21>0,0,ABS(E21-I21)) -> 0
A22: December | B22: =Q45/$D$3 -> 0.09571666 | C22: =2.48/12 -> 0.20666667 | D22: 0 | F22: =$F$6*(IF($C22-$D22<0,0,ABS($C22-$D22))) -> 0 | G22: =F22/$D$3 -> 0 | H22: =F$8*$B22 -> 0 | I22: =G22+H22 -> 0 | J22: =IF(E22-I22>0,0,ABS(E22-I22)) -> 0
A23: TOTALS | B23: =SUM(B11:B22) -> 5.6712121 | C23: =SUM(C11:C22) -> 6.6533333 | D23: =SUM(D11:D22) -> 0.61 | E23: =SUM(E11:E22) -> 0 | F23: =SUM(F11:F22) -> 0 | G23: =SUM(G11:G22) -> 0 | H23: =SUM(H11:H22) -> 0 | I23: =SUM(I11:I22) -> 0 | J23: =SUM(J11:J22) -> 0
A26: Consumptive Use | F26: Metered - CRP * | L26: Metered- Full CIR ** | S26: Total
C27: CIR full season (ft) | D27: CIR Jul-Nov (ft) | F27: CRP/natural grassland Acres | G27: Metered Diversion | I27: CU Demand | L27: Acres Subject to Shortage | M27: CU Demand/Full Supply | N27: Shortage to CU | O27: Acres NOT Subject to Shortage | P27: CU Demand/Full Supply | S27: Total Acres | T27: Total CU Demand/Full Supply | U27: Total Shortage to CU Demand | V27: Tota Crop & Pond CU | X27: Total Irrigated CU
A28: Full Season | C28: =B23*D3 -> 3.1191667 | F28: 0 | G28: 0 | I28: =G28-H28 -> 0 | L28: 128.59 | M28: =L28*$C28 -> 401.09364 | N28: =J31*M28 -> 0 | O28: 625.57 | P28: =V56-P30 -> 530.58353 | S28: =F28+L28+O28 -> 754.16 | T28: =I28+M28+P28 -> 931.67718 | V28: =T28-U28 -> 931.67718
A29: Pre-Plant | L29: 0 | O29: 0
A30: Reservoir | F30: =F6+L6+R6+X6+AD6+AJ6 -> 0 | G30: =G23+M23+S23+Y23+AE23+AK23 -> 0 | L30: 0 | M30: =L30*($C23-$D23) -> 0 | N30: =J31*M30 -> 0 | O30: 0.38 | P30: =O30*($C23-$D23) -> 2.2964667 | S30: =F30+L30+O30 -> 0.38 | T30: =G30+M30+P30 -> 2.2964667 | V30: =T30-U30 -> 2.2964667
A31: Total | F31: =SUM(F28:F30) -> 0 | G31: =SUM(G28:G30) -> 0 | I31: =SUM(I28:I30) -> 0 | L31: =SUM(L28:L30) -> 128.59 | M31: =SUM(M28:M30) -> 401.09364 | N31: =SUM(N28:N30) -> 0 | O31: =SUM(O28:O30) -> 625.95 | P31: =SUM(P28:P30) -> 532.88 | S31: =SUM(S28:S30) -> 754.54 | T31: =SUM(T28:T30) -> 933.97364 | V31: =SUM(V28:V30) -> 933.97364 | X31: =W31+V31 -> 933.97364
A33: * In some years, some well records indicate a minimal amount of irrigation of the associated acreage. This acreage is assumed to be CRP or like condition and groundwater-supplied metered diversion equals total depletion.
A34: ** Groundwater-supplied metered diversion equals total depletion.
A35: MONTHLY CIR COMPUTED USING THE SCS MODIFIED BLANEY-CRIDDLE METHOD
F36: Jan | G36: Feb | H36: Mar | I36: Apr | J36: May | K36: Jun | L36: Jul | M36: Aug | N36: Sep | O36: Oct | P36: Nov | Q36: Dec | R36: Total | T36: Measured Diversions
T37: SS-2 | V37: 16.64
A38: Weighted CIR - in | F38: 0.03 | G38: 0.28 | H38: 1.42 | I38: 3.16 | J38: 5.29 | K38: 7.48 | L38: 7.71 | M38: 6.89 | N38: 5.11 | O38: 3.56 | P38: 1.01 | Q38: 0.72 | R38: =SUM(F38:Q38) -> 42.66 | T38: SS-4 | V38: 0
A39: Ratio to Annual Total | F39: =F38/$R38 -> 0.00070323488 | G39: =G38/$R38 -> 0.0065635256 | H39: =H38/$R38 -> 0.033286451 | I39: =I38/$R38 -> 0.074074074 | J39: =J38/$R38 -> 0.12400375 | K39: =K38/$R38 -> 0.1753399 | L39: =L38/$R38 -> 0.18073136 | M39: =M38/$R38 -> 0.16150961 | ... Q39: =Q38/$R38 -> 0.016877637 | R39: =SUM(F39:Q39) -> 1 | T39: SS-4 | V39: 166.69
T40: SS-6 | V40: 133.8
A41: ORIGINAL BLANEY-CRIDDLE ANNUAL WCIR | F41: 37.43 | G41: inches DISTRIBUTED USING MODIFIED BLANEY-CRIDDLE MONTHLY DISTRIBUTION RATIOS | T41: SS-7 | V41: 3.52
F42: Jan | G42: Feb | H42: Mar | I42: Apr | J42: May | K42: Jun | L42: Jul | M42: Aug | N42: Sep | O42: Oct | P42: Nov | Q42: Dec | R42: Total | T42: SS-25 | V42: 212.23
A44: CIR (in) | F44: =F39*$F41 -> 0.026322082 | G44: =G39*$F41 -> 0.24567276 | H44: =H39*$F41 -> 1.2459119 | I44: =I39*$F41 -> 2.7725926 | J44: =J39*$F41 -> 4.6414604 | K44: =K39*$F41 -> 6.5629723 | L44: =L39*$F41 -> 6.764775 | M44: =M39*$F41 -> 6.0453047 | ... Q44: =Q39*$F41 -> 0.63172996 | R44: =SUM(F44:Q44) -> 37.43
A45: CIR (ft) | F45: =F44/12 -> 0.0021935068 | G45: =G44/12 -> 0.02047273 | H45: =H44/12 -> 0.10382599 | I45: =I44/12 -> 0.23104938 | J45: =J44/12 -> 0.38678837 | K45: =K44/12 -> 0.54691436 | L45: =L44/12 -> 0.56373125 | M45: =M44/12 -> 0.50377539 | ... Q45: =Q44/12 -> 0.052644163 | R45: =SUM(F45:Q45) -> 3.1191667
T56: Total GW measured: | V56: =SUM(V37:V55) -> 532.88

Sheet Tables1,2,3,4
A1: Table I. Acreage Survey 2025
A2: Area | B2: Decreed Acreage Arizona v. California | C2: Acres Irrigated
A3: SAN FRANCISCO RIVER
A4: Luna | B4: 225 | C4: =luna!S32 -> 207.81
A5: Apache-Aragon | B5: 316 | C5: =apachearagon!S31 -> 162.07
A6: Reserve | B6: 725 | C6: =reserve!S32 -> 350.24
A7: Glenwood | B7: 1003 | C7: =glenwood!S32 -> 731.35
A8: TOTAL | B8: =SUM(B4:B7) -> 2269 | C8: =SUM(C4:C7) -> 1451.47
A10: GILA RIVER exclusive
A11: of Virden Valley
A12: Upper Gila | B12: 287 | C12: =uppergila!S31 -> 84.54
A13: Cliff-Gila | B13: 5314 | C13: =cliffgila!S32 -> 2130.27
A14: Redrock | B14: 1456 | C14: =redrock!V31 -> 116.2
A15: TOTAL | B15: =SUM(B12:B14) -> 7057 | C15: =SUM(C12:C14) -> 2331.01
A17: GILA RIVER
A18: Virden Valley | B18: 381 | C18: =virden!S31 -> 59.7
A20: SAN SIMON
A21: San Simon | B21: 2900 | C21: =sansimon!S31 -> 754.54
A25: Table II. Annual Consumptive Use 2025 (Units: Acre-Feet)
B26: AGRICULTURE
A27: Area | B27: Irrigation | C27: Stock Tank Evaporation | D27: Stock | E27: Municipal, Industrial & Domestic | F27: Irrigated Land Acres | G27: Crop Use Full Supply | H27: Shortage to Full Supply | I27: Incidental Use | J27: Lake Surface Evaporation | K27: Annual Use | L27: Decreed Use | M27: Note hidden columns F,G,H,I
A28: SAN FRANCISCO RIVER
A29: Luna | B29: =G29-H29+I29 -> 267.64865 | F29: =luna!S32 -> 207.81 | G29: =luna!T32 -> 322.34223 | H29: =luna!U32 -> 76.388383 | I29: =luna!W32 -> 21.694804
A30: Apache-Aragon | B30: =G30-H30+I30 -> 22.874741 | F30: =apachearagon!S31 -> 162.07 | G30: =apachearagon!T31 -> 253.71973 | H30: =apachearagon!U31 -> 231.29351 | I30: =apachearagon!W31 -> 0.44852433
A31: Reserve | B31: =G31-H31+I31 -> 277.86028 | F31: =reserve!S32 -> 350.24 | G31: =reserve!T32 -> 598.53273 | H31: =reserve!U32 -> 342.29065 | I31: =reserve!W32 -> 21.618197
A32: Glenwood | B32: =G32-H32+I32 -> 1332.8619 | F32: =glenwood!S32 -> 731.35 | G32: =glenwood!T32 -> 1683.3427 | H32: =glenwood!U32 -> 458.69336 | I32: =glenwood!W32 -> 108.21258
A33: TOTAL | B33: =G33-H33+I33 -> 1901.2456 | C33: ='stock-dom-com-ind-evap'!H120+'stock-dom-com-ind-evap'!H124 -> 423.4366 | D33: ='stock-dom-com-ind-evap'!E52 -> 153.9528 | E33: ='stock-dom-com-ind-evap'!D61 -> 65.3 | F33: =SUM(F29:F32) -> 1451.47 | G33: =SUM(G29:G32) -> 2857.9374 | H33: =SUM(H29:H32) -> 1108.6659 | I33: =SUM(I29:I32) -> 151.9741 | J33: 0 | K33: =B33+C33+D33+E33+J33 -> 2543.935 | L33: 4112
A35: GILA RIVER exclusive
A36: of Virden Valley
A37: Upper Gila | B37: =G37-H37+I37 -> 169.44651 | F37: =uppergila!S31 -> 84.54 | G37: =uppergila!T31 -> 158.5203 | H37: =uppergila!U31 -> 0 | I37: =uppergila!W31 -> 10.926206
A38: Cliff-Gila | B38: =G38-H38+I38 -> 5511.0072 | F38: =cliffgila!S32 -> 2130.27 | G38: =cliffgila!T32 -> 5037.8992 | H38: =cliffgila!U32 -> 0 | I38: =cliffgila!W32 -> 473.10809
A39: Redrock | B39: =G39-H39+I39 -> 227.20886 | F39: =redrock!V31 -> 116.2 | G39: =redrock!W31 -> 337.17367 | H39: =redrock!X31 -> 130.63809 | I39: =redrock!Z31 -> 20.673289
A40: TOTAL1 | B40: =G40-H40+I40 -> 5907.6626 | C40: ='stock-dom-com-ind-evap'!H139 -> 1153.8516 | D40: ='stock-dom-com-ind-evap'!E28 -> 157.45482 | E40: ='stock-dom-com-ind-evap'!D66 -> 6449.2867 | F40: =SUM(F37:F39) -> 2331.01 | G40: =SUM(G37:G39) -> 5533.5931 | H40: =SUM(H37:H39) -> 130.63809 | I40: =SUM(I37:I39) -> 504.70758 | J40: ='stock-dom-com-ind-evap'!F91 -> 561.92479 | K40: =B40+C40+D40+E40+J40 -> 14230.181 | L40: 15895
A42: GILA RIVER
A43: Virden Valley | B43: =G43-H43+I43 -> 180.27005 | C43: ='stock-dom-com-ind-evap'!H143 -> 29.924675 | D43: ='stock-dom-com-ind-evap'!E34 -> 14.759016 | E43: ='stock-dom-com-ind-evap'!D70 -> 9.25 | F43: =virden!S31 -> 59.7 | G43: =virden!T31 -> 168.8515 | H43: =virden!U31 -> 0 | I43: =virden!W31 -> 11.418547 | J43: 0 | K43: =B43+C43+D43+E43+J43 -> 234.20374 | L43: =838.2+265 -> 1103.2
A45: SAN SIMON
A46: San Simon | B46: =G46-H46+I46 -> 933.97364 | C46: ='stock-dom-com-ind-evap'!H147 -> 128.21536 | D46: ='stock-dom-com-ind-evap'!E39 -> 17.218852 | E46: ='stock-dom-com-ind-evap'!D68 -> 9.27 | F46: =sansimon!S31 -> 754.54 | G46: =sansimon!T31 -> 933.97364 | H46: =sansimon!U31 -> 0 | I46: =sansimon!W31 -> 0 | J46: 0 | K46: =B46+C46+D46+E46+J46 -> 1088.6779 | L46: 8220
A48: 1Includes | B48: =Freeport!B22 -> 5683.01 | C48: af of consumptive industrial use by Freeport-McMoRan and 663.33 af exported to the Mimbres Basin for municipal use by Silver City
A51: Table III. Consumptive Use for the Period of Ten Consecutive Years, 2015-2024 (Units: Acre-Feet)
B53: Stream System
A54: Year | B54: San Francisco River | C54: Gila River - exclusive of Virden Valley | D54: San Simon Creek
A55: 2016 | B55: 2461 | C55: 11286 | D55: 1170
A56: 2017 | B56: 2843 | C56: 11932 | D56: 2179
A57: 2018 | B57: 2309 | C57: 12446 | D57: 2606
A58: 2019 | B58: 2608 | C58: 12716 | D58: 817
A59: 2020 | B59: 3268 | C59: 11032 | D59: 1523
A60: 2021 | B60: 2599 | C60: 10938 | D60: 1196
A61: 2022 | B61: 1877 | C61: 10577 | D61: 807
A62: 2023 | B62: 3060 | C62: 14305 | D62: 1129
A63: 2024 | B63: 2546.3323 | C63: 14233.018 | D63: 1088.6779
A64: 2025 | B64: =+K33 -> 2543.935 | C64: =+K40 -> 14230.181 | D64: =+K46 -> 1088.6779
A66: Total 10 Consecutive Years | B66: =SUM(B55:B64) -> 26115.267 | C66: =SUM(C55:C64) -> 123695.2 | D66: =SUM(D55:D64) -> 13604.356
A67: Max Decreed 10 Consecutive Years | B67: 31870 | C67: 136620 | D67: 72000
A70: Table IV. Diversions 2025 (Units: Acre-Feet)
A72: Area | B72: Diversions
A74: San Francisco | B74: =Diversions!F28 -> 13822.122
A75: Gila - exclusive of Virden Valley | B75: =Diversions!F45 -> 41016.639
A76: Gila - Virden Valley | B76: =Diversions!F52 -> 142.74097
A77: San Simon | B77: =Diversions!F58 -> 3570.4556

Sheet Misc.Tables
A1: Consumptive Irrigation Requirements 2024
A3: Area | B3: CIR (af/acre)
A4: Luna | B4: =luna!C29 -> 1.3891667
A5: Apache-Aragon | B5: =apachearagon!C28 -> 1.5091667
A6: Reserve | B6: =reserve!C29 -> 1.6466667
A7: Glenwood-Mule Creek | B7: =glenwood!C29 -> 2.2508333
A8: Upper Gila | B8: =uppergila!C28 -> 1.82
A9: Cliff-Gila | B9: =cliffgila!C29 -> 2.2783333
A10: Redrock | B10: =redrock!C28 -> 2.9016667
A11: Virden Valley | B11: =virden!C28 -> 2.8283333
A12: San Simon | B12: =sansimon!C28 -> 3.1191667
A14: Estimated Livestock Population 2024
B16: Hildalgo County Total | C16: Virden Valley | D16: San Simon Creek | E16: Grant County Total | F16: Gila River | G16: Catron County Total | H16: San Francisco River
A17: Cattle | B17: ='stock-dom-com-ind-evap'!B6 -> 18300 | C17: =B17*0.06 -> 1098 | D17: =B17*0.07 -> 1281 | E17: ='stock-dom-com-ind-evap'!B5 -> 26500 | F17: =E17*0.53 -> 14045 | G17: ='stock-dom-com-ind-evap'!B4 -> 33500 | H17: =G17*0.41 -> 13735
A18: Sheep | B18: ='stock-dom-com-ind-evap'!C6 -> 0 | C18: =B18*0.06 -> 0 | D18: =B18*0.07 -> 0 | E18: ='stock-dom-com-ind-evap'!C5 -> 100 | F18: =E18*0.53 -> 53 | G18: ='stock-dom-com-ind-evap'!C4 -> 100 | H18: =G18*0.41 -> 41
A23: Estimated Domestic Use Population 2024
A25: Area | B25: Census 2000
A26: San Simon | B26: 235
A27: Virden Valley | B27: 464
A28: Gila River upstream of Virden Valley | B28: 3475
A29: San Francisco | B29: 1649
A31: Stock Tank Evaporative Loss Data 2024
A33: Area | B33: Stock Tank Evaporation Rate (feet) | C33: Average Water Surface Area (acres) | D33: Evaporation Loss Per Tank (acre-feet) | E33: Total No. of Adjudicated Tanks
A34: Outside National Forest
A35: Luna | B35: ='stock-dom-com-ind-evap'!D103 -> 2.7658333 | C35: 0.31 | D35: =C35*B35 -> 0.85740833 | E35: 30
A36: Apache-Aragon | B36: ='stock-dom-com-ind-evap'!D104 -> 3.3133333 | C36: 0.31 | D36: =C36*B36 -> 1.0271333 | E36: 11
A37: Reserve | B37: ='stock-dom-com-ind-evap'!D105 -> 3.5166667 | C37: 0.31 | D37: =C37*B37 -> 1.0901667 | E37: 17
A38: Glenwood | B38: ='stock-dom-com-ind-evap'!D106 -> 4.795 | C38: 0.31 | D38: =C38*B38 -> 1.48645 | E38: 167
A39: Upper Gila | B39: ='stock-dom-com-ind-evap'!D107 -> 2.945 | C39: 0.3 | D39: =C39*B39 -> 0.8835 | E39: 113
A40: Cliff-Gila,Redrock | B40: ='stock-dom-com-ind-evap'!D131 -> 5.045 | C40: 0.3 | D40: =C40*B40 -> 1.5135 | E40: 750
A41: Virden Valley | B41: ='stock-dom-com-ind-evap'!D110 -> 5.3341667 | C41: 0.3 | D41: =C41*B41 -> 1.60025 | E41: 22
A42: San Simon | B42: ='stock-dom-com-ind-evap'!D111 -> 6.0433333 | C42: 0.26 | D42: =C42*B42 -> 1.5712667 | E42: 96
A43: Within National Forest | B43: ='stock-dom-com-ind-evap'!D123 -> 2.945 | C43: 0.1 | D43: =C43*B43 -> 0.2945 | E43: 1076
