Workbook

Sheet GSAR_IA_2025
A1: OBJECTID | B1: Field_ID | C1: Basin | D1: Sub_Basin | E1: Inspector_1 | F1: Inspector_2 | G1: Water_Righted_Acreage | H1: Decree | I1: System | J1: SysCode | K1: Unit | L1: UCode | M1: Ditch | N1: Crop_Code | O1: Crop_Type | P1: Computed_Acreage | Q1: Irr_Code | R1: Irr_Method | S1: Remarks | T1: Season | U1: Mapsheet | V1: Sections | W1: File_nbr | X1: Tws | Y1: Rng | Z1: Sec | AA1: County | AB1: Owner | AC1: Priority | AD1: No_Adjudicated_Water_Right | AE1: Subfile | AF1: Inspection_date | AG1: Shape_Length | AH1: Shape_Area
A2: 1 | B2: GSAR 00001 | C2: GSF | D2: GSAR | E2: MM | G2: 0.21 | H2: Arizona v California | I2: San Francisco River | J2: SF | K2: Apache Creek, Aragon | L2: AA | N2: UN | O2: Unreported | P2: 0.21833546 | R2: <Null> | S2: PART 2 OF 3, permitted Locked gate | U2: 12 | W2: GSF-2922 | X2: T5S | Y2: R17W | Z2: 17 | AA2: CA | AB2: BROWN, BOGGS | AF2: 7/30/2025 | AG2: 177.95316 | AH2: 883.5758
A3: 2 | B3: GSAR 00002 | C3: GSF | D3: GSAR | E3: MM | G3: 0.79 | H3: Arizona v California | I3: San Francisco River | J3: SF | K3: Apache Creek, Aragon | L3: AA | N3: UN | O3: Unreported | P3: 0.79592205 | R3: <Null> | S3: PART 1 OF 3, permitted Locked Gate | U3: 12 | W3: GSF-2922 | X3: T5S | Y3: R17W | Z3: 17 | AA3: CA | AB3: BROWN, BOGGS | AF3: 7/30/2025 | AG3: 381.03452 | AH3: 3220.9952
A4: 3 | B4: GSAR 00003 | C4: GSF | D4: GSAR | E4: MM | G4: 1 | H4: Arizona v California | I4: San Francisco River | J4: SF | K4: Apache Creek, Aragon | L4: AA | N4: UN | O4: Unreported | P4: 0.99127358 | R4: <Null> | S4: PART 3 OF 3, permitted Locked Gate | U4: 12 | W4: GSF-2922 | X4: T5S | Y4: R17W | Z4: 17 | AA4: CA | AB4: BROWN, BOGGS | AF4: 7/30/2025 | AG4: 352.60067 | AH4: 4011.5579
A5: 4 | B5: GSAR 00004 | C5: GSF | D5: GSAR | E5: MM | G5: 0 | H5: Arizona v California | I5: San Francisco River | J5: SF | K5: Apache Creek, Aragon | L5: AA | N5: MON | O5: Misc. Outdoor Nursery Stock | P5: 0.023306898 | Q5: 2 | R5: Sprinkler irrigated | S5: permitted | U5: 2 | X5: T5S | Y5: R17W | Z5: 31 | AA5: CA | AF5: 7/24/2025 | AG5: 60.301845 | AH5: 94.320048
A6: 5 | B6: GSAR 00005 | C6: GSF | D6: GSAR | E6: MM | G6: 0 | H6: Arizona v California | I6: San Francisco River | J6: SF | K6: Apache Creek, Aragon | L6: AA | N6: MON | O6: Misc. Outdoor Nursery Stock | P6: 0.017085041 | Q6: 2 | R6: Sprinkler irrigated | S6: permitted | U6: 2 | X6: T5S | Y6: R17W | Z6: 31 | AA6: CA | AF6: 7/24/2025 | AG6: 54.559829 | AH6: 69.140983
A7: 6 | B7: GSAR 00006 | C7: GSF | D7: GSAR | E7: MM | G7: 0 | H7: Arizona v California | I7: San Francisco River | J7: SF | K7: Apache Creek, Aragon | L7: AA | N7: MON | O7: Misc. Outdoor Nursery Stock | P7: 0.040959164 | Q7: 2 | R7: Sprinkler irrigated | S7: permitted | U7: 2 | X7: T5S | Y7: R17W | Z7: 31 | AA7: CA | AF7: 7/24/2025 | AG7: 51.790404 | AH7: 165.75652
A8: 7 | B8: GSAR 00007 | C8: GSF | D8: GSAR | E8: MM | G8: 0 | H8: Arizona v California | I8: San Francisco River | J8: SF | K8: Apache Creek, Aragon | L8: AA | N8: MON | O8: Misc. Outdoor Nursery Stock | P8: 0.011027034 | Q8: 2 | R8: Sprinkler irrigated | S8: permitted | U8: 2 | X8: T5S | Y8: R17W | Z8: 31 | AA8: CA | AF8: 7/24/2025 | AG8: 33.608519 | AH8: 44.625002
A9: 8 | B9: GSAR 00008 | C9: GSF | D9: GSAR | E9: MM | G9: 0 | H9: Arizona v California | I9: San Francisco River | J9: SF | K9: Apache Creek, Aragon | L9: AA | N9: FA | O9: Fallow, idle or otherwise not irrigated | P9: 0.14447488 | Q9: 4 | R9: Not irrigated | S9: WR MOVED FROM RESERVE TO ARAGON AREA | U9: 3 | X9: T5S | Y9: R17W | Z9: 31 | AA9: CA | AF9: 7/23/2025 | AG9: 109.47847 | AH9: 584.67144
A10: 9 | B10: GSAR 00009 | C10: GSF | D10: GSAR | E10: MM | G10: 0 | H10: Arizona v California | I10: San Francisco River | J10: SF | K10: Apache Creek, Aragon | L10: AA | N10: FA | O10: Fallow, idle or otherwise not irrigated | P10: 0.03373416 | Q10: 4 | R10: Not irrigated | S10: permitted | U10: 3 | X10: T5S | Y10: R17W | Z10: 31 | AA10: CA | AF10: 7/23/2025 | AG10: 47.617706 | AH10: 136.51785
A11: 10 | B11: GSAR 00010 | C11: GSF | D11: GSAR | E11: MM | G11: 0 | H11: Arizona v California | I11: San Francisco River | J11: SF | K11: Apache Creek, Aragon | L11: AA | N11: MON | O11: Misc. Outdoor Nursery Stock | P11: 0.35424386 | Q11: 2 | R11: Sprinkler irrigated | S11: permitted | U11: 1 | X11: T6S | Y11: R18W | Z11: 11 | AA11: CA | AF11: 7/24/2025 | AG11: 269.03804 | AH11: 1433.5798
A12: 11 | B12: GSAR 00011 | C12: GSF | D12: GSAR | E12: MM | G12: 0 | H12: Arizona v California | I12: San Francisco River | J12: SF | K12: Apache Creek, Aragon | L12: AA | N12: FA | O12: Fallow, idle or otherwise not irrigated | P12: 0.23828319 | Q12: 4 | R12: Not irrigated | S12: permitted | U12: 1 | X12: T6S | Y12: R18W | Z12: 11 | AA12: CA | AF12: 7/24/2025 | AG12: 145.32403 | AH12: 964.3017
A13: 12 | B13: GSAR 00012 | C13: GSF | D13: GSAR | E13: MM | G13: 0 | H13: Arizona v California | I13: San Francisco River | J13: SF | K13: Apache Creek, Aragon | L13: AA | N13: OUT | O13: Out Areas | P13: 5.5242751 | R13: <Null> | S13: No Right | U13: 17 | X13: T4S | Y13: R18W | Z13: 25 | AA13: CA | AD13: 7.3 | AE13: 539 | AF13: 7/30/2025 | AG13: 847.83474 | AH13: 22356.037
A14: 13 | B14: GSAR 00013 | C14: GSF | D14: GSAR | E14: MM | G14: 0 | H14: Arizona v California | I14: San Francisco River | J14: SF | K14: Apache Creek, Aragon | L14: AA | N14: OUT | O14: Out Areas | P14: 0.27886332 | R14: <Null> | S14: No Right, Reservoir | U14: 17 | X14: T4S | Y14: R18W | Z14: 25 | AA14: CA | AD14: 0.5 | AE14: 539 | AF14: 7/30/2025 | AG14: 127.95895 | AH14: 1128.5243
A15: 14 | B15: GSAR 00014 | C15: GSF | D15: GSAR | E15: MM | G15: 0.8 | H15: Arizona v California | I15: San Francisco River | J15: SF | K15: Apache Creek, Aragon | L15: AA | N15: FA | O15: Fallow, idle or otherwise not irrigated | P15: 0.58761801 | Q15: 4 | R15: Not irrigated | S15: rights in ponds? | U15: 17 | X15: T4S | Y15: R18W | Z15: 25 | AA15: CA | AC15: 1907 | AE15: 538 | AF15: 7/30/2025 | AG15: 250.19931 | AH15: 2378.0152
A16: 15 | B16: GSAR 00015 | C16: GSF | D16: GSAR | E16: MM | G16: 2.6 | H16: Arizona v California | I16: San Francisco River | J16: SF | K16: Apache Creek, Aragon | L16: AA | O16: Reservoir Retaining water (note volume in remarks) | P16: 2.0488135 | S16: rights in ponds? 85% Full | U16: 17 | AC16: 1907 | AE16: 538 | AF16: 7/30/2025 | AG16: 186.87922 | AH16: 2104.2653
A17: 16 | B17: GSAR 00016 | C17: GSF | D17: GSAR | E17: MM | H17: Arizona v California | I17: San Francisco River | J17: SF | K17: Apache Creek, Aragon | L17: AA | N17: OUT | O17: Out Areas | P17: 3.2222411 | R17: <Null> | S17: No Right | U17: 16 | X17: T4S | Y17: R17W | Z17: 31 | AA17: CA | AD17: 3.0 | AE17: 562 | AF17: 7/30/2025 | AG17: 606.72744 | AH17: 13039.999
A18: 17 | B18: GSAR 00017 | C18: GSF | D18: GSAR | E18: MM | G18: 3 | H18: Arizona v California | I18: San Francisco River | J18: SF | K18: Apache Creek, Aragon | L18: AA | N18: OUT | O18: Out Areas | P18: 3.2136736 | R18: <Null> | S18: No Right (domestic well only) | U18: 16 | X18: T4S | Y18: R17W | Z18: 31 | AA18: CA | AE18: 562 | AF18: 7/30/2025 | AG18: 678.97332 | AH18: 12592.969
A19: 18 | B19: GSAR 00018 | C19: GSF | D19: GSAR | E19: MM | G19: 5.7 | H19: Arizona v California | I19: San Francisco River | J19: SF | K19: Apache Creek, Aragon | L19: AA | N19: FA | O19: Fallow, idle or otherwise not irrigated | P19: 3.1141259 | Q19: 4 | R19: Not irrigated | U19: 15 | W19: GSF-27 | X19: T5S | Y19: R17W | Z19: 6 | AA19: CA | AC19: 1937 | AE19: 524 | AF19: 7/30/2025 | AG19: 507.99637 | AH19: 12602.471
A20: 19 | B20: GSAR 00019 | C20: GSF | D20: GSAR | E20: MM | G20: 3 | H20: Arizona v California | I20: San Francisco River | J20: SF | K20: Apache Creek, Aragon | L20: AA | N20: OUT | O20: Out Areas | P20: 3.1905987 | R20: <Null> | S20: Right move off | U20: 15 | W20: GSF-27 | X20: T5S | Y20: R17W | Z20: 6 | AA20: CA | AC20: 1937 | AE20: 524 | AF20: 7/30/2025 | AG20: 450.8051 | AH20: 12911.946
A21: 20 | B21: GSAR 00026 | C21: GSF | D21: GSAR | E21: MM | G21: 0.5 | H21: Arizona v California | I21: San Francisco River | J21: SF | K21: Apache Creek, Aragon | L21: AA | N21: OUT | O21: Out Areas | P21: 0.48953487 | R21: <Null> | S21: Right move off | U21: 9 | W21: SD-7877-11 | X21: T5S | Y21: R16W | Z21: 8 | AA21: CA | AB21: MATA FAMILY | AC21: 1878 | AE21: 518 | AF21: 7/30/2025 | AG21: 200.05118 | AH21: 1981.0852
A22: 21 | B22: GSAR 00028 | C22: GSF | D22: GSAR | E22: MM | G22: 0.5 | H22: Arizona v California | I22: San Francisco River | J22: SF | K22: Apache Creek, Aragon | L22: AA | N22: PN | O22: Pasture (Native) | P22: 0.51395658 | Q22: 1 | R22: Flood irrigated | U22: 9 | W22: SD-7877-12 | X22: T5S | Y22: R16W | Z22: 8 | AA22: CA | AB22: MATA FAMILY | AC22: 1878 | AE22: 518 | AF22: 7/30/2025 | AG22: 206.91176 | AH22: 2079.9168
A23: 22 | B23: GSAR 00029 | C23: GSF | D23: GSAR | E23: MM | G23: 0.7 | H23: Arizona v California | I23: San Francisco River | J23: SF | K23: Apache Creek, Aragon | L23: AA | N23: FA | O23: Fallow, idle or otherwise not irrigated | P23: 0.71693312 | Q23: 4 | R23: Not irrigated | S23: Dying Orchard | U23: 9 | W23: SD-7877-6 | X23: T5S | Y23: R16W | Z23: 8 | AA23: CA | AE23: 470 | AF23: 7/30/2025 | AG23: 231.78759 | AH23: 2901.337
A24: 23 | B24: GSAR 00030 | C24: GSF | D24: GSAR | E24: MM | G24: 0.4 | H24: Arizona v California | I24: San Francisco River | J24: SF | K24: Apache Creek, Aragon | L24: AA | N24: PN | O24: Pasture (Native) | P24: 0.45289779 | Q24: 1 | R24: Flood irrigated | U24: 9 | W24: SD-7877-6 | X24: T5S | Y24: R16W | Z24: 8 | AA24: CA | AC24: 12/31/1878 | AE24: 470 | AF24: 7/30/2025 | AG24: 204.75902 | AH24: 1832.8197
A25: 24 | B25: GSAR 00031 | C25: GSF | D25: GSAR | E25: MM | G25: 0.7 | H25: Arizona v California | I25: San Francisco River | J25: SF | K25: Apache Creek, Aragon | L25: AA | N25: FA | O25: Fallow, idle or otherwise not irrigated | P25: 0.66300725 | Q25: 4 | R25: Not irrigated | U25: 9 | W25: SD-7877-6 | X25: T5S | Y25: R16W | Z25: 8 | AA25: CA | AC25: 12/31/1878 | AE25: 470 | AF25: 7/30/2025 | AG25: 228.14344 | AH25: 2683.1059
A26: 25 | B26: GSAR 00033 | C26: GSF | D26: GSAR | E26: MM | G26: 1.3 | H26: Arizona v California | I26: San Francisco River | J26: SF | K26: Apache Creek, Aragon | L26: AA | N26: PN | O26: Pasture (Native) | P26: 1.3020783 | Q26: 1 | R26: Flood irrigated | U26: 9 | W26: SD-7877-6 | X26: T5S | Y26: R16W | Z26: 8 | AA26: CA | AC26: 12/31/1878 | AE26: 470 | AF26: 7/30/2025 | AG26: 338.86269 | AH26: 5269.345
A27: 26 | B27: GSAR 00034 | C27: GSF | D27: GSAR | E27: MM | G27: 0.3 | H27: Arizona v California | I27: San Francisco River | J27: SF | K27: Apache Creek, Aragon | L27: AA | N27: PN | O27: Pasture (Native) | P27: 0.31838101 | Q27: 1 | R27: Flood irrigated | U27: 9 | W27: SD-7877-6 | X27: T5S | Y27: R16W | Z27: 8 | AA27: CA | AC27: 12/31/1878 | AE27: 470 | AF27: 7/30/2025 | AG27: 178.23153 | AH27: 1288.4474
A28: 27 | B28: GSAR 00035 | C28: GSF | D28: GSAR | E28: MM | G28: 1.5 | H28: Arizona v California | I28: San Francisco River | J28: SF | K28: Apache Creek, Aragon | L28: AA | N28: PN | O28: Pasture (Native) | P28: 1.5686711 | Q28: 1 | R28: Flood irrigated | U28: 9 | W28: SD-7877-6 | X28: T5S | Y28: R16W | Z28: 8 | AA28: CA | AC28: 12/31/1878 | AE28: 470 | AF28: 7/30/2025 | AG28: 353.18666 | AH28: 6348.212
A29: 28 | B29: GSAR 00036 | C29: GSF | D29: GSAR | E29: MM | G29: 3.2 | H29: Arizona v California | I29: San Francisco River | J29: SF | K29: Apache Creek, Aragon | L29: AA | N29: PN | O29: Pasture (Native) | P29: 3.3557468 | Q29: 1 | R29: Flood irrigated | U29: 9 | W29: SD-7877-6 | X29: T5S | Y29: R16W | Z29: 8 | AA29: CA | AC29: 12/31/1878 | AE29: 470 | AF29: 7/30/2025 | AG29: 469.264 | AH29: 13580.28
A30: 29 | B30: GSAR 00038 | C30: GSF | D30: GSAR | E30: MM | G30: 1.7 | H30: Arizona v California | I30: San Francisco River | J30: SF | K30: Apache Creek, Aragon | L30: AA | N30: PN | O30: Pasture (Native) | P30: 1.8582942 | Q30: 1 | R30: Flood irrigated | U30: 9 | W30: SD-7877-6 | X30: T5S | Y30: R16W | Z30: 8 | AA30: CA | AC30: 12/31/1878 | AE30: 470 | AF30: 7/30/2025 | AG30: 340.50119 | AH30: 7520.2798
A31: 30 | B31: GSAR 00039 | C31: GSF | D31: GSAR | E31: MM | G31: 10.8 | H31: Arizona v California | I31: San Francisco River | J31: SF | K31: Apache Creek, Aragon | L31: AA | N31: PN | O31: Pasture (Native) | P31: 11.432008 | Q31: 1 | R31: Flood irrigated | U31: 9 | W31: SD-7877-3 | X31: T5S | Y31: R16W | Z31: 8 | AA31: CA | AC31: 12/31/1878 | AE31: 464 | AF31: 7/30/2025 | AG31: 954.01221 | AH31: 46263.882
A32: 31 | B32: GSAR 00040 | C32: GSF | D32: GSAR | E32: MM | G32: 0.9 | H32: Arizona v California | I32: San Francisco River | J32: SF | K32: Apache Creek, Aragon | L32: AA | N32: FA | O32: Fallow, idle or otherwise not irrigated | P32: 0.97906798 | Q32: 4 | R32: Not irrigated | U32: 9 | W32: SD-7877-6 | X32: T5S | Y32: R16W | Z32: 8 | AA32: CA | AC32: 12/31/1878 | AE32: 470 | AF32: 7/30/2025 | AG32: 252.19109 | AH32: 3962.1634
A33: 32 | B33: GSAR 00041 | C33: GSF | D33: GSAR | E33: MM | G33: 5.3 | H33: Arizona v California | I33: San Francisco River | J33: SF | K33: Apache Creek, Aragon | L33: AA | N33: PN | O33: Pasture (Native) | P33: 5.6182382 | Q33: 1 | R33: Flood irrigated | U33: 9 | W33: SD-7877-6 | X33: T5S | Y33: R16W | Z33: 8 | AA33: CA | AC33: 12/31/1878 | AE33: 470 | AF33: 7/30/2025 | AG33: 666.83356 | AH33: 22736.294
A34: 33 | B34: GSAR 00042 | C34: GSF | D34: GSAR | E34: MM | G34: 1.9 | H34: Arizona v California | I34: San Francisco River | J34: SF | K34: Apache Creek, Aragon | L34: AA | N34: PN | O34: Pasture (Native) | P34: 1.9187461 | Q34: 1 | R34: Flood irrigated | U34: 9 | W34: SD-7877-6 | X34: T5S | Y34: R16W | Z34: 8 | AA34: CA | AC34: 12/31/1878 | AE34: 470 | AF34: 7/30/2025 | AG34: 504.99093 | AH34: 7764.9209
A35: 34 | B35: GSAR 00043 | C35: GSF | D35: GSAR | E35: MM | G35: 1.1 | H35: Arizona v California | I35: San Francisco River | J35: SF | K35: Apache Creek, Aragon | L35: AA | N35: PN | O35: Pasture (Native) | P35: 1.2275965 | Q35: 1 | R35: Flood irrigated | U35: 9 | W35: SD-7877-6 | X35: T5S | Y35: R16W | Z35: 8 | AA35: CA | AC35: 12/31/1878 | AE35: 470 | AF35: 7/30/2025 | AG35: 345.49092 | AH35: 4967.9267
... A37: 36 | B37: GSAR 00045 | C37: GSF | D37: GSAR | E37: MM | G37: 0.3 | H37: Arizona v California | I37: San Francisco River | J37: SF | K37: Apache Creek, Aragon | L37: AA | N37: <Null> | O37: Orchard (ground cover) | P37: 0.22330378 | Q37: 1 | R37: Flood irrigated | U37: 9 | W37: SD-7877-14 | X37: T5S | Y37: R16W | Z37: 8 | AA37: CA | AC37: 12/31/1878 | AE37: 541 | AF37: 7/30/2025 | AG37: 314.52425 | AH37: 903.68196
A38: 37 | B38: GSAR 00046 | C38: GSF | D38: GSAR | E38: MM | G38: 5 | H38: Arizona v California | I38: San Francisco River | J38: SF | K38: Apache Creek, Aragon | L38: AA | N38: PN | O38: Pasture (Native) | P38: 5.3074515 | Q38: 1 | R38: Flood irrigated | U38: 9 | W38: SD-7877-15 | AC38: 12/31/1878 | AE38: 545 | AF38: 7/30/2025 | AG38: 639.27375 | AH38: 12834.774
A39: 38 | B39: GSAR 00047 | C39: GSF | D39: GSAR | E39: MM | G39: 1 | H39: Arizona v California | I39: San Francisco River | J39: SF | K39: Apache Creek, Aragon | L39: AA | N39: PN | O39: Pasture (Native) | P39: 1.0060538 | Q39: 1 | R39: Flood irrigated | U39: 9 | W39: SD-7877-10 | X39: T5S | Y39: R16W | Z39: 8 | AA39: CA | AC39: 12/31/1878 | AE39: 511 | AF39: 7/30/2025 | AG39: 287.75257 | AH39: 4071.3716
A40: 39 | B40: GSAR 00048 | C40: GSF | D40: GSAR | E40: MM | G40: 1 | H40: Arizona v California | I40: San Francisco River | J40: SF | K40: Apache Creek, Aragon | L40: AA | N40: FA | O40: Fallow, idle or otherwise not irrigated | P40: 1.0294206 | Q40: 4 | R40: Not irrigated | U40: 9 | W40: SD-7877-2 | X40: T5S | Y40: R16W | Z40: 8 | AA40: CA | AC40: 12/31/1878 | AE40: 462 | AF40: 7/30/2025 | AG40: 280.64796 | AH40: 4165.934
A41: 40 | B41: GSAR 00049 | C41: GSF | D41: GSAR | E41: MM | G41: 0.8 | H41: Arizona v California | I41: San Francisco River | J41: SF | K41: Apache Creek, Aragon | L41: AA | N41: FA | O41: Fallow, idle or otherwise not irrigated | P41: 0.8879661 | Q41: 4 | R41: Not irrigated | U41: 9 | W41: SD-7878-5 | X41: T5S | Y41: R16W | Z41: 8 | AA41: CA | AC41: 12/31/1878 | AE41: 470 | AF41: 7/30/2025 | AG41: 286.5727 | AH41: 3593.4857
A42: 41 | B42: GSAR 00051 | C42: GSF | D42: GSAR | E42: MM | G42: 0.1 | H42: Arizona v California | I42: San Francisco River | J42: SF | K42: Apache Creek, Aragon | L42: AA | N42: FA | O42: Fallow, idle or otherwise not irrigated | P42: 0.11747824 | Q42: 4 | R42: Not irrigated | U42: 9 | W42: SD-7877-13 | X42: T5S | Y42: R16W | Z42: 8 | AA42: CA | AC42: 12/31/1878 | AE42: 537 | AF42: 7/30/2025 | AG42: 88.78356 | AH42: 475.41948
A43: 42 | B43: GSAR 00052 | C43: GSF | D43: GSAR | E43: MM | G43: 0.2 | H43: Arizona v California | I43: San Francisco River | J43: SF | K43: Apache Creek, Aragon | L43: AA | N43: FA | O43: Fallow, idle or otherwise not irrigated | P43: 0.23902059 | Q43: 4 | R43: Not irrigated | U43: 9 | W43: SD-7877-13 | X43: T5S | Y43: R16W | Z43: 8 | AA43: CA | AC43: 12/31/1878 | AE43: 537 | AF43: 7/30/2025 | AG43: 131.58912 | AH43: 967.28587
A44: 43 | B44: GSAR 00053 | C44: GSF | D44: GSAR | E44: MM | G44: 0.6 | H44: Arizona v California | I44: San Francisco River | J44: SF | K44: Apache Creek, Aragon | L44: AA | N44: FA | O44: Fallow, idle or otherwise not irrigated | P44: 0.48404973 | Q44: 4 | R44: Not irrigated | U44: 9 | W44: SD-7878-5 | X44: T5S | Y44: R16W | Z44: 17 | AA44: CA | AC44: 12/31/1878 | AE44: 470 | AF44: 7/30/2025 | AG44: 191.60599 | AH44: 1958.8876
A45: 44 | B45: GSAR 00054 | C45: GSF | D45: GSAR | E45: MM | G45: 2.3 | H45: Arizona v California | I45: San Francisco River | J45: SF | K45: Apache Creek, Aragon | L45: AA | N45: FA | O45: Fallow, idle or otherwise not irrigated | P45: 2.4730752 | Q45: 4 | R45: Not irrigated | U45: 9 | W45: SD-7877-13 | X45: T5S | Y45: R16W | Z45: 18 | AA45: CA | AC45: 12/31/1878 | AE45: 537 | AF45: 7/30/2025 | AG45: 447.81942 | AH45: 10008.22
A46: 45 | B46: GSAR 00055 | C46: GSF | D46: GSAR | E46: MM | G46: 2.7 | H46: Arizona v California | I46: San Francisco River | J46: SF | K46: Apache Creek, Aragon | L46: AA | N46: FA | O46: Fallow, idle or otherwise not irrigated | P46: 2.8866386 | Q46: 4 | R46: Not irrigated | U46: 9 | W46: SD-7877-4 | X46: T5S | Y46: R16W | Z46: 8 | AA46: CA | AC46: 12/31/1878 | AE46: 466 | AF46: 7/30/2025 | AG46: 470.89217 | AH46: 11681.859
A47: 46 | B47: GSAR 00056 | C47: GSF | D47: GSAR | E47: MM | G47: 1.7 | H47: Arizona v California | I47: San Francisco River | J47: SF | K47: Apache Creek, Aragon | L47: AA | N47: PN | O47: Pasture (Native) | P47: 1.8542296 | Q47: 1 | R47: Flood irrigated | U47: 9 | W47: SD-7877-10 | X47: T5S | Y47: R16W | Z47: 17 | AA47: CA | AC47: 12/31/1878 | AE47: 511 | AF47: 7/30/2025 | AG47: 354.2018 | AH47: 7503.8309
A48: 47 | B48: GSAR 00057 | C48: GSF | D48: GSAR | E48: MM | G48: 2.4 | H48: Arizona v California | I48: San Francisco River | J48: SF | K48: Apache Creek, Aragon | L48: AA | N48: PN | O48: Pasture (Native) | P48: 2.4966741 | Q48: 1 | R48: Flood irrigated | U48: 9 | W48: SD-7877-2 | X48: T5S | Y48: R16W | Z48: 17 | AA48: CA | AC48: 12/31/1878 | AE48: 462 | AF48: 7/30/2025 | AG48: 412.85536 | AH48: 10103.722
A49: 48 | B49: GSAR 00058 | C49: GSF | D49: GSAR | E49: MM | G49: 2.9 | H49: Arizona v California | I49: San Francisco River | J49: SF | K49: Apache Creek, Aragon | L49: AA | N49: FA | O49: Fallow, idle or otherwise not irrigated | P49: 2.9965422 | Q49: 4 | R49: Not irrigated | U49: 9 | W49: SD-7877-13 | X49: T5S | Y49: R16W | Z49: 17 | AA49: CA | AC49: 12/31/1878 | AE49: 537 | AF49: 7/30/2025 | AG49: 452.34359 | AH49: 12126.625
A50: 49 | B50: GSAR 00059 | C50: GSF | D50: GSAR | E50: MM | G50: 0 | H50: Arizona v California | I50: San Francisco River | J50: SF | K50: Apache Creek, Aragon | L50: AA | N50: FA | O50: Fallow, idle or otherwise not irrigated | P50: 0.18124559 | Q50: 4 | R50: Not irrigated | S50: No Right | U50: 9 | X50: T5S | Y50: R16W | Z50: 17 | AA50: CA | AD50: 0.2 | AE50: 512 | AF50: 7/30/2025 | AG50: 109.26515 | AH50: 733.4778
A51: 50 | B51: GSAR 00062 | C51: GSF | D51: GSAR | E51: MM | G51: 2.5 | H51: Arizona v California | I51: San Francisco River | J51: SF | K51: Apache Creek, Aragon | L51: AA | N51: PN | O51: Pasture (Native) | P51: 2.5883411 | Q51: 1 | R51: Flood irrigated | U51: 9 | W51: SD-7878-3 | X51: T5S | Y51: R16W | Z51: 17 | AA51: CA | AC51: 12/31/1878 | AE51: 466 | AF51: 7/30/2025 | AG51: 536.24057 | AH51: 10474.687
A52: 51 | B52: GSAR 00063 | C52: GSF | D52: GSAR | E52: MM | H52: Arizona v California | I52: San Francisco River | J52: SF | K52: Apache Creek, Aragon | L52: AA | N52: FA | O52: Fallow, idle or otherwise not irrigated | P52: 0.59064579 | Q52: 4 | R52: Not irrigated | S52: No Right | U52: 9 | X52: T5S | Y52: R16W | Z52: 17 | AA52: CA | AD52: 0.6 | AE52: 484 | AF52: 7/30/2025 | AG52: 200.37211 | AH52: 2390.2683
A53: 52 | B53: GSAR 00064 | C53: GSF | D53: GSAR | E53: MM | G53: 2.6 | H53: Arizona v California | I53: San Francisco River | J53: SF | K53: Apache Creek, Aragon | L53: AA | N53: PN | O53: Pasture (Native) | P53: 2.7445469 | Q53: 1 | R53: Flood irrigated | U53: 9 | W53: SD-7878-7 | X53: T5S | Y53: R16W | Z53: 17 | AA53: CA | AC53: 12/31/1878 | AE53: 511 | AF53: 7/30/2025 | AG53: 441.01048 | AH53: 11106.832
A54: 53 | B54: GSAR 00065 | C54: GSF | D54: GSAR | E54: MM | G54: 5.1 | H54: Arizona v California | I54: San Francisco River | J54: SF | K54: Apache Creek, Aragon | L54: AA | N54: PN | O54: Pasture (Native) | P54: 5.3217212 | Q54: 1 | R54: Flood irrigated | U54: 7 | W54: SD-7877-7 | X54: T5S | Y54: R16W | Z54: 18 | AA54: CA | AC54: 12/31/1878 | AE54: 472 | AF54: 7/30/2025 | AG54: 587.30353 | AH54: 21536.328
A55: 54 | B55: GSAR 00066 | C55: GSF | D55: GSAR | E55: MM | G55: 0.6 | H55: Arizona v California | I55: San Francisco River | J55: SF | K55: Apache Creek, Aragon | L55: AA | N55: PN | O55: Pasture (Native) | P55: 0.66721939 | Q55: 1 | R55: Flood irrigated | U55: 9 | W55: SD-7877-5 | X55: T5S | Y55: R16W | Z55: 17 | AA55: CA | AC55: 12/31/1878 | AE55: 468 | AF55: 7/30/2025 | AG55: 270.9104 | AH55: 2700.1519
A56: 55 | B56: GSAR 00067 | C56: GSF | D56: GSAR | E56: MM | G56: 2.6 | H56: Arizona v California | I56: San Francisco River | J56: SF | K56: Apache Creek, Aragon | L56: AA | N56: PN | O56: Pasture (Native) | P56: 2.7715479 | Q56: 1 | R56: Flood irrigated | U56: 9 | W56: SD-7878-2 | X56: T5S | Y56: R16W | Z56: 17 | AA56: CA | AC56: 12/31/1878 | AE56: 468 | AF56: 7/30/2025 | AG56: 468.15979 | AH56: 11216.101
A57: 56 | B57: GSAR 00068 | C57: GSF | D57: GSAR | E57: MM | G57: 1.3 | H57: Arizona v California | I57: San Francisco River | J57: SF | K57: Apache Creek, Aragon | L57: AA | N57: PN | O57: Pasture (Native) | P57: 1.3615968 | Q57: 1 | R57: Flood irrigated | U57: 7 | W57: SD-7877-7 | X57: T5S | Y57: R16W | Z57: 18 | AA57: CA | AC57: 12/31/1878 | AE57: 472 | AF57: 7/30/2025 | AG57: 427.90413 | AH57: 5510.2087
A58: 57 | B58: GSAR 00069 | C58: GSF | D58: GSAR | E58: MM | G58: 0.9 | H58: Arizona v California | I58: San Francisco River | J58: SF | K58: Apache Creek, Aragon | L58: AA | N58: PN | O58: Pasture (Native) | P58: 0.92489704 | Q58: 1 | R58: Flood irrigated | U58: 9 | W58: SD-7877-5 | X58: T5S | Y58: R16W | Z58: 18 | AA58: CA | AC58: 12/31/1878 | AE58: 468 | AF58: 7/30/2025 | AG58: 251.35735 | AH58: 3742.9405
A59: 58 | B59: GSAR 00070 | C59: GSF | D59: GSAR | E59: MM | G59: 1 | H59: Arizona v California | I59: San Francisco River | J59: SF | K59: Apache Creek, Aragon | L59: AA | N59: PN | O59: Pasture (Native) | P59: 0.92436112 | Q59: 1 | R59: Flood irrigated | U59: 7 | W59: SD-7877-7 | X59: T5S | Y59: R16W | Z59: 18 | AA59: CA | AC59: 12/31/1878 | AE59: 472 | AF59: 7/30/2025 | AG59: 392.68161 | AH59: 3740.7717
A60: 59 | B60: GSAR 00071 | C60: GSF | D60: GSAR | E60: MM | G60: 3.1 | H60: Arizona v California | I60: San Francisco River | J60: SF | K60: Apache Creek, Aragon | L60: AA | N60: PN | O60: Pasture (Native) | P60: 3.2144585 | Q60: 1 | R60: Flood irrigated | U60: 9 | W60: SD-7878-4 | X60: T5S | Y60: R16W | Z60: 17 | AA60: CA | AC60: 12/31/1878 | AE60: 468 | AF60: 7/30/2025 | AG60: 474.73792 | AH60: 13008.504
A61: 60 | B61: GSAR 00072 | C61: GSF | D61: GSAR | E61: MM | G61: 6.5 | H61: Arizona v California | I61: San Francisco River | J61: SF | K61: Apache Creek, Aragon | L61: AA | N61: PN | O61: Pasture (Native) | P61: 5.7927812 | Q61: 1 | R61: Flood irrigated | U61: 7 | W61: SD-7877-5 | AC61: 12/31/1878 | AE61: 468 | AF61: 7/30/2025 | AG61: 640.37503 | AH61: 16970.522
A62: 61 | B62: GSAR 00073 | C62: GSF | D62: GSAR | E62: MM | G62: 2.2 | H62: Arizona v California | I62: San Francisco River | J62: SF | K62: Apache Creek, Aragon | L62: AA | N62: FA | O62: Fallow, idle or otherwise not irrigated | P62: 2.2146458 | Q62: 4 | R62: Not irrigated | U62: 7 | W62: SD-7877-5 | X62: T5S | Y62: R16W | Z62: 18 | AA62: CA | AC62: 12/31/1878 | AE62: 468 | AF62: 7/30/2025 | AG62: 478.6765 | AH62: 8962.3894
A63: 62 | B63: GSAR 00074 | C63: GSF | D63: GSAR | E63: MM | G63: 0.2 | H63: Arizona v California | I63: San Francisco River | J63: SF | K63: Apache Creek, Aragon | L63: AA | N63: PN | O63: Pasture (Native) | P63: 0.18484406 | Q63: 1 | R63: Flood irrigated | S63: Reservior? | U63: 7 | W63: SD-7877-1 | X63: T5S | Y63: R16W | Z63: 18 | AA63: CA | AC63: 12/31/1878 | AE63: 461 | AF63: 7/30/2025 | AG63: 119.23352 | AH63: 748.04035
A64: 63 | B64: GSAR 00075 | C64: GSF | D64: GSAR | E64: MM | G64: 15.6 | H64: Arizona v California | I64: San Francisco River | J64: SF | K64: Apache Creek, Aragon | L64: AA | N64: PN | O64: Pasture (Native) | P64: 16.073647 | Q64: 1 | R64: Flood irrigated | U64: 7 | W64: SD-7877-1 | X64: T5S | Y64: R16W | Z64: 18 | AA64: CA | AC64: 12/31/1878 | AE64: 461 | AF64: 7/30/2025 | AG64: 1145.8733 | AH64: 65048.004
A65: 64 | B65: GSAR 00076 | C65: GSF | D65: GSAR | E65: MM | G65: 5.4 | H65: Arizona v California | I65: San Francisco River | J65: SF | K65: Apache Creek, Aragon | L65: AA | N65: PU | O65: Pasture (Unimproved) | P65: 5.0225785 | Q65: 1 | R65: Flood irrigated | U65: 7 | W65: SD-7878-4 | X65: T5S | Y65: R16W | Z65: 18 | AA65: CA | AC65: 12/31/1878 | AE65: 468 | AF65: 7/30/2025 | AG65: 896.34341 | AH65: 20325.735
A66: 65 | B66: GSAR 00077 | C66: GSF | D66: GSAR | E66: MM | G66: 3.7 | H66: Arizona v California | I66: San Francisco River | J66: SF | K66: Apache Creek, Aragon | L66: AA | N66: PN | O66: Pasture (Native) | P66: 3.7972199 | Q66: 1 | R66: Flood irrigated | U66: 7 | W66: SD-7877-9 | X66: T5S | Y66: R16W | Z66: 18 | AA66: CA | AB66: GABRIEL KLINE | AC66: 12/31/1878 | AE66: 507 | AF66: 7/30/2025 | AG66: 579.37915 | AH66: 15366.865
A67: 66 | B67: GSAR 00078 | C67: GSF | D67: GSAR | E67: MM | G67: 0.3 | H67: Arizona v California | I67: San Francisco River | J67: SF | K67: Apache Creek, Aragon | L67: AA | N67: <Null> | O67: Orchard (ground cover) | P67: 0.25431891 | Q67: 1 | R67: Flood irrigated | U67: 7 | W67: SD-7877-8 | X67: T5S | Y67: R16W | Z67: 18 | AA67: CA | AC67: 12/31/1878 | AE67: 493 | AF67: 7/30/2025 | AG67: 160.21278 | AH67: 1029.1962
A68: 67 | B68: GSAR 00079 | C68: GSF | D68: GSAR | E68: MM | G68: 0.7 | H68: Arizona v California | I68: San Francisco River | J68: SF | K68: Apache Creek, Aragon | L68: AA | N68: FA | O68: Fallow, idle or otherwise not irrigated | P68: 0.76383168 | Q68: 4 | R68: Not irrigated | U68: 7 | W68: SD-7877-1 | X68: T5S | Y68: R16W | Z68: 18 | AA68: CA | AC68: 12/31/1878 | AE68: 461 | AF68: 7/24/2025 | AG68: 281.93353 | AH68: 3091.1295
A69: 68 | B69: GSAR 00080 | C69: GSF | D69: GSAR | E69: MM | G69: 1.1 | H69: Arizona v California | I69: San Francisco River | J69: SF | K69: Apache Creek, Aragon | L69: AA | N69: PN | O69: Pasture (Native) | P69: 1.1139056 | Q69: 1 | R69: Flood irrigated | U69: 7 | W69: SD-7877-1 | X69: T5S | Y69: R16W | Z69: 18 | AA69: CA | AC69: 12/31/1878 | AE69: 461 | AF69: 7/24/2025 | AG69: 268.33047 | AH69: 4507.8341
A70: 69 | B70: GSAR 00081 | C70: GSF | D70: GSAR | E70: MM | G70: 6.3 | H70: Arizona v California | I70: San Francisco River | J70: SF | K70: Apache Creek, Aragon | L70: AA | N70: PN | O70: Pasture (Native) | P70: 6.4728928 | Q70: 1 | R70: Flood irrigated | U70: 7 | W70: SD-7878-6 | X70: T5S | Y70: R16W | Z70: 18 | AA70: CA | AC70: 12/31/1878 | AE70: 510 | AF70: 7/24/2025 | AG70: 636.36546 | AH70: 26194.973
A71: 70 | B71: GSAR 00082 | C71: GSF | D71: GSAR | E71: MM | G71: 6.4 | H71: Arizona v California | I71: San Francisco River | J71: SF | K71: Apache Creek, Aragon | L71: AA | N71: PN | O71: Pasture (Native) | P71: 6.6873868 | Q71: 1 | R71: Flood irrigated | U71: 7 | W71: SD-7878-9 | X71: T5S | Y71: R16W | Z71: 18 | AA71: CA | AC71: 12/31/1878 | AE71: 542 | AF71: 7/24/2025 | AG71: 711.74403 | AH71: 27063.002
A72: 71 | B72: GSAR 00083 | C72: GSF | D72: GSAR | E72: MM | G72: 12 | H72: Arizona v California | I72: San Francisco River | J72: SF | K72: Apache Creek, Aragon | L72: AA | N72: PN | O72: Pasture (Native) | P72: 12.842329 | Q72: 1 | R72: Flood irrigated | U72: 7 | W72: SD-7878-1 | X72: T5S | Y72: R16W | Z72: 18 | AA72: CA | AC72: 12/31/1878 | AE72: 461 | AF72: 7/24/2025 | AG72: 1023.2643 | AH72: 51971.269
A73: 72 | B73: GSAR 00084 | C73: GSF | D73: GSAR | E73: MM | G73: 2.1 | H73: Arizona v California | I73: San Francisco River | J73: SF | K73: Apache Creek, Aragon | L73: AA | N73: PN | O73: Pasture (Native) | P73: 2.2022426 | Q73: 5 | R73: Sub-irrigated | U73: 7 | W73: GSF-183 | X73: T5S | Y73: R17W | Z73: 13 | AA73: CA | AC73: 1944 | AE73: 498 | AF73: 6/24/2025 | AG73: 387.90762 | AH73: 8912.1951
A74: 73 | B74: GSAR 00085 | C74: GSF | D74: GSAR | E74: MM | G74: 3.3 | H74: Arizona v California | I74: San Francisco River | J74: SF | K74: Apache Creek, Aragon | L74: AA | N74: PN | O74: Pasture (Native) | P74: 3.4234663 | Q74: 5 | R74: Sub-irrigated | U74: 7 | W74: GSF-183 | X74: T5S | Y74: R17W | Z74: 13 | AA74: CA | AC74: 1944 | AE74: 498 | AF74: 6/24/2025 | AG74: 494.90298 | AH74: 13854.332
A75: 74 | B75: GSAR 00086 | C75: GSF | D75: GSAR | E75: MM | G75: 8 | H75: Arizona v California | I75: San Francisco River | J75: SF | K75: Apache Creek, Aragon | L75: AA | N75: OUT | O75: Out Areas | P75: 8.366886 | R75: <Null> | U75: 7 | W75: SD-00827-2 | X75: T5S | Y75: R17W | Z75: 14 | AA75: CA | AC75: 12/31/1878 | AE75: 504 | AF75: 7/24/2025 | AG75: 877.60505 | AH75: 33859.722
A76: 75 | B76: GSAR 00087 | C76: GSF | D76: GSAR | E76: MM | G76: 4.5 | H76: Arizona v California | I76: San Francisco River | J76: SF | K76: Apache Creek, Aragon | L76: AA | N76: OUT | O76: Out Areas | P76: 4.5172663 | R76: <Null> | U76: 7 | W76: SD-00827-2 | X76: T5S | Y76: R17W | Z76: 14 | AA76: CA | AC76: 12/31/1878 | AE76: 504 | AF76: 7/24/2025 | AG76: 646.02761 | AH76: 18280.801
A77: 76 | B77: GSAR 00088 | C77: GSF | D77: GSAR | E77: MM | G77: 9.8 | H77: Arizona v California | I77: San Francisco River | J77: SF | K77: Apache Creek, Aragon | L77: AA | N77: PN | O77: Pasture (Native) | P77: 10.162921 | Q77: 5 | R77: Sub-irrigated | U77: 7 | W77: GSF-183 | X77: T5S | Y77: R17W | Z77: 13 | AA77: CA | AC77: 1944 | AE77: 498 | AF77: 6/24/2025 | AG77: 977.05729 | AH77: 41128.046
A78: 77 | B78: GSAR 00089 | C78: GSF | D78: GSAR | E78: MM | G78: 6.2 | H78: Arizona v California | I78: San Francisco River | J78: SF | K78: Apache Creek, Aragon | L78: AA | N78: OUT | O78: Out Areas | P78: 6.3644631 | R78: <Null> | U78: 7 | W78: SD-00827-2 | X78: T5S | Y78: R17W | Z78: 14 | AA78: CA | AC78: 12/31/1878 | AE78: 504 | AF78: 7/24/2025 | AG78: 672.30059 | AH78: 25756.172
A79: 78 | B79: GSAR 00090 | C79: GSF | D79: GSAR | E79: MM | G79: 4.1 | H79: Arizona v California | I79: San Francisco River | J79: SF | K79: Apache Creek, Aragon | L79: AA | N79: PN | O79: Pasture (Native) | P79: 4.2777569 | Q79: 5 | R79: Sub-irrigated | U79: 7 | W79: GSF-183 | X79: T5S | Y79: R17W | Z79: 13 | AA79: CA | AC79: 1944 | AE79: 498 | AF79: 6/24/2025 | AG79: 544.42336 | AH79: 17311.537
A80: 79 | B80: GSAR 00091 | C80: GSF | D80: GSAR | E80: MM | H80: Arizona v California | I80: San Francisco River | J80: SF | K80: Apache Creek, Aragon | L80: AA | N80: OUT | O80: Out Areas | P80: 7.178072 | R80: <Null> | U80: 7 | X80: T5S | Y80: R17W | Z80: 14 | AA80: CA | AD80: 6.8 | AF80: 7/24/2025 | AG80: 672.7604 | AH80: 29048.743
A81: 80 | B81: GSAR 00092 | C81: GSF | D81: GSAR | E81: MM | G81: 23 | H81: Arizona v California | I81: San Francisco River | J81: SF | K81: Apache Creek, Aragon | L81: AA | N81: PN | O81: Pasture (Native) | P81: 23.297761 | Q81: 5 | R81: Sub-irrigated | U81: 6 | W81: SD-00827-1 | X81: T5S | Y81: R17W | Z81: 14 | AA81: CA | AC81: 12/31/1878 | AE81: 486 | AF81: 7/24/2025 | AG81: 1880.2053 | AH81: 94283.07
A82: 81 | B82: GSAR 00093 | C82: GSF | D82: GSAR | E82: MM | G82: 0.3 | H82: Arizona v California | I82: San Francisco River | J82: SF | K82: Apache Creek, Aragon | L82: AA | O82: Reservoir Dry | P82: 0.24306514 | R82: <Null> | S82: Reservoir | U82: 6 | W82: SD-00827-2 | X82: T5S | Y82: R17W | Z82: 14 | AA82: CA | AC82: 12/31/1878 | AE82: 504 | AF82: 7/24/2025 | AG82: 153.83583 | AH82: 983.65364
A83: 82 | B83: GSAR 00095 | C83: GSF | D83: GSAR | E83: MM | G83: 0.6 | H83: Arizona v California | I83: San Francisco River | J83: SF | K83: Apache Creek, Aragon | L83: AA | O83: Reservoir Retaining water (note volume in remarks) | P83: 0.63580382 | R83: <Null> | S83: Reservoir, 35% Full | U83: 6 | W83: SD-00827-1 | X83: T5S | Y83: R17W | Z83: 14 | AA83: CA | AC83: 12/31/1878 | AE83: 486 | AF83: 7/24/2025 | AG83: 195.81203 | AH83: 2573.0171
A84: 83 | B84: GSAR 00096 | C84: GSF | D84: GSAR | E84: MM | G84: 0.4 | H84: Arizona v California | I84: San Francisco River | J84: SF | K84: Apache Creek, Aragon | L84: AA | N84: OUT | O84: Out Areas | P84: 0.44208072 | R84: <Null> | S84: Reservoir | U84: 12 | W84: GSF-619 | X84: T5S | Y84: R17W | Z84: 17 | AA84: CA | AC84: 1937 | AE84: 540 | AF84: 7/30/2025 | AG84: 164.55698 | AH84: 1789.0443
A85: 84 | B85: GSAR 00097 | C85: GSF | D85: GSAR | E85: MM | G85: 0.4 | H85: Arizona v California | I85: San Francisco River | J85: SF | K85: Apache Creek, Aragon | L85: AA | N85: OUT | O85: Out Areas | P85: 1.667416 | R85: <Null> | S85: Groundwater | U85: 12 | W85: GSF-619 | X85: T5S | Y85: R17W | Z85: 17 | AA85: CA | AC85: 1937 | AE85: 540 | AF85: 7/30/2025 | AG85: 362.44726 | AH85: 6747.8203
A86: 85 | B86: GSAR 00098 | C86: GSF | D86: GSAR | E86: MM | G86: 6.8 | H86: Arizona v California | I86: San Francisco River | J86: SF | K86: Apache Creek, Aragon | L86: AA | N86: OUT | O86: Out Areas | P86: 8.2020701 | R86: <Null> | S86: Groundwater | U86: 12 | W86: GSF-619 | X86: T5S | Y86: R17W | Z86: 20 | AA86: CA | AC86: 1937 | AE86: 540 | AF86: 7/30/2025 | AG86: 1140.5318 | AH86: 33192.733
A87: 86 | B87: GSAR 00099 | C87: GSF | D87: GSAR | E87: MM | G87: 3.14 | H87: Arizona v California | I87: San Francisco River | J87: SF | K87: Apache Creek, Aragon | L87: AA | N87: FA | O87: Fallow, idle or otherwise not irrigated | P87: 3.163149 | R87: <Null> | S87: Groundwater Premitted | U87: 12 | W87: GSF-619 | X87: T5S | Y87: R17W | Z87: 20 | AA87: CA | AB87: ALAN & NANCY ROBINSON | AC87: 1878 | AE87: 540 | AF87: 7/30/2025 | AG87: 482.50147 | AH87: 12800.861
A88: 87 | B88: GSAR 00100 | C88: GSF | D88: GSAR | E88: MM | H88: Arizona v California | I88: San Francisco River | J88: SF | K88: Apache Creek, Aragon | L88: AA | N88: OUT | O88: Out Areas | P88: 10.723821 | R88: <Null> | S88: No Right | U88: 11 | X88: T5S | Y88: R17W | Z88: 21 | AA88: CA | AD88: 18.9 | AE88: 531 | AF88: 7/24/2025 | AG88: 1760.48 | AH88: 43397.938
A89: 88 | B89: GSAR 00101 | C89: GSF | D89: GSAR | E89: MM | H89: Arizona v California | I89: San Francisco River | J89: SF | K89: Apache Creek, Aragon | L89: AA | N89: OUT | O89: Out Areas | P89: 0.2040417 | R89: <Null> | S89: Reservoir | U89: 11 | X89: T5S | Y89: R17W | Z89: 21 | AA89: CA | AD89: 0.3 | AE89: 531 | AF89: 7/24/2025 | AG89: 123.20607 | AH89: 825.73079
A90: 89 | B90: GSAR 00102 | C90: GSF | D90: GSAR | E90: MM | G90: 0 | H90: Arizona v California | I90: San Francisco River | J90: SF | K90: Apache Creek, Aragon | L90: AA | N90: OUT | O90: Out Areas | P90: 2.4353836 | R90: <Null> | S90: No Right | U90: 11 | X90: T5S | Y90: R17W | Z90: 28 | AA90: CA | AD90: 4.3 | AE90: 531 | AF90: 7/24/2025 | AG90: 524.49866 | AH90: 9855.687
A91: 90 | B91: GSAR 00103 | C91: GSF | D91: GSAR | E91: MM | G91: 0 | H91: Arizona v California | I91: San Francisco River | J91: SF | K91: Apache Creek, Aragon | L91: AA | N91: OUT | O91: Out Areas | P91: 0.090467771 | R91: <Null> | S91: Reservoir | U91: 11 | X91: T5S | Y91: R17W | Z91: 28 | AA91: CA | AD91: 0.2 | AE91: 531 | AF91: 7/24/2025 | AG91: 84.980985 | AH91: 366.11155
A92: 91 | B92: GSAR 00104 | C92: GSF | D92: GSAR | E92: MM | G92: 0 | H92: Arizona v California | I92: San Francisco River | J92: SF | K92: Apache Creek, Aragon | L92: AA | N92: OUT | O92: Out Areas | P92: 0.18176641 | R92: <Null> | S92: Stock tank | U92: 10 | X92: T5S | Y92: R17W | Z92: 29 | AA92: CA | AF92: 7/24/2025 | AG92: 111.63977 | AH92: 735.58552
A93: 92 | B93: GSAR 00105 | C93: GSF | D93: GSAR | E93: MM | H93: Arizona v California | I93: San Francisco River | J93: SF | K93: Apache Creek, Aragon | L93: AA | N93: AL | O93: Alfalfa | P93: 0.4070006 | Q93: 4 | R93: Not irrigated | S93: Mill pond | U93: 10 | X93: T5S | Y93: R17W | Z93: 33 | AA93: CA | AF93: 7/24/2025 | AG93: 186.70761 | AH93: 1647.0796
A94: 93 | B94: GSAR 00106 | C94: GSF | D94: GSAR | E94: MM | G94: 7.3 | H94: Arizona v California | I94: San Francisco River | J94: SF | K94: Apache Creek, Aragon | L94: AA | N94: FA | O94: Fallow, idle or otherwise not irrigated | P94: 7.2820242 | Q94: 4 | R94: Not irrigated | U94: 3 | W94: 0698 | X94: T5S | Y94: R17W | Z94: 32 | AA94: CA | AC94: 1883 | AE94: 531 | AF94: 7/23/2025 | AG94: 1149.512 | AH94: 29469.424
A95: 94 | B95: GSAR 00107 | C95: GSF | D95: GSAR | E95: MM | G95: 3.6 | H95: Arizona v California | I95: San Francisco River | J95: SF | K95: Apache Creek, Aragon | L95: AA | N95: FA | O95: Fallow, idle or otherwise not irrigated | P95: 3.6705801 | Q95: 4 | R95: Not irrigated | U95: 3 | W95: 0698 | X95: T5S | Y95: R17W | Z95: 32 | AA95: CA | AC95: 1883 | AE95: 531 | AF95: 7/23/2025 | AG95: 804.28875 | AH95: 14854.37
A96: 95 | B96: GSAR 00108 | C96: GSF | D96: GSAR | E96: MM | G96: 8.6 | H96: Arizona v California | I96: San Francisco River | J96: SF | K96: Apache Creek, Aragon | L96: AA | N96: FA | O96: Fallow, idle or otherwise not irrigated | P96: 8.7661022 | Q96: 4 | R96: Not irrigated | U96: 3 | W96: 0697 | AC96: 1936 | AE96: 528 | AF96: 7/23/2025 | AG96: 889.17118 | AH96: 32922.767
A97: 96 | B97: GSAR 00109 | C97: GSF | D97: GSAR | E97: MM | G97: 0.7 | H97: Arizona v California | I97: San Francisco River | J97: SF | K97: Apache Creek, Aragon | L97: AA | O97: Reservoir Dry | P97: 0.72655282 | R97: <Null> | S97: Reservoir | U97: 3 | W97: 0698 | X97: T5S | Y97: R17W | Z97: 32 | AA97: CA | AC97: 1883 | AE97: 531 | AF97: 7/23/2025 | AG97: 292.05457 | AH97: 2940.2667
A98: 97 | B98: GSAR 00110 | C98: GSF | D98: GSAR | E98: MM | G98: 0.8 | H98: Arizona v California | I98: San Francisco River | J98: SF | K98: Apache Creek, Aragon | L98: AA | N98: FA | O98: Fallow, idle or otherwise not irrigated | P98: 0.50105007 | Q98: 4 | R98: Not irrigated | U98: 3 | W98: 0697 | X98: T5S | Y98: R17W | Z98: 32 | AA98: CA | AC98: 1936 | AE98: 528 | AF98: 7/23/2025 | AG98: 200.70627 | AH98: 2027.6858
A99: 98 | B99: GSAR 00111 | C99: GSF | D99: GSAR | E99: MM | G99: 7 | H99: Arizona v California | I99: San Francisco River | J99: SF | K99: Apache Creek, Aragon | L99: AA | N99: FA | O99: Fallow, idle or otherwise not irrigated | P99: 7.0520413 | Q99: 4 | R99: Not irrigated | U99: 3 | W99: 0698 | X99: T5S | Y99: R17W | Z99: 32 | AA99: CA | AC99: 1883 | AE99: 531 | AF99: 7/23/2025 | AG99: 915.81278 | AH99: 28538.713
A100: 99 | B100: GSAR 00112 | C100: GSF | D100: GSAR | E100: MM | G100: 0 | H100: Arizona v California | I100: San Francisco River | J100: SF | K100: Apache Creek, Aragon | L100: AA | N100: FA | O100: Fallow, idle or otherwise not irrigated | P100: 0.086294103 | Q100: 4 | R100: Not irrigated | S100: No Right | U100: 3 | X100: T5S | Y100: R17W | Z100: 32 | AA100: CA | AD100: 0.1 | AF100: 7/23/2025 | AG100: 82.2424 | AH100: 349.22124
A101: 100 | B101: GSAR 00113 | C101: GSF | D101: GSAR | E101: MM | G101: 0.2 | H101: Arizona v California | I101: San Francisco River | J101: SF | K101: Apache Creek, Aragon | L101: AA | O101: Reservoir Dry | P101: 0.17927956 | R101: <Null> | S101: Reservoir | U101: 3 | W101: 0697 | X101: T5S | Y101: R17W | Z101: 31 | AA101: CA | AC101: 1883 | AE101: 532 | AF101: 7/23/2025 | AG101: 112.46756 | AH101: 725.52155
...

Sheet GSCG_IA_2025
A1: OBJECTID | B1: Field_ID | C1: Basin | D1: Sub_Basin | E1: Inspector_1 | F1: Inspector_2 | G1: Inspection_Date | H1: Water_Righted_Acreage | I1: Decree | J1: System | K1: SysCode | L1: Unit | M1: UCode | N1: Ditch | O1: Crop_Code | P1: Crop_Type | Q1: Computed_Acreage | R1: Irr_Code | S1: Irr_Method | T1: Remarks | U1: Season | V1: Mapsheet | W1: Sections | X1: File_nbr | Y1: Tws | Z1: Rng | AA1: Sec | AB1: County | AC1: Owner | AD1: Priority | AE1: No_Adjudicated_Water_Right | AF1: Subfile | AG1: PLSS QQQ | AH1: Pla_rec_nbr | AI1: # | AJ1: Shape_Length | AK1: Shape_Area
A2: 1 | B2: GSCG-00001 | C2: GSF | D2: GSCG | E2: MM | F2: <Null> | G2: 45869 | H2: 0.05 | I2: Arizona v California | J2: Gila River | K2: GR | L2: Cliff Gila, Buckhorn-Duck Creek | M2: CG | O2: MON | P2: Misc. Outdoor Nursery Stock | Q2: 0.05208365 | R2: 2 | S2: Sprinkler irrigated | T2: Permitted, GSF-1146-M into GSF-4380, 2,245.59 sqft | V2: 20 | X2: GSF-4380 | Y2: T15S | Z2: R18W | AA2: 24 | AB2: GR | AD2: 06/09/1961 | AF2: C&L: GSF-1146 | AJ2: 103.26522 | AK2: 210.7759
A3: 2 | B3: GSCG-00002 | C3: GSF | D3: GSCG | E3: MM | F3: <Null> | G3: 45869 | H3: 0.001 | I3: Arizona v California | J3: Gila River | K3: GR | L3: Cliff Gila, Buckhorn-Duck Creek | M3: CG | O3: MON | P3: Misc. Outdoor Nursery Stock | Q3: 0.0039164252 | R3: 2 | S3: Sprinkler irrigated | T3: Permitted, GSF-1146-M into GSF-4380, 171.15 sqft | V3: 20 | X3: GSF-4380 | Y3: T15S | Z3: R18W | AA3: 24 | AB3: GR | AD3: 06/09/1961 | AF3: C&L: GSF-1146 | AJ3: 23.934879 | AK3: 15.849274
A4: 3 | B4: GSCG-00003 | C4: GSF | D4: GSCG | E4: MM | F4: <Null> | G4: 45869 | H4: 0.001 | I4: Arizona v California | J4: Gila River | K4: GR | L4: Cliff Gila, Buckhorn-Duck Creek | M4: CG | O4: MON | P4: Misc. Outdoor Nursery Stock | Q4: 0.0014710926 | R4: 2 | S4: Sprinkler irrigated | T4: Permitted, GSF-1146-M into GSF-4380, 51.5 sqft | V4: 20 | X4: GSF-4380 | Y4: T15S | Z4: R18W | AA4: 24 | AB4: GR | AD4: 06/09/1961 | AF4: C&L: GSF-1146 | AJ4: 14.02029 | AK4: 5.9533245
A5: 4 | B5: GSCG-00004 | C5: GSF | D5: GSCG | E5: MM | F5: <Null> | G5: 45869 | H5: 0.001 | I5: Arizona v California | J5: Gila River | K5: GR | L5: Cliff Gila, Buckhorn-Duck Creek | M5: CG | O5: MON | P5: Misc. Outdoor Nursery Stock | Q5: 0.0030456764 | R5: 2 | S5: Sprinkler irrigated | T5: Permitted, GSF-1146-M into GSF-4380, 94.70 sqft | V5: 20 | X5: GSF-4380 | Y5: T15S | Z5: R18W | AA5: 24 | AB5: GR | AD5: 06/09/1961 | AF5: C&L: GSF-1146 | AJ5: 16.244796 | AK5: 12.325465
A6: 5 | B6: GSCG-00005 | C6: GSF | D6: GSCG | E6: MM | F6: <Null> | G6: 45869 | H6: 0.03 | I6: Arizona v California | J6: Gila River | K6: GR | L6: Cliff Gila, Buckhorn-Duck Creek | M6: CG | O6: MON | P6: Misc. Outdoor Nursery Stock | Q6: 0.029975985 | R6: 2 | S6: Sprinkler irrigated | T6: Permitted, GSF-1146-M into GSF-4380, 1,305.73 sqft | V6: 20 | X6: GSF-4380 | Y6: T15S | Z6: R18W | AA6: 24 | AB6: GR | AD6: 06/09/1961 | AF6: C&L: GSF-1146 | AJ6: 69.193154 | AK6: 121.30899
A7: 6 | B7: GSCG-00006 | C7: GSF | D7: GSCG | E7: MM | F7: <Null> | G7: 45869 | H7: 0.001 | I7: Arizona v California | J7: Gila River | K7: GR | L7: Cliff Gila, Buckhorn-Duck Creek | M7: CG | O7: MON | P7: Misc. Outdoor Nursery Stock | Q7: 0.0035711166 | R7: 2 | S7: Sprinkler irrigated | T7: Permitted, GSF-1146-M into GSF-4380. 155.23 sqft | V7: 20 | X7: GSF-4380 | Y7: T15S | Z7: R18W | AA7: 24 | AB7: GR | AD7: 06/09/1961 | AF7: C&L: GSF-1146 | AJ7: 15.327355 | AK7: 14.451854
A8: 7 | B8: GSCG-00007 | C8: GSF | D8: GSCG | E8: MM | F8: <Null> | G8: 45846 | H8: 0.4 | I8: Arizona v California | J8: Gila River | K8: GR | L8: Cliff Gila, Buckhorn-Duck Creek | M8: CG | N8: <Null> | O8: FA | P8: Fallow, idle or otherwise not irrigated | Q8: 0.036017974 | R8: 4 | S8: Not irrigated | T8: Permitted | U8: <Null> | V8: 12 | W8: <Null> | X8: GSF-3207 | Y8: T15S | Z8: R17W | AA8: 26 | AB8: GR | AC8: <Null> | AD8: 01/01/1897 | AF8: 276 | AJ8: 56.503796 | AK8: 145.76015
A9: 8 | B9: GSCG-00008 | C9: GSF | D9: GSCG | E9: MM | F9: <Null> | G9: 45846 | H9: 0.2 | I9: Arizona v California | J9: Gila River | K9: GR | L9: Cliff Gila, Buckhorn-Duck Creek | M9: CG | N9: <Null> | O9: FA | P9: Fallow, idle or otherwise not irrigated | Q9: 0.024374805 | R9: 4 | S9: Not irrigated | T9: Permitted | U9: <Null> | V9: 12 | W9: <Null> | X9: GSF-3207 | Y9: T15S | Z9: R17W | AA9: 26 | AB9: GR | AC9: <Null> | AD9: 01/01/1897 | AF9: 276 | AJ9: 42.003004 | AK9: 98.641732
A10: 9 | B10: GSCG-00009 | C10: GSF | D10: GSCG | E10: MM | F10: <Null> | G10: 45846 | H10: 0.11 | I10: Arizona v California | J10: Gila River | K10: GR | L10: Cliff Gila, Buckhorn-Duck Creek | M10: CG | N10: <Null> | O10: FA | P10: Fallow, idle or otherwise not irrigated | Q10: 0.27958647 | R10: 4 | S10: Not irrigated | T10: Permitted | U10: <Null> | V10: 12 | W10: <Null> | X10: GSF-3207 | Y10: T15S | Z10: R17W | AA10: 26 | AB10: GR | AC10: <Null> | AD10: 01/01/1897 | AF10: 276 | AJ10: 163.62628 | AK10: 1131.4508
A11: 10 | B11: GSCG-00012 | C11: GSF | D11: GSCG | E11: MM | F11: <Null> | G11: 45846 | H11: 2.4 | I11: Arizona v California | J11: Gila River | K11: GR | L11: Cliff Gila, Buckhorn-Duck Creek | M11: CG | O11: FA | P11: Fallow, idle or otherwise not irrigated | Q11: 3.0427458 | R11: 4 | S11: Not irrigated | T11: OSE File No. 0228, Watson-Howard Ditch "Walked in 6/23/2023" | V11: 18 | X11: 0228 | Y11: T14S | Z11: R16W | AA11: 30 | AB11: GR | AD11: 01/01/1897 | AF11: 300 | AJ11: 548.68157 | AK11: 12313.605
A12: 11 | B12: GSCG-00014 | C12: GSF | D12: GSCG | E12: MM | F12: <Null> | G12: 45846 | H12: 19.2 | I12: Arizona v California | J12: Gila River | K12: GR | L12: Cliff Gila, Buckhorn-Duck Creek | M12: CG | O12: FA | P12: Fallow, idle or otherwise not irrigated | Q12: 25.536133 | R12: 4 | S12: Not irrigated | T12: OSE File No. 0228, Watson-Howard Ditch "Walked in 6/23/2023" | V12: 18 | X12: 0228 | Y12: T14S | Z12: R17W | AA12: 25 | AB12: GR | AD12: 01/01/1897 | AF12: 294 | AJ12: 1652.4063 | AK12: 103341.48
A13: 12 | B13: GSCG-00015 | C13: GSF | D13: GSCG | E13: MM | F13: <Null> | G13: 45846 | H13: 0.5 | I13: Arizona v California | J13: Gila River | K13: GR | L13: Cliff Gila, Buckhorn-Duck Creek | M13: CG | O13: FA | P13: Fallow, idle or otherwise not irrigated | Q13: 0.65714797 | R13: 4 | S13: Not irrigated | T13: OSE File No. 0228, Howard Ditch "Walked in 6/23/2023" | V13: 18 | X13: 0228 | Y13: T14S | Z13: R16W | AA13: 30 | AB13: GR | AD13: 01/01/1897 | AF13: 300 | AJ13: 344.69372 | AK13: 2659.3941
A14: 13 | B14: GSCG-00016 | C14: GSF | D14: GSCG | E14: MM | F14: <Null> | G14: 45846 | H14: 4.2 | I14: Arizona v California | J14: Gila River | K14: GR | L14: Cliff Gila, Buckhorn-Duck Creek | M14: CG | O14: FA | P14: Fallow, idle or otherwise not irrigated | Q14: 5.4266853 | R14: 4 | S14: Not irrigated | T14: OSE File No. 0228, Howard Ditch "Walked in 6/23/2023" | V14: 18 | X14: 0228 | Y14: T14S | Z14: R16W | AA14: 30 | AB14: GR | AD14: 01/01/1897 | AF14: 300 | AJ14: 828.00786 | AK14: 21961.104
A15: 14 | B15: GSCG-00017 | C15: GSF | D15: GSCG | E15: MM | F15: <Null> | G15: 45846 | H15: 4 | I15: Arizona v California | J15: Gila River | K15: GR | L15: Cliff Gila, Buckhorn-Duck Creek | M15: CG | O15: FA | P15: Fallow, idle or otherwise not irrigated | Q15: 5.1356692 | R15: 4 | S15: Not irrigated | T15: OSE File No. 0228, Howard Ditch "Walked in 6/23/2023" | V15: 18 | X15: 0228 | Y15: T14S | Z15: R16W | AA15: 30 | AB15: GR | AD15: 01/01/1897 | AF15: 300 | AJ15: 1390.254 | AK15: 20783.399
A16: 15 | B16: GSCG-00018 | C16: GSF | D16: GSCG | E16: MM | F16: <Null> | G16: 45846 | H16: 2.5 | I16: Arizona v California | J16: Gila River | K16: GR | L16: Cliff Gila, Buckhorn-Duck Creek | M16: CG | O16: FA | P16: Fallow, idle or otherwise not irrigated | Q16: 3.304913 | R16: 4 | S16: Not irrigated | T16: OSE File No. 0228, Howard Ditch "Walked in 6/23/2023" | V16: 18 | X16: 0228 | Y16: T14S | Z16: R16W | AA16: 30 | AB16: GR | AD16: 01/01/1897 | AF16: 300 | AJ16: 1370.2881 | AK16: 13374.562
A17: 16 | B17: GSCG-00021 | C17: GSF | D17: GSCG | E17: MM | F17: <Null> | G17: 45846 | H17: 0.3 | I17: Arizona v California | J17: Gila River | K17: GR | L17: Cliff Gila, Buckhorn-Duck Creek | M17: CG | O17: FA | P17: Fallow, idle or otherwise not irrigated | Q17: 0.32083057 | R17: 4 | S17: Not irrigated | T17: OSE File No. 01523-A and 01523-B, Mogollon Creek Ditch "Walked in 6/23/2023" | V17: 18 | X17: 01523-A & 01523-B | Y17: T14S | Z17: R16W | AA17: 30 | AB17: GR | AD17: 1900 | AF17: 338 - 339 | AJ17: 203.50338 | AK17: 1298.3605
A18: 17 | B18: GSCG-00022 | C18: GSF | D18: GSCG | E18: MM | F18: <Null> | G18: 45846 | H18: 7.5 | I18: Arizona v California | J18: Gila River | K18: GR | L18: Cliff Gila, Buckhorn-Duck Creek | M18: CG | O18: FA | P18: Fallow, idle or otherwise not irrigated | Q18: 9.7692074 | R18: 4 | S18: Not irrigated | T18: OSE File No. 01523-A and 01523-B, Mogollon Creek Ditch "Walked in 6/23/2023" | V18: 18 | X18: 01523-A & 01523-B | Y18: T14S | Z18: R16W | AA18: 31 | AB18: GR | AD18: 1900 | AF18: 338 - 339 | AJ18: 1295.0319 | AK18: 39534.738
A19: 18 | B19: GSCG-00024 | C19: GSF | D19: GSCG | E19: MM | F19: <Null> | G19: 45847 | I19: Arizona v California | J19: Gila River | K19: GR | L19: Cliff Gila, Buckhorn-Duck Creek | M19: CG | O19: FA | P19: Fallow, idle or otherwise not irrigated | Q19: 0.86766204 | R19: 4 | S19: Not irrigated | T19: Stock Tank | V19: 24 | X19: Stock Tank | Y19: T14S | Z19: R18W | AA19: 28 | AB19: GR | AJ19: 293.37657 | AK19: 3511.3178
A20: 19 | B20: GSCG-00025 | C20: GSF | D20: GSCG | E20: MM | F20: <Null> | G20: 45846 | H20: 3.9 | I20: Arizona v California | J20: Gila River | K20: GR | L20: Cliff Gila, Buckhorn-Duck Creek | M20: CG | O20: FA | P20: Fallow, idle or otherwise not irrigated | Q20: 5.0530011 | R20: 4 | S20: Not irrigated | T20: OSE File No. 01523-A and 01523-B, Mogollon Creek Ditch "Walked in 6/23/2023" | V20: 18 | X20: 01523-A & 01523-B | Y20: T14S | Z20: R16W | AA20: 31 | AB20: GR | AD20: 1900 | AF20: 338 - 339 | AJ20: 694.24752 | AK20: 20448.852
A21: 20 | B21: GSCG-00026 | C21: GSF | D21: GSCG | E21: MM | F21: <Null> | G21: 45847 | H21: 0.6 | I21: Arizona v California | J21: Gila River | K21: GR | L21: Cliff Gila, Buckhorn-Duck Creek | M21: CG | O21: FA | P21: Fallow, idle or otherwise not irrigated | Q21: 0.52581166 | R21: 4 | S21: Not irrigated | T21: OSE File No. GSF-188 | V21: 24 | X21: GSF-188 | Y21: T14S | Z21: R18W | AA21: 33 | AB21: GR | AJ21: 217.9683 | AK21: 2127.8928
A22: 21 | B22: GSCG-00028 | C22: GSF | D22: GSCG | E22: MM | F22: <Null> | G22: 45847 | H22: 39.55 | I22: Arizona v California | J22: Gila River | K22: GR | L22: Cliff Gila, Buckhorn-Duck Creek | M22: CG | O22: FA | P22: Fallow, idle or otherwise not irrigated | Q22: 35.494901 | R22: 4 | S22: Not irrigated | T22: OSE File No. GSF-47 | V22: 24 | X22: GSF-47 | Y22: T14S | Z22: R18W | AA22: 33 | AB22: GR | AD22: 1941 | AF22: 186 | AJ22: 3091.89 | AK22: 143643.34
A23: 22 | B23: GSCG-00031 | C23: GSF | D23: GSCG | E23: MM | F23: <Null> | G23: 45847 | H23: 1.9 | I23: Arizona v California | J23: Gila River | K23: GR | L23: Cliff Gila, Buckhorn-Duck Creek | M23: CG | O23: FA | P23: Fallow, idle or otherwise not irrigated | Q23: 1.7837423 | R23: 4 | S23: Not irrigated | T23: OSE File No. GSF-47 | V23: 24 | X23: GSF-47 | Y23: T14S | Z23: R18W | AA23: 33 | AB23: GR | AD23: 1941 | AF23: 186 | AJ23: 348.12366 | AK23: 7218.5777
A24: 23 | B24: GSCG-00032 | C24: GSF | D24: GSCG | E24: MM | F24: <Null> | G24: 45847 | H24: 1.6 | I24: Arizona v California | J24: Gila River | K24: GR | L24: Cliff Gila, Buckhorn-Duck Creek | M24: CG | O24: PIC | P24: Pasture (Improved/Planted, Cool Grass) | Q24: 5.1244467 | R24: 1 | S24: Flood irrigated | T24: OSE File No. GSF-59 | V24: 24 | X24: GSF-59 | Y24: T14S | Z24: R18W | AA24: 33 | AB24: GR | AD24: 1951 | AF24: 99 | AJ24: 575.01713 | AK24: 20737.983
A25: 24 | B25: GSCG-00033 | C25: GSF | D25: GSCG | E25: MM | F25: <Null> | G25: 45847 | H25: 0.2 | I25: Arizona v California | J25: Gila River | K25: GR | L25: Cliff Gila, Buckhorn-Duck Creek | M25: CG | O25: RD | P25: Reservoir Dry | Q25: 0.17020365 | S25: <Null> | V25: 24 | X25: GSF-59 | Y25: T14S | Z25: R18W | AA25: 33 | AB25: GR | AD25: 1951 | AF25: 99 | AJ25: 96.278201 | AK25: 688.79251
A26: 25 | B26: GSCG-00037 | C26: GSF | D26: GSCG | E26: MM | F26: <Null> | G26: 45847 | H26: 0.1 | I26: Arizona v California | J26: Gila River | K26: GR | L26: Cliff Gila, Buckhorn-Duck Creek | M26: CG | O26: RD | P26: Reservoir Dry | Q26: 0.14001578 | S26: <Null> | T26: Reservoir | V26: 24 | X26: GSF-47 | Y26: T14S | Z26: R18W | AA26: 33 | AB26: GR | AD26: 1941 | AF26: 186 | AJ26: 93.654056 | AK26: 566.62603
A27: 26 | B27: GSCG-00043 | C27: GSF | D27: GSCG | E27: MM | F27: <Null> | G27: 45847 | H27: 0.4 | I27: Arizona v California | J27: Gila River | K27: GR | L27: Cliff Gila, Buckhorn-Duck Creek | M27: CG | O27: MON | P27: Misc. Outdoor Nursery Stock | Q27: 0.24576532 | R27: 3 | S27: Drip irrigated | T27: OSE File No. GSF-335 | V27: 24 | X27: GSF-335 | Y27: T14S | Z27: R18W | AA27: 33 | AB27: GR | AJ27: 183.81459 | AK27: 994.58094
A28: 27 | B28: GSCG-00050 | C28: GSF | D28: GSCG | E28: MM | F28: <Null> | G28: 45846 | H28: 6.4 | I28: Arizona v California | J28: Gila River | K28: GR | L28: Cliff Gila, Buckhorn-Duck Creek | M28: CG | O28: FA | P28: Fallow, idle or otherwise not irrigated | Q28: 8.2153601 | R28: 4 | S28: Not irrigated | T28: OSE File No. 0229 and 0230, Powell Ditch, 1/2 Duty | V28: 17 | X28: 0229 & 0230 | Y28: T14S | Z28: R16W | AA28: 31 | AB28: GR | AD28: 01/01/1897 | AF28: 257 | AJ28: 765.82106 | AK28: 33246.516
A29: 28 | B29: GSCG-00053 | C29: GSF | D29: GSCG | E29: MM | F29: <Null> | G29: 45847 | I29: Arizona v California | J29: Gila River | K29: GR | L29: Cliff Gila, Buckhorn-Duck Creek | M29: CG | O29: FA | P29: Fallow, idle or otherwise not irrigated | Q29: 5.6398311 | R29: 4 | S29: Not irrigated | V29: 24 | Y29: T14S | Z29: R18W | AA29: 33 | AB29: GR | AJ29: 766.16153 | AK29: 22823.678
A30: 29 | B30: GSCG-00056 | C30: GSF | D30: GSCG | E30: MM | F30: <Null> | G30: 45847 | H30: 1 | I30: Arizona v California | J30: Gila River | K30: GR | L30: Cliff Gila, Buckhorn-Duck Creek | M30: CG | O30: FA | P30: Fallow, idle or otherwise not irrigated | Q30: 0.94358213 | R30: 4 | S30: Not irrigated | T30: OSE File No. GSF-214 | V30: 24 | X30: GSF-214 | Y30: T14S | Z30: R18W | AA30: 33 | AB30: GR | AJ30: 257.46338 | AK30: 3818.5567
A31: 30 | B31: GSCG-00057 | C31: GSF | D31: GSCG | E31: MM | F31: <Null> | G31: 45846 | H31: 5.1 | I31: Arizona v California | J31: Gila River | K31: GR | L31: Cliff Gila, Buckhorn-Duck Creek | M31: CG | O31: FA | P31: Fallow, idle or otherwise not irrigated | Q31: 6.6186053 | R31: 4 | S31: Not irrigated | T31: OSE File No. 0229 and 0230, Powell Ditch, 1/2 Duty | V31: 17 | X31: 0229 & 0230 | Y31: T15S | Z31: R16W | AA31: 6 | AB31: GR | AD31: 01/01/1897 | AF31: 257 | AJ31: 665.53814 | AK31: 26784.653
A32: 31 | B32: GSCG-00059 | C32: GSF | D32: GSCG | E32: MM | F32: <Null> | G32: 45847 | I32: Arizona v California | J32: Gila River | K32: GR | L32: Cliff Gila, Buckhorn-Duck Creek | M32: CG | O32: OUT | P32: Out Areas | Q32: 0.68329814 | S32: <Null> | T32: Out Area | V32: 24 | X32: Out Area | Y32: T14S | Z32: R18W | AA32: 33 | AB32: GR | AJ32: 218.32425 | AK32: 2765.2205
A33: 32 | B33: GSCG-00060 | C33: GSF | D33: GSCG | E33: MM | F33: <Null> | G33: 45846 | H33: 3.7 | I33: Arizona v California | J33: Gila River | K33: GR | L33: Cliff Gila, Buckhorn-Duck Creek | M33: CG | O33: FA | P33: Fallow, idle or otherwise not irrigated | Q33: 4.7653082 | R33: 4 | S33: Not irrigated | T33: OSE File No. 0229 and 0230, Powell Ditch, 1/2 Duty | V33: 17 | X33: 0229 & 0230 | Y33: T15S | Z33: R16W | AA33: 6 | AB33: GR | AD33: 01/01/1897 | AF33: 257 | AJ33: 592.0796 | AK33: 19284.595
A34: 33 | B34: GSCG-00061 | C34: GSF | D34: GSCG | E34: MM | F34: <Null> | G34: 45847 | H34: 0.1 | I34: Arizona v California | J34: Gila River | K34: GR | L34: Cliff Gila, Buckhorn-Duck Creek | M34: CG | O34: FA | P34: Fallow, idle or otherwise not irrigated | Q34: 0.050352509 | R34: 4 | S34: Not irrigated | T34: OSE File No. GSF-125 | V34: 24 | X34: GSF-125 | Y34: T14S | Z34: R18W | AA34: 33 | AB34: GR | AJ34: 55.624825 | AK34: 203.77019
A35: 34 | B35: GSCG-00062 | C35: GSF | D35: GSCG | E35: MM | F35: <Null> | G35: 45846 | H35: 3.3 | I35: Arizona v California | J35: Gila River | K35: GR | L35: Cliff Gila, Buckhorn-Duck Creek | M35: CG | O35: FA | P35: Fallow, idle or otherwise not irrigated | Q35: 4.1797468 | R35: 4 | S35: Not irrigated | T35: OSE File No. 0229 and 0230, Powell Ditch, 1/2 Duty | V35: 17 | X35: 0229 & 0230 | Y35: T15S | Z35: R16W | AA35: 6 | AB35: GR | AD35: 01/01/1897 | AF35: 257 | AJ35: 718.45036 | AK35: 16914.903
A36: 36 | B36: GSCG-00070 | C36: GSF | D36: GSCG | E36: MM | F36: <Null> | G36: 45847 | H36: 1.4 | I36: Arizona v California | J36: Gila River | K36: GR | L36: Cliff Gila, Buckhorn-Duck Creek | M36: CG | O36: FA | P36: Fallow, idle or otherwise not irrigated | Q36: 1.3326672 | R36: 4 | S36: Not irrigated | T36: OSE File No. GSF-161 | V36: 23 | X36: GSF-161 | Y36: T15S | Z36: R18W | AA36: 4 | AB36: GR | AD36: 1957 | AF36: 345 | AJ36: 335.02385 | AK36: 5393.1344
A37: 37 | B37: GSCG-00071 | C37: GSF | D37: GSCG | E37: MM | F37: <Null> | G37: 45847 | H37: 3.5 | I37: Arizona v California | J37: Gila River | K37: GR | L37: Cliff Gila, Buckhorn-Duck Creek | M37: CG | O37: FA | P37: Fallow, idle or otherwise not irrigated | Q37: 2.5899614 | R37: 4 | S37: Not irrigated | T37: OSE File No. GSF-161-A | V37: 23 | X37: GSF-161-A | Y37: T15S | Z37: R18W | AA37: 4 | AB37: GR | AJ37: 550.47416 | AK37: 10481.244
A38: 38 | B38: GSCG-00076 | C38: GSF | D38: GSCG | E38: MM | F38: <Null> | G38: 45869 | H38: 3.8 | I38: Arizona v California | J38: Gila River | K38: GR | L38: Cliff Gila, Buckhorn-Duck Creek | M38: CG | O38: OUT | P38: Out Areas | Q38: 2.500413 | S38: <Null> | T38: No Right | V38: 23 | X38: GSF-51 & GSF-52 | Y38: T15S | Z38: R18W | AA38: 3 | AB38: GR | AF38: 257 | AJ38: 443.39077 | AK38: 10118.853
A39: 39 | B39: GSCG-00077 | C39: GSF | D39: GSCG | E39: MM | F39: <Null> | G39: 45846 | H39: 0.5 | I39: Arizona v California | J39: Gila River | K39: GR | L39: Cliff Gila, Buckhorn-Duck Creek | M39: CG | O39: ONG | P39: Orchard (no ground cover) | Q39: 0.69188661 | R39: 3 | S39: Drip irrigated | T39: Watered form domestic well | V39: 17 | X39: GSF-1930 | Y39: T15S | Z39: R16W | AA39: 6 | AB39: GR | AD39: 1907 | AJ39: 215.18765 | AK39: 2799.977
A40: 40 | B40: GSCG-00078 | C40: GSF | D40: GSCG | E40: MM | F40: <Null> | G40: 45847 | H40: 0.5 | I40: Arizona v California | J40: Gila River | K40: GR | L40: Cliff Gila, Buckhorn-Duck Creek | M40: CG | O40: FA | P40: Fallow, idle or otherwise not irrigated | Q40: 0.40488685 | R40: 4 | S40: Not irrigated | T40: OSE File No. GSF-81 | V40: 23 | X40: GSF-81 | Y40: T15S | Z40: R18W | AA40: 4 | AB40: GR | AJ40: 187.86668 | AK40: 1638.5255
A41: 41 | B41: GSCG-00079 | C41: GSF | D41: GSCG | E41: MM | F41: <Null> | G41: 45847 | H41: 0.3 | I41: Arizona v California | J41: Gila River | K41: GR | L41: Cliff Gila, Buckhorn-Duck Creek | M41: CG | O41: FA | P41: Fallow, idle or otherwise not irrigated | Q41: 0.32498555 | R41: 4 | S41: Not irrigated | T41: OSE File No. GSF-161-A | V41: 23 | X41: GSF-161-A | Y41: T15S | Z41: R18W | AA41: 4 | AB41: GR | AJ41: 146.41703 | AK41: 1315.1751
A42: 42 | B42: GSCG-00080 | C42: GSF | D42: GSCG | E42: MM | F42: <Null> | G42: 45847 | H42: 0.1 | I42: Arizona v California | J42: Gila River | K42: GR | L42: Cliff Gila, Buckhorn-Duck Creek | M42: CG | O42: FA | P42: Fallow, idle or otherwise not irrigated | Q42: 0.014080602 | R42: 4 | S42: Not irrigated | T42: OSE File No. GSF-81 | V42: 23 | X42: GSF-81 | Y42: T15S | Z42: R18W | AA42: 4 | AB42: GR | AJ42: 30.981892 | AK42: 56.982402
A43: 43 | B43: GSCG-00082 | C43: GSF | D43: GSCG | E43: MM | F43: <Null> | G43: 45846 | H43: 1.7 | I43: Arizona v California | J43: Gila River | K43: GR | L43: Cliff Gila, Buckhorn-Duck Creek | M43: CG | O43: PEI | P43: Pecans ISC | Q43: 1.6945345 | R43: 3 | S43: Drip irrigated | T43: Watered form domestic well | V43: 17 | X43: GSF-1930 | Y43: T15S | Z43: R16W | AA43: 6 | AB43: GR | AJ43: 327.42977 | AK43: 6857.5653
A44: 44 | B44: GSCG-00084 | C44: GSF | D44: GSCG | E44: MM | F44: <Null> | G44: 45846 | H44: 0.5 | I44: Arizona v California | J44: Gila River | K44: GR | L44: Cliff Gila, Buckhorn-Duck Creek | M44: CG | O44: PEI | P44: Pecans ISC | Q44: 0.50987398 | R44: 3 | S44: Drip irrigated | T44: Watered form domestic well | V44: 17 | X44: GSF-4392 | Y44: T15S | Z44: R16W | AA44: 6 | AB44: GR | AJ44: 241.40276 | AK44: 2063.3951
A45: 45 | B45: GSCG-00088 | C45: GSF | D45: GSCG | E45: MM | F45: <Null> | G45: 45845 | H45: 10.5 | I45: Arizona v California | J45: Gila River | K45: GR | L45: Cliff Gila, Buckhorn-Duck Creek | M45: CG | N45: Fort West Ditch | O45: FA | P45: Fallow, idle or otherwise not irrigated | Q45: 9.3299719 | R45: 4 | S45: Not irrigated | T45: 0233, Maldonado Ditch 1/2 Duty | V45: 16 | X45: 0233 | Y45: T15S | Z45: R16W | AA45: 6 | AB45: GR | AD45: 1907 | AF45: 294 | AJ45: 1152.2688 | AK45: 37757.208
A46: 46 | B46: GSCG-00089 | C46: GSF | D46: GSCG | E46: MM | F46: <Null> | G46: 45869 | H46: 7 | I46: Arizona v California | J46: Gila River | K46: GR | L46: Cliff Gila, Buckhorn-Duck Creek | M46: CG | O46: FA | P46: Fallow, idle or otherwise not irrigated | Q46: 4.6543379 | R46: 4 | S46: Not irrigated | T46: OSE File No. GSF-71 | V46: 23 | X46: GSF-71 | Y46: T15S | Z46: R18W | AA46: 3 | AB46: GR | AJ46: 597.62719 | AK46: 18835.513
A47: 47 | B47: GSCG-00090 | C47: GSF | D47: GSCG | E47: MM | F47: <Null> | G47: 45869 | H47: 1.5 | I47: Arizona v California | J47: Gila River | K47: GR | L47: Cliff Gila, Buckhorn-Duck Creek | M47: CG | O47: FA | P47: Fallow, idle or otherwise not irrigated | Q47: 1.4538601 | R47: 4 | S47: Not irrigated | T47: OSE File No. GSF-70-B-B | V47: 23 | X47: GSF-70-B-B | Y47: T15S | Z47: R18W | AA47: 3 | AB47: GR | AJ47: 366.49635 | AK47: 5883.5867
A48: 48 | B48: GSCG-00091 | C48: GSF | D48: GSCG | E48: MM | F48: <Null> | G48: 45846 | H48: 1.2 | I48: Arizona v California | J48: Gila River | K48: GR | L48: Cliff Gila, Buckhorn-Duck Creek | M48: CG | N48: Upper Gila Ditch | O48: FA | P48: Fallow, idle or otherwise not irrigated | Q48: 0.81925716 | R48: 4 | S48: Not irrigated | T48: OSE File No. 0231, Upper Gila Ditch and GSF 5; lost to river | V48: 16 | X48: 0231 & GSF-5 | Y48: T15S | Z48: R16W | AA48: 6 | AB48: GR | AD48: 01/01/1897 | AF48: 338 - 339 | AJ48: 396.53375 | AK48: 3315.4294
A49: 49 | B49: GSCG-00092 | C49: GSF | D49: GSCG | E49: MM | F49: <Null> | G49: 45846 | H49: 0.4 | I49: Arizona v California | J49: Gila River | K49: GR | L49: Cliff Gila, Buckhorn-Duck Creek | M49: CG | N49: Upper Gila Ditch | O49: FA | P49: Fallow, idle or otherwise not irrigated | Q49: 0.36451206 | R49: 4 | S49: Not irrigated | T49: OSE File No. 0231, Upper Gila Ditch and GSF 5; lost to river | V49: 16 | X49: 0231 & GSF-5 | Y49: T15S | Z49: R17W | AA49: 1 | AB49: GR | AD49: 01/01/1897 | AF49: 338 - 339 | AJ49: 189.61769 | AK49: 1475.1339
A50: 50 | B50: GSCG-00093 | C50: GSF | D50: GSCG | E50: MM | F50: <Null> | G50: 45869 | I50: Arizona v California | J50: Gila River | K50: GR | L50: Cliff Gila, Buckhorn-Duck Creek | M50: CG | O50: OUT | P50: Out Areas | Q50: 2.1596096 | S50: <Null> | T50: No Right | V50: 23 | X50: No Right | Y50: T15S | Z50: R18W | AA50: 3 | AB50: GR | AE50: 1.6 | AF50: 257 | AJ50: 630.53804 | AK50: 8739.665
A51: 51 | B51: GSCG-00094 | C51: GSF | D51: GSCG | E51: MM | F51: <Null> | G51: 45869 | H51: 1.5 | I51: Arizona v California | J51: Gila River | K51: GR | L51: Cliff Gila, Buckhorn-Duck Creek | M51: CG | O51: FA | P51: Fallow, idle or otherwise not irrigated | Q51: 0.58995108 | R51: 4 | S51: Not irrigated | T51: OSE File No. GSF-70-D | V51: 23 | X51: GSF-70-D | Y51: T15S | Z51: R18W | AA51: 2 | AB51: GR | AJ51: 197.42309 | AK51: 2387.4569
A52: 52 | B52: GSCG-00096 | C52: GSF | D52: GSCG | E52: MM | F52: <Null> | G52: 45846 | H52: 0.5 | I52: Arizona v California | J52: Gila River | K52: GR | L52: Cliff Gila, Buckhorn-Duck Creek | M52: CG | N52: Upper Gila Ditch | O52: PIW | P52: Pasture (improved/Planted, Warm Grass) | Q52: 0.47663476 | R52: 1 | S52: Flood irrigated | T52: OSE File No. 0231, Upper Gila Ditch and GSF 5; lost to river | V52: 16 | X52: 0231 & GSF-5 | Y52: T15S | Z52: R17W | AA52: 1 | AB52: GR | AD52: 01/01/1897 | AF52: 338 - 339 | AJ52: 205.97673 | AK52: 1928.8801
A53: 53 | B53: GSCG-00097 | C53: GSF | D53: GSCG | E53: MM | F53: <Null> | G53: 45846 | H53: 0.1 | I53: Arizona v California | J53: Gila River | K53: GR | L53: Cliff Gila, Buckhorn-Duck Creek | M53: CG | N53: Upper Gila Ditch | O53: FA | P53: Fallow, idle or otherwise not irrigated | Q53: 0.11568258 | R53: 4 | S53: Not irrigated | T53: OSE File No. 0231, Upper Gila Ditch and GSF 5 | V53: 16 | X53: 0231 & GSF-5 | Y53: T15S | Z53: R17W | AA53: 1 | AB53: GR | AD53: 01/01/1897 | AF53: 338 - 339 | AJ53: 89.7795 | AK53: 468.15265
A54: 54 | B54: GSCG-00098 | C54: GSF | D54: GSCG | E54: MM | F54: <Null> | G54: 45869 | H54: 0.7 | I54: Arizona v California | J54: Gila River | K54: GR | L54: Cliff Gila, Buckhorn-Duck Creek | M54: CG | O54: PN | P54: Pasture (Native) | Q54: 2.2921653 | R54: 2 | S54: Sprinkler irrigated | T54: OSE File No. GSF-60 | V54: 23 | X54: GSF-60 | Y54: T15S | Z54: R18W | AA54: 3 | AB54: GR | AD54: 1950 | AF54: 226 | AJ54: 501.90168 | AK54: 9276.101
A55: 56 | B55: GSCG-00101 | C55: GSF | D55: GSCG | E55: MM | F55: <Null> | G55: 45869 | H55: 9.3 | I55: Arizona v California | J55: Gila River | K55: GR | L55: Cliff Gila, Buckhorn-Duck Creek | M55: CG | O55: FA | P55: Fallow, idle or otherwise not irrigated | Q55: 42.502045 | R55: 4 | S55: Not irrigated | T55: OSE File No. GSF-60 | V55: 23 | X55: GSF-60 | Y55: T15S | Z55: R18W | AA55: 3 | AB55: GR | AD55: 1950 | AF55: 226 | AJ55: 1862.8057 | AK55: 172000.36
A56: 57 | B56: GSCG-00102 | C56: GSF | D56: GSCG | E56: MM | F56: <Null> | G56: 45846 | H56: 2.3 | I56: Arizona v California | J56: Gila River | K56: GR | L56: Cliff Gila, Buckhorn-Duck Creek | M56: CG | N56: Upper Gila Ditch | O56: PIW | P56: Pasture (improved/Planted, Warm Grass) | Q56: 1.9356768 | R56: 1 | S56: Flood irrigated | T56: OSE File No. 0231, Upper Gila Ditch and GSF 5 | V56: 16 | X56: 0231 & GSF-5 | Y56: T15S | Z56: R17W | AA56: 1 | AB56: GR | AD56: 01/01/1897 | AF56: 338 - 339 | AJ56: 364.19212 | AK56: 7833.4376
A57: 58 | B57: GSCG-00103 | C57: GSF | D57: GSCG | E57: MM | F57: <Null> | G57: 45846 | H57: 0.5 | I57: Arizona v California | J57: Gila River | K57: GR | L57: Cliff Gila, Buckhorn-Duck Creek | M57: CG | N57: Upper Gila Ditch | O57: PIW | P57: Pasture (improved/Planted, Warm Grass) | Q57: 0.94938652 | R57: 1 | S57: Flood irrigated | T57: OSE File No. 0231, Upper Gila Ditch and GSF 5 | V57: 16 | X57: 0231 & GSF-5 | Y57: T15S | Z57: R17W | AA57: 1 | AB57: GR | AD57: 01/01/1897 | AF57: 338 - 339 | AJ57: 268.55219 | AK57: 3842.0463
A58: 59 | B58: GSCG-00105 | C58: GSF | D58: GSCG | E58: MM | F58: <Null> | G58: 45846 | I58: Arizona v California | J58: Gila River | K58: GR | L58: Cliff Gila, Buckhorn-Duck Creek | M58: CG | O58: FA | P58: Fallow, idle or otherwise not irrigated | Q58: 2.280291 | R58: 4 | S58: Not irrigated | T58: No Right; lost to river | V58: 16 | X58: No Right | Y58: T15S | Z58: R17W | AA58: 1 | AB58: GR | AE58: 2.6 | AF58: 338 - 339 | AJ58: 466.2714 | AK58: 9228.0471
A59: 60 | B59: GSCG-00106 | C59: GSF | D59: GSCG | E59: MM | F59: <Null> | G59: 45869 | I59: Arizona v California | J59: Gila River | K59: GR | L59: Cliff Gila, Buckhorn-Duck Creek | M59: CG | O59: TW | P59: Turfgrass (Warm Season) | Q59: 0.66790099 | R59: 2 | S59: Sprinkler irrigated | V59: 23 | X59: Out Area | Y59: T15S | Z59: R18W | AA59: 3 | AB59: GR | AJ59: 383.84788 | AK59: 2702.9102
A60: 61 | B60: GSCG-00107 | C60: GSF | D60: GSCG | E60: MM | F60: <Null> | G60: 45846 | I60: Arizona v California | J60: Gila River | K60: GR | L60: Cliff Gila, Buckhorn-Duck Creek | M60: CG | O60: FA | P60: Fallow, idle or otherwise not irrigated | Q60: 0.63535297 | R60: 4 | S60: Not irrigated | T60: No Right ; lost to river | V60: 16 | X60: No Right | Y60: T15S | Z60: R16W | AA60: 6 | AB60: GR | AE60: 0.7 | AF60: 338 - 339 | AJ60: 223.00271 | AK60: 2571.1925
A61: 62 | B61: GSCG-00108 | C61: GSF | D61: GSCG | E61: MM | F61: <Null> | G61: 45847 | H61: 2.3 | I61: Arizona v California | J61: Gila River | K61: GR | L61: Cliff Gila, Buckhorn-Duck Creek | M61: CG | O61: FA | P61: Fallow, idle or otherwise not irrigated | Q61: 2.3873874 | R61: 4 | S61: Not irrigated | T61: OSE File No. GSF-60 | V61: 23 | X61: GSF-60 | Y61: T15S | Z61: R18W | AA61: 3 | AB61: GR | AD61: 1950 | AF61: 226 | AJ61: 422.3424 | AK61: 9661.4526
A62: 64 | B62: GSCG-00110 | C62: GSF | D62: GSCG | E62: MM | F62: <Null> | G62: 45846 | H62: 4.2 | I62: Arizona v California | J62: Gila River | K62: GR | L62: Cliff Gila, Buckhorn-Duck Creek | M62: CG | N62: Upper Gila Ditch | O62: PIW | P62: Pasture (improved/Planted, Warm Grass) | Q62: 4.1020953 | R62: 1 | S62: Flood irrigated | T62: OSE File No. 0231, Upper Gila Ditch and GSF 5 | V62: 16 | X62: 0231 & GSF-5 | Y62: T15S | Z62: R17W | AA62: 12 | AB62: GR | AD62: 01/01/1897 | AF62: 338 - 339 | AJ62: 558.46083 | AK62: 16600.657
A63: 65 | B63: GSCG-00111 | C63: GSF | D63: GSCG | E63: MM | F63: <Null> | G63: 45846 | I63: Arizona v California | J63: Gila River | K63: GR | L63: Cliff Gila, Buckhorn-Duck Creek | M63: CG | O63: FA | P63: Fallow, idle or otherwise not irrigated | Q63: 11.419657 | R63: 4 | S63: Not irrigated | T63: No Right; lost to river | V63: 16 | X63: No Right | Y63: T15S | Z63: R17W | AA63: 12 | AB63: GR | AE63: 12.2 | AF63: 338 - 339 | AJ63: 972.92881 | AK63: 46213.898
A64: 66 | B64: GSCG-00112 | C64: GSF | D64: GSCG | E64: MM | F64: <Null> | G64: 45846 | I64: Arizona v California | J64: Gila River | K64: GR | L64: Cliff Gila, Buckhorn-Duck Creek | M64: CG | O64: FA | P64: Fallow, idle or otherwise not irrigated | Q64: 0.19525251 | R64: 4 | S64: Not irrigated | T64: No Right; lost to river | V64: 16 | X64: No Right | Y64: T15S | Z64: R16W | AA64: 7 | AB64: GR | AE64: 0.2 | AF64: 338 - 339 | AJ64: 149.90565 | AK64: 790.16205
A65: 67 | B65: GSCG-00114 | C65: GSF | D65: GSCG | E65: MM | F65: <Null> | G65: 45869 | H65: 0.3 | I65: Arizona v California | J65: Gila River | K65: GR | L65: Cliff Gila, Buckhorn-Duck Creek | M65: CG | O65: FA | P65: Fallow, idle or otherwise not irrigated | Q65: 0.42929102 | R65: 4 | S65: Not irrigated | T65: Old Reservoir | V65: 23 | X65: GSF-60 | Y65: T15S | Z65: R18W | AA65: 3 | AB65: GR | AD65: 1950 | AF65: 226 | AJ65: 184.64798 | AK65: 1737.2861
A66: 68 | B66: GSCG-00116 | C66: GSF | D66: GSCG | E66: MM | F66: <Null> | G66: 45869 | H66: 0.3 | I66: Arizona v California | J66: Gila River | K66: GR | L66: Cliff Gila, Buckhorn-Duck Creek | M66: CG | O66: MON | P66: Misc. Outdoor Nursery Stock | Q66: 0.23864133 | R66: 2 | S66: Sprinkler irrigated | T66: Watered from domestic well | V66: 23 | X66: GSF- | Y66: T15S | Z66: R18W | AA66: 3 | AB66: GR | AJ66: 138.43969 | AK66: 965.75107
A67: 69 | B67: GSCG-00117 | C67: GSF | D67: GSCG | E67: MM | F67: <Null> | G67: 45869 | H67: 0.1 | I67: Arizona v California | J67: Gila River | K67: GR | L67: Cliff Gila, Buckhorn-Duck Creek | M67: CG | O67: FA | P67: Fallow, idle or otherwise not irrigated | Q67: 0.050637413 | R67: 4 | S67: Not irrigated | T67: Watered from domestic well | V67: 23 | X67: GSF- | Y67: T15S | Z67: R18W | AA67: 3 | AB67: GR | AJ67: 68.506839 | AK67: 204.92316
A68: 70 | B68: GSCG-00118 | C68: GSF | D68: GSCG | E68: MM | F68: <Null> | G68: 45846 | I68: Arizona v California | J68: Gila River | K68: GR | L68: Cliff Gila, Buckhorn-Duck Creek | M68: CG | O68: FA | P68: Fallow, idle or otherwise not irrigated | Q68: 0.63990018 | R68: 4 | S68: Not irrigated | T68: No Right | V68: 16 | X68: No Right | Y68: T15S | Z68: R17W | AA68: 12 | AB68: GR | AE68: 0.7 | AF68: 257 | AJ68: 223.4873 | AK68: 2589.5945
A69: 71 | B69: GSCG-00119 | C69: GSF | D69: GSCG | E69: MM | F69: <Null> | G69: 45846 | H69: 0.5 | I69: Arizona v California | J69: Gila River | K69: GR | L69: Cliff Gila, Buckhorn-Duck Creek | M69: CG | N69: Upper Gila Ditch | O69: STD | P69: Stock Rank, Dry | Q69: 0.46681971 | S69: <Null> | T69: OSE File No. 0231, Upper Gila Ditch and GSF 5, | V69: 16 | X69: 0231 & GSF-5 | Y69: T15S | Z69: R17W | AA69: 12 | AB69: GR | AD69: 01/01/1897 | AF69: 257 | AJ69: 171.12434 | AK69: 1889.1599
A70: 72 | B70: GSCG-00120 | C70: GSF | D70: GSCG | E70: MM | F70: <Null> | G70: 45869 | I70: Arizona v California | J70: Gila River | K70: GR | L70: Cliff Gila, Buckhorn-Duck Creek | M70: CG | O70: FA | P70: Fallow, idle or otherwise not irrigated | Q70: 2.333167 | R70: 4 | S70: Not irrigated | V70: 22 | X70: No Right | Y70: T15S | Z70: R18W | AA70: 11 | AB70: GR | AE70: 2.3 | AJ70: 452.26271 | AK70: 9442.0296
A71: 73 | B71: GSCG-00123 | C71: GSF | D71: GSCG | E71: MM | F71: <Null> | G71: 45846 | H71: 6.1 | I71: Arizona v California | J71: Gila River | K71: GR | L71: Cliff Gila, Buckhorn-Duck Creek | M71: CG | N71: Upper Gila Ditch | O71: FA | P71: Fallow, idle or otherwise not irrigated | Q71: 9.3285038 | R71: 4 | S71: Not irrigated | T71: OSE File No. 0231, Upper Gila Ditch and GSF 5; lost to river | V71: 16 | X71: 0231 & GSF-5 | Y71: T15S | Z71: R17W | AA71: 12 | AB71: GR | AD71: 01/01/1897 | AF71: 257 | AJ71: 907.2957 | AK71: 37751.266
A72: 74 | B72: GSCG-00124 | C72: GSF | D72: GSCG | E72: MM | F72: <Null> | G72: 45846 | H72: 0.2 | I72: Arizona v California | J72: Gila River | K72: GR | L72: Cliff Gila, Buckhorn-Duck Creek | M72: CG | N72: Upper Gila Ditch | O72: FA | P72: Fallow, idle or otherwise not irrigated | Q72: 0.15115475 | R72: 4 | S72: Not irrigated | T72: OSE File No. 0231, Upper Gila Ditch and GSF 5 | V72: 16 | X72: 0231 & GSF-5 | Y72: T15S | Z72: R17W | AA72: 12 | AB72: GR | AD72: 01/01/1897 | AF72: 257 | AJ72: 152.44298 | AK72: 611.70403
A73: 75 | B73: GSCG-00125 | C73: GSF | D73: GSCG | E73: MM | F73: <Null> | G73: 45845 | H73: 2.9 | I73: Arizona v California | J73: Gila River | K73: GR | L73: Cliff Gila, Buckhorn-Duck Creek | M73: CG | O73: FA | P73: Fallow, idle or otherwise not irrigated | Q73: 3.1656172 | R73: 4 | S73: Not irrigated | T73: OSE File No. 0233, Maldonado Ditch | V73: 15 | X73: 0233 | Y73: T15S | Z73: R17W | AA73: 12 | AB73: GR | AD73: 04/01/1899 | AF73: 257 | AJ73: 637.6635 | AK73: 12810.85
A74: 76 | B74: GSCG-00126 | C74: GSF | D74: GSCG | E74: MM | F74: <Null> | G74: 45845 | H74: 2.3 | I74: Arizona v California | J74: Gila River | K74: GR | L74: Cliff Gila, Buckhorn-Duck Creek | M74: CG | O74: FA | P74: Fallow, idle or otherwise not irrigated | Q74: 2.2416853 | R74: 4 | S74: Not irrigated | T74: OSE File No. 0233, Maldonado Ditch | V74: 15 | X74: 0233 | Y74: T15S | Z74: R17W | AA74: 12 | AB74: GR | AD74: 04/01/1899 | AF74: 257 | AJ74: 492.30738 | AK74: 9071.8147
A75: 77 | B75: GSCG-00130 | C75: GSF | D75: GSCG | E75: MM | F75: <Null> | G75: 45869 | I75: Arizona v California | J75: Gila River | K75: GR | L75: Cliff Gila, Buckhorn-Duck Creek | M75: CG | O75: FA | P75: Fallow, idle or otherwise not irrigated | Q75: 16.432324 | R75: 4 | S75: Not irrigated | V75: 22 | X75: No Right | Y75: T15S | Z75: R18W | AA75: 11 | AB75: GR | AE75: 15.7 | AJ75: 1083.0682 | AK75: 66499.523
A76: 78 | B76: GSCG-00134 | C76: GSF | D76: GSCG | E76: MM | F76: <Null> | G76: 45846 | H76: 3.2 | I76: Arizona v California | J76: Gila River | K76: GR | L76: Cliff Gila, Buckhorn-Duck Creek | M76: CG | N76: Upper Gila Ditch | O76: FA | P76: Fallow, idle or otherwise not irrigated | Q76: 1.3452798 | R76: 4 | S76: Not irrigated | T76: OSE File No. 0231, Upper Gila Ditch and GSF-5 and GSF-44 and GSF-45 | V76: 15 | X76: 0231 & GSF-5 & GSF-44 & GSF-45 | Y76: T15S | Z76: R17W | AA76: 12 | AB76: GR | AD76: 01/01/1897 | AF76: 113 | AJ76: 407.1439 | AK76: 5444.176
A77: 79 | B77: GSCG-00135 | C77: GSF | D77: GSCG | E77: MM | F77: <Null> | G77: 45846 | H77: 3.1 | I77: Arizona v California | J77: Gila River | K77: GR | L77: Cliff Gila, Buckhorn-Duck Creek | M77: CG | N77: Upper Gila Ditch | O77: FA | P77: Fallow, idle or otherwise not irrigated | Q77: 3.0942987 | R77: 4 | S77: Not irrigated | T77: OSE File No. 0231, Upper Gila Ditch and GSF-5 and GSF-44 and GSF-45 | V77: 15 | X77: 0231 & GSF-5 & GSF-44 & GSF-45 | Y77: T15S | Z77: R17W | AA77: 12 | AB77: GR | AD77: 01/01/1897 | AF77: 113 | AJ77: 436.53487 | AK77: 12522.233
A78: 80 | B78: GSCG-00136 | C78: GSF | D78: GSCG | E78: MM | F78: <Null> | G78: 45846 | H78: 6.8 | I78: Arizona v California | J78: Gila River | K78: GR | L78: Cliff Gila, Buckhorn-Duck Creek | M78: CG | N78: Upper Gila Ditch | O78: FA | P78: Fallow, idle or otherwise not irrigated | Q78: 6.8260097 | R78: 4 | S78: Not irrigated | T78: OSE File No. 0231, Upper Gila Ditch and GSF-5 and GSF-44 and GSF-45 | V78: 15 | X78: 0231 & GSF-5 & GSF-44 & GSF-45 | Y78: T15S | Z78: R17W | AA78: 12 | AB78: GR | AD78: 01/01/1897 | AF78: 113 | AJ78: 790.48273 | AK78: 27623.992
A79: 81 | B79: GSCG-00137 | C79: GSF | D79: GSCG | E79: MM | F79: <Null> | G79: 45846 | H79: 1 | I79: Arizona v California | J79: Gila River | K79: GR | L79: Cliff Gila, Buckhorn-Duck Creek | M79: CG | N79: Upper Gila Ditch | O79: FA | P79: Fallow, idle or otherwise not irrigated | Q79: 0.82440027 | R79: 4 | S79: Not irrigated | T79: OSE File No. 0231, Upper Gila Ditch and GSF-5 and GSF-44 and GSF-45 | V79: 15 | X79: 0231 & GSF-5 & GSF-44 & GSF-45 | Y79: T15S | Z79: R17W | AA79: 12 | AB79: GR | AD79: 01/01/1897 | AF79: 113 | AJ79: 255.99391 | AK79: 3336.2429
A80: 82 | B80: GSCG-00140 | C80: GSF | D80: GSCG | E80: MM | F80: <Null> | G80: 45846 | H80: 0.5 | I80: Arizona v California | J80: Gila River | K80: GR | L80: Cliff Gila, Buckhorn-Duck Creek | M80: CG | N80: Upper Gila Ditch | O80: FA | P80: Fallow, idle or otherwise not irrigated | Q80: 0.44621422 | R80: 4 | S80: Not irrigated | T80: OSE File No. 0231, Upper Gila Ditch and GSF 5 and GSF-44 and GSF-45 | V80: 15 | X80: 0231 & GSF-5 & GSF-44 & GSF-45 | Y80: T15S | Z80: R17W | AA80: 12 | AB80: GR | AD80: 01/01/1897 | AF80: 113 | AJ80: 217.53224 | AK80: 1805.7721
A81: 88 | B81: GSCG-00146 | C81: GSF | D81: GSCG | E81: MM | F81: <Null> | G81: 45846 | H81: 0.3 | I81: Arizona v California | J81: Gila River | K81: GR | L81: Cliff Gila, Buckhorn-Duck Creek | M81: CG | N81: Upper Gila Ditch | O81: FA | P81: Fallow, idle or otherwise not irrigated | Q81: 0.27904145 | R81: 4 | S81: Not irrigated | T81: OSE File No. 0231, Upper Gila Ditch and GSF 5 and GSF-44 and GSF-45 | V81: 15 | X81: 0231 & GSF-5 & GSF-44 & GSF-45 | Y81: T15S | Z81: R17W | AA81: 12 | AB81: GR | AD81: 01/01/1897 | AF81: 113 | AJ81: 166.61761 | AK81: 1129.2452
A82: 89 | B82: GSCG-00147 | C82: GSF | D82: GSCG | E82: MM | F82: <Null> | G82: 45846 | H82: 0.4 | I82: Arizona v California | J82: Gila River | K82: GR | L82: Cliff Gila, Buckhorn-Duck Creek | M82: CG | N82: Upper Gila Ditch | O82: FA | P82: Fallow, idle or otherwise not irrigated | Q82: 0.36028732 | R82: 4 | S82: Not irrigated | T82: OSE File No. 0231, Upper Gila Ditch and GSF 5 and GSF-44 and GSF-45 | V82: 15 | X82: 0231 & GSF-5 & GSF-44 & GSF-45 | Y82: T15S | Z82: R17W | AA82: 12 | AB82: GR | AD82: 01/01/1897 | AF82: 113 | AJ82: 171.55944 | AK82: 1458.0369
A83: 90 | B83: GSCG-00148 | C83: GSF | D83: GSCG | E83: MM | F83: <Null> | G83: 45847 | H83: 38 | I83: Arizona v California | J83: Gila River | K83: GR | L83: Cliff Gila, Buckhorn-Duck Creek | M83: CG | O83: FA | P83: Fallow, idle or otherwise not irrigated | Q83: 34.080034 | R83: 4 | S83: Not irrigated | T83: OSE File No. GSF-65 and GSF-66 | V83: 22 | X83: GSF-65 & GSF-66 | Y83: T15S | Z83: R18W | AA83: 11 | AB83: GR | AD83: 1917 | AF83: 252 | AJ83: 2078.5641 | AK83: 137917.56
A84: 86 | B84: GSCG-00144 | C84: GSF | D84: GSCG | E84: MM | F84: <Null> | G84: 45845 | H84: 2.4 | I84: Arizona v California | J84: Gila River | K84: GR | L84: Cliff Gila, Buckhorn-Duck Creek | M84: CG | O84: PN | P84: Pasture (Native) | Q84: 2.2103605 | R84: 1 | S84: Flood irrigated | T84: OSE File No. 0233, Maldonado Ditch | V84: 15 | X84: 0233 | Y84: T15S | Z84: R17W | AA84: 12 | AB84: GR | AD84: 04/01/1899 | AF84: 257 | AJ84: 424.37018 | AK84: 8945.0473
A85: 94 | B85: GSCG-00152 | C85: GSF | D85: GSCG | E85: MM | F85: <Null> | G85: 45846 | H85: 0.2 | I85: Arizona v California | J85: Gila River | K85: GR | L85: Cliff Gila, Buckhorn-Duck Creek | M85: CG | N85: Upper Gila Ditch | O85: FA | P85: Fallow, idle or otherwise not irrigated | Q85: 0.21858936 | R85: 4 | S85: Not irrigated | T85: OSE File No. 0231, Upper Gila Ditch and GSF 5 and GSF-44 and GSF-45 | V85: 15 | X85: 0231 & GSF-5 & GSF-44 & GSF-45 | Y85: T15S | Z85: R17W | AA85: 12 | AB85: GR | AD85: 01/01/1897 | AF85: 113 | AJ85: 135.18476 | AK85: 884.60328
A86: 95 | B86: GSCG-00153 | C86: GSF | D86: GSCG | E86: MM | F86: <Null> | G86: 45846 | H86: 0.2 | I86: Arizona v California | J86: Gila River | K86: GR | L86: Cliff Gila, Buckhorn-Duck Creek | M86: CG | N86: Upper Gila Ditch | O86: FA | P86: Fallow, idle or otherwise not irrigated | Q86: 0.18433442 | R86: 4 | S86: Not irrigated | T86: OSE File No. 0231, Upper Gila Ditch and GSF 5 and GSF-44 and GSF-45 | V86: 15 | X86: 0231 & GSF-5 & GSF-44 & GSF-45 | Y86: T15S | Z86: R17W | AA86: 12 | AB86: GR | AD86: 01/01/1897 | AF86: 113 | AJ86: 124.54054 | AK86: 745.9779
A87: 96 | B87: GSCG-00154 | C87: GSF | D87: GSCG | E87: MM | F87: <Null> | G87: 45846 | H87: 0.2 | I87: Arizona v California | J87: Gila River | K87: GR | L87: Cliff Gila, Buckhorn-Duck Creek | M87: CG | N87: Upper Gila Ditch | O87: FA | P87: Fallow, idle or otherwise not irrigated | Q87: 0.14014856 | R87: 4 | S87: Not irrigated | T87: OSE File No. 0231, Upper Gila Ditch and GSF 5 and GSF-44 and GSF-45 | V87: 15 | X87: 0231 & GSF-5 & GSF-44 & GSF-45 | Y87: T15S | Z87: R17W | AA87: 12 | AB87: GR | AD87: 01/01/1897 | AF87: 113 | AJ87: 111.39038 | AK87: 567.16335
A88: 97 | B88: GSCG-00155 | C88: GSF | D88: GSCG | E88: MM | F88: <Null> | G88: 45847 | H88: 0.7 | I88: Arizona v California | J88: Gila River | K88: GR | L88: Cliff Gila, Buckhorn-Duck Creek | M88: CG | O88: FA | P88: Fallow, idle or otherwise not irrigated | Q88: 0.70016506 | R88: 4 | S88: Not irrigated | T88: OSE File No. GSF-65 and GSF-66 | V88: 22 | X88: GSF-65 & GSF-66 | Y88: T15S | Z88: R18W | AA88: 11 | AB88: GR | AD88: 1917 | AF88: 252 | AJ88: 224.61864 | AK88: 2833.4788
A89: 92 | B89: GSCG-00150 | C89: GSF | D89: GSCG | E89: MM | F89: <Null> | G89: 45869 | H89: 8.3 | I89: Arizona v California | J89: Gila River | K89: GR | L89: Cliff Gila, Buckhorn-Duck Creek | M89: CG | O89: PN | P89: Pasture (Native) | Q89: 7.5875062 | R89: 2 | S89: Sprinkler irrigated | T89: OSE File No. GSF 58 | V89: 22 | X89: GSF-58 | Y89: T15S | Z89: R18W | AA89: 11 | AB89: GR | AD89: 1942 | AF89: 129 | AJ89: 697.20291 | AK89: 30705.671
A90: 93 | B90: GSCG-00151 | C90: GSF | D90: GSCG | E90: MM | F90: <Null> | G90: 45847 | H90: 0.7 | I90: Arizona v California | J90: Gila River | K90: GR | L90: Cliff Gila, Buckhorn-Duck Creek | M90: CG | O90: RD | P90: Reservoir Dry | Q90: 0.72900879 | S90: <Null> | T90: GSF-65 & GSF-66 | V90: 22 | X90: GSF-65 & GSF-66 | Y90: T15S | Z90: R18W | AA90: 11 | AB90: GR | AD90: 1917 | AF90: 252 | AJ90: 236.11583 | AK90: 2950.2057
A91: 98 | B91: GSCG-00156 | C91: GSF | D91: GSCG | E91: MM | F91: <Null> | G91: 45869 | H91: 5.5 | I91: Arizona v California | J91: Gila River | K91: GR | L91: Cliff Gila, Buckhorn-Duck Creek | M91: CG | O91: FA | P91: Fallow, idle or otherwise not irrigated | Q91: 5.7010658 | R91: 4 | S91: Not irrigated | T91: OSE File No. GSF-8 | V91: 22 | X91: GSF-8 | Y91: T15S | Z91: R18W | AA91: 12 | AB91: GR | AD91: 1949 | AF91: 140 | AJ91: 701.24817 | AK91: 23071.487
A92: 99 | B92: GSCG-00157 | C92: GSF | D92: GSCG | E92: MM | F92: <Null> | G92: 45869 | H92: 10 | I92: Arizona v California | J92: Gila River | K92: GR | L92: Cliff Gila, Buckhorn-Duck Creek | M92: CG | O92: FA | P92: Fallow, idle or otherwise not irrigated | Q92: 10.298395 | R92: 4 | S92: Not irrigated | T92: OSE File No. GSF-8 | V92: 22 | X92: GSF-8 | Y92: T15S | Z92: R18W | AA92: 11 | AB92: GR | AD92: 1949 | AF92: 140 | AJ92: 930.37899 | AK92: 41676.291
A93: 100 | B93: GSCG-00158 | C93: GSF | D93: GSCG | E93: MM | F93: <Null> | G93: 45845 | H93: 9.1 | I93: Arizona v California | J93: Gila River | K93: GR | L93: Cliff Gila, Buckhorn-Duck Creek | M93: CG | O93: FA | P93: Fallow, idle or otherwise not irrigated | Q93: 6.6086025 | R93: 4 | S93: Not irrigated | T93: OSE File No. 0233, Maldonado Ditch | V93: 15 | X93: 0233 | Y93: T15S | Z93: R17W | AA93: 12 | AB93: GR | AD93: 04/01/1899 | AF93: 294 | AJ93: 757.01611 | AK93: 26744.172
A94: 101 | B94: GSCG-00159 | C94: GSF | D94: GSCG | E94: MM | F94: <Null> | G94: 45847 | H94: 7.3 | I94: Arizona v California | J94: Gila River | K94: GR | L94: Cliff Gila, Buckhorn-Duck Creek | M94: CG | O94: FA | P94: Fallow, idle or otherwise not irrigated | Q94: 7.6413664 | R94: 4 | S94: Not irrigated | T94: OSE File No. GSF-65 and GSF-66 | V94: 22 | X94: GSF-65 & GSF-66 | Y94: T15S | Z94: R18W | AA94: 11 | AB94: GR | AD94: 1917 | AF94: 252 | AJ94: 708.1045 | AK94: 30923.636
A95: 103 | B95: GSCG-00161 | C95: GSF | D95: GSCG | E95: MM | F95: <Null> | G95: 45846 | H95: 0.4 | I95: Arizona v California | J95: Gila River | K95: GR | L95: Cliff Gila, Buckhorn-Duck Creek | M95: CG | O95: FA | P95: Fallow, idle or otherwise not irrigated | Q95: 0.45842181 | R95: 4 | S95: Not irrigated | T95: OSE File No. GSSF-576 | V95: 15 | X95: GSF-576 | Y95: T15S | Z95: R17W | AA95: 12 | AB95: GR | AJ95: 191.34638 | AK95: 1855.1747
A96: 104 | B96: GSCG-00162 | C96: GSF | D96: GSCG | E96: MM | F96: <Null> | G96: 45846 | H96: 6.9 | I96: Arizona v California | J96: Gila River | K96: GR | L96: Cliff Gila, Buckhorn-Duck Creek | M96: CG | O96: FA | P96: Fallow, idle or otherwise not irrigated | Q96: 6.9813096 | R96: 4 | S96: Not irrigated | T96: OSE File No. 0233, Maldonado Ditch and GSF 5 | V96: 15 | X96: 0231 & GSF-5 | Y96: T15S | Z96: R17W | AA96: 12 | AB96: GR | AD96: 01/01/1897 | AF96: 257 | AJ96: 798.52078 | AK96: 28252.471
A97: 108 | B97: GSCG-00166 | C97: GSF | D97: GSCG | E97: MM | F97: <Null> | G97: 45847 | H97: 9 | I97: Arizona v California | J97: Gila River | K97: GR | L97: Cliff Gila, Buckhorn-Duck Creek | M97: CG | O97: FA | P97: Fallow, idle or otherwise not irrigated | Q97: 9.494582 | R97: 4 | S97: Not irrigated | T97: OSE File No. GSF-65 and GSF-66 | V97: 22 | X97: GSF-65 & GSF-66 | Y97: T15S | Z97: R18W | AA97: 11 | AB97: GR | AD97: 1917 | AF97: 252 | AJ97: 780.84399 | AK97: 38423.364
A98: 113 | B98: GSCG-00171 | C98: GSF | D98: GSCG | E98: MM | F98: <Null> | G98: 45869 | H98: 23.8 | I98: Arizona v California | J98: Gila River | K98: GR | L98: Cliff Gila, Buckhorn-Duck Creek | M98: CG | O98: FA | P98: Fallow, idle or otherwise not irrigated | Q98: 24.878289 | R98: 4 | S98: Not irrigated | T98: OSE File No. GSF-8 | V98: 22 | X98: GSF-8 | Y98: T15S | Z98: R18W | AA98: 11 | AB98: GR | AD98: 1949 | AF98: 140 | AJ98: 1452.3321 | AK98: 100679.27
A99: 114 | B99: GSCG-00172 | C99: GSF | D99: GSCG | E99: MM | F99: <Null> | G99: 45869 | H99: 11.4 | I99: Arizona v California | J99: Gila River | K99: GR | L99: Cliff Gila, Buckhorn-Duck Creek | M99: CG | O99: FA | P99: Fallow, idle or otherwise not irrigated | Q99: 12.04083 | R99: 4 | S99: Not irrigated | T99: OSE File No. GSF-8 | V99: 22 | X99: GSF-8 | Y99: T15S | Z99: R18W | AA99: 12 | AB99: GR | AD99: 1949 | AF99: 140 | AJ99: 983.8881 | AK99: 48727.705
A100: 115 | B100: GSCG-00173 | C100: GSF | D100: GSCG | E100: MM | F100: <Null> | G100: 45845 | H100: 8.9 | I100: Arizona v California | J100: Gila River | K100: GR | L100: Cliff Gila, Buckhorn-Duck Creek | M100: CG | O100: FA | P100: Fallow, idle or otherwise not irrigated | Q100: 6.7489489 | R100: 4 | S100: Not irrigated | T100: OSE File No. 0233, Maldonado Ditch and GSF 5 | V100: 15 | X100: 0233 & GSF-5 | Y100: T15S | Z100: R17W | AA100: 12 | AB100: GR | AD100: 04/01/1899 | AF100: 294 | AJ100: 961.20639 | AK100: 27312.137
...

Sheet GSGW_IA_2025
A1: OBJECTID | B1: Field_ID | C1: Basin | D1: Sub_Basin | E1: Inspector_1 | F1: Inspector_2 | G1: Inspection_Date | H1: Water_Righted_Acreage | I1: Decree | J1: System | K1: SysCode | L1: Unit | M1: UCode | N1: Ditch | O1: Crop_Code | P1: Crop_Type | Q1: Computed_Acreage | R1: Irr_Code | S1: Irr_Method | T1: Remarks | U1: Season | V1: Mapsheet | W1: Sections | X1: File_nbr | Y1: Tws | Z1: Rng | AA1: Sec | AB1: County | AC1: Owner | AD1: Priority | AE1: Subfile | AF1: No_Adjudicated_Water_Right | AG1: PLSS QQQ | AH1: Pla_rec_nbr | AI1: Shape_Length | AJ1: Shape_Area
A2: 1 | B2: GCGW-00001 | C2: GSF | D2: GSGW | E2: MM | G2: 45854 | H2: 1 | I2: Arizona v California | J2: San Francisco River | K2: SF | L2: Glenwood-Mule Creek | M2: GL | O2: FA | P2: Fallow, idle or otherwise not irrigated | Q2: 1.0783296 | R2: 4 | S2: Not irrigated | T2: OSE File No. GSF-3579 | V2: 13 | X2: GSF-3579 | Y2: 11S | Z2: 19W | AA2: 6 | AB2: CA | AD2: 05/10/1898 | AE2: 90 | AI2: 265.50779 | AJ2: 4363.8626
A3: 2 | B3: GCGW-00002 | C3: GSF | D3: GSGW | E3: MM | G3: 45854 | H3: 0.5 | I3: Arizona v California | J3: San Francisco River | K3: SF | L3: Glenwood-Mule Creek | M3: GL | O3: OUT | P3: Out Areas | Q3: 0.54497112 | S3: <Null> | T3: OSE File No. 01446, Spurgeon Ditch #1, Locked Gate, Not Observed | V3: 10 | X3: 01446 | Y3: 10S | Z3: 20W | AA3: 9 | AB3: CA | AD3: 1890 | AE3: 45 | AI3: 198.00928 | AJ3: 2205.4287
A4: 3 | B4: GCGW-00003 | C4: GSF | D4: GSGW | E4: MM | G4: 45854 | H4: 1.5 | I4: Arizona v California | J4: San Francisco River | K4: SF | L4: Glenwood-Mule Creek | M4: GL | O4: OUT | P4: Out Areas | Q4: 1.508777 | S4: <Null> | T4: OSE File No. 01446, Spurgeon Ditch #1, Locked Gate, Not Observed | V4: 10 | X4: 01446 | Y4: 10S | Z4: 20W | AA4: 9 | AB4: CA | AD4: 1890 | AE4: 45 | AI4: 367.6385 | AJ4: 6105.8284
A5: 4 | B5: GCGW-00004 | C5: GSF | D5: GSGW | E5: MM | G5: 45854 | H5: 4 | I5: Arizona v California | J5: San Francisco River | K5: SF | L5: Glenwood-Mule Creek | M5: GL | O5: OUT | P5: Out Areas | Q5: 4.0858073 | S5: <Null> | T5: OSE File No. 01446, Spurgeon Ditch #1, Locked Gate, Not Observed | V5: 10 | X5: 01446 | Y5: 10S | Z5: 20W | AA5: 9 | AB5: CA | AD5: 1890 | AE5: 45 | AI5: 617.89746 | AJ5: 16534.742
A6: 5 | B6: GCGW-00005 | C6: GSF | D6: GSGW | E6: MM | G6: 45854 | H6: 1 | I6: Arizona v California | J6: San Francisco River | K6: SF | L6: Glenwood-Mule Creek | M6: GL | O6: OUT | P6: Out Areas | Q6: 1.0835185 | S6: <Null> | T6: OSE File No. 01446, Spurgeon Ditch #1, Locked Gate, Not Observed | V6: 10 | X6: 01446 | Y6: 10S | Z6: 20W | AA6: 8 | AB6: CA | AD6: 1890 | AE6: 45 | AI6: 296.76019 | AJ6: 4384.8612
A7: 6 | B7: GCGW-00006 | C7: GSF | D7: GSGW | E7: MM | G7: 45854 | H7: 0.5 | I7: Arizona v California | J7: San Francisco River | K7: SF | L7: Glenwood-Mule Creek | M7: GL | N7: Spurgeon No. 2 Ditch | O7: FA | P7: Fallow, idle or otherwise not irrigated | Q7: 0.53727772 | R7: 4 | S7: Not irrigated | T7: OSE File No. 01446, Spurgeon Ditch #2 | V7: 9 | X7: 01446 | Y7: 10S | Z7: 20W | AA7: 17 | AB7: CA | AD7: 1890 | AE7: 45 | AI7: 190.584 | AJ7: 2174.2945
A8: 7 | B8: GCGW-00007 | C8: GSF | D8: GSGW | E8: MM | G8: 45854 | H8: 0.2 | I8: Arizona v California | J8: San Francisco River | K8: SF | L8: Glenwood-Mule Creek | M8: GL | N8: Spurgeon No. 2 Ditch | O8: FA | P8: Fallow, idle or otherwise not irrigated | Q8: 0.19506563 | R8: 4 | S8: Not irrigated | T8: OSE File No. 01446, Spurgeon Ditch #2 | V8: 9 | X8: 01446 | Y8: 10S | Z8: 20W | AA8: 17 | AB8: CA | AD8: 1890 | AE8: 45 | AI8: 112.41178 | AJ8: 789.40577
A9: 8 | B9: GCGW-00009 | C9: GSF | D9: GSGW | E9: MM | G9: 45854 | H9: 3.8 | I9: Arizona v California | J9: San Francisco River | K9: SF | L9: Glenwood-Mule Creek | M9: GL | O9: WSG | P9: Winter Small Grains | Q9: 1.9538681 | R9: 1 | S9: Flood irrigated | T9: Early Spring Crop - OSE File No. 01454, Spurgeon Ditch #2 | V9: 9 | X9: 01454 | Y9: 10S | Z9: 20W | AA9: 17 | AD9: 1885 | AE9: 132 | AI9: 702.01522 | AJ9: 7907.0552
A10: 9 | B10: GCGW-00011 | C10: GSF | D10: GSGW | E10: MM | G10: 45854 | H10: 3.6 | I10: Arizona v California | J10: San Francisco River | K10: SF | L10: Glenwood-Mule Creek | M10: GL | O10: FA | P10: Fallow, idle or otherwise not irrigated | Q10: 3.6299167 | R10: 4 | S10: Not irrigated | T10: OSE File No. 01454, Spurgeon Ditch #3 | V10: 9 | X10: 01454 | Y10: 10S | Z10: 20W | AA10: 17 | AB10: CA | AD10: 1885 | AE10: 132 | AI10: 591.17159 | AJ10: 14689.811
A11: 10 | B11: GCGW-00012 | C11: GSF | D11: GSGW | E11: MM | G11: 45854 | H11: 0.2 | I11: Arizona v California | J11: San Francisco River | K11: SF | L11: Glenwood-Mule Creek | M11: GL | N11: Spurgeon No. 2 Ditch | P11: Pasture (improved/Planted, Warm Grass) | Q11: 0.24193177 | R11: 1 | S11: Flood irrigated | T11: OSE File No. 01454, Spurgeon Ditch #2 | V11: 9 | X11: 01454 | Y11: 10S | Z11: 20W | AA11: 17 | AB11: CA | AD11: 1885 | AE11: 132 | AI11: 149.55342 | AJ11: 979.06705
A12: 11 | B12: GCGW-00013 | C12: GSF | D12: GSGW | E12: MM | G12: 45854 | H12: 0.3 | I12: Arizona v California | J12: San Francisco River | K12: SF | L12: Glenwood-Mule Creek | M12: GL | N12: Spurgeon No. 2 Ditch | P12: Pasture (improved/Planted, Warm Grass) | Q12: 0.25141703 | R12: 1 | S12: Flood irrigated | T12: OSE File No. 01454, Spurgeon Ditch #2 | V12: 9 | X12: 01454 | Y12: 10S | Z12: 20W | AB12: CA | AD12: 1885 | AE12: 132 | AI12: 150.83296 | AJ12: 1017.4527
A13: 12 | B13: GCGW-00014 | C13: GSF | D13: GSGW | E13: MM | G13: 45854 | H13: 0.5 | I13: Arizona v California | J13: San Francisco River | K13: SF | L13: Glenwood-Mule Creek | M13: GL | N13: Spurgeon No. 2 Ditch | P13: Pasture (improved/Planted, Warm Grass) | Q13: 0.49526102 | R13: 1 | S13: Flood irrigated | T13: OSE File No. 01454, Spurgeon Ditch #2 | V13: 9 | X13: 01454 | Y13: 10S | Z13: 20W | AB13: CA | AD13: 1885 | AE13: 132 | AI13: 176.1997 | AJ13: 2004.2583
A14: 13 | B14: GCGW-00016 | C14: GSF | D14: GSGW | E14: MM | G14: 45854 | H14: 16.9 | I14: Arizona v California | J14: San Francisco River | K14: SF | L14: Glenwood-Mule Creek | M14: GL | N14: Spurgeon No. 2 Ditch | O14: PN | P14: Pasture (Native) | Q14: 22.087763 | R14: 1 | S14: Flood irrigated | T14: OSE File No. 01454, Spurgeon Ditch #2 | V14: 8 | X14: 01454 | Y14: 10S | Z14: 20W | AA14: 17 | AB14: CA | AD14: 1885 | AE14: 133 | AI14: 1260.2077 | AJ14: 89386.365
A15: 14 | B15: GCGW-00018 | C15: GSF | D15: GSGW | E15: MM | G15: 45854 | H15: 2.8 | I15: Arizona v California | J15: San Francisco River | K15: SF | L15: Glenwood-Mule Creek | M15: GL | N15: Spurgeon No. 2 Ditch | O15: PN | P15: Pasture (Native) | Q15: 2.8965115 | R15: 1 | S15: Flood irrigated | T15: OSE File No. 01454, Spurgeon Ditch #2 | V15: 8 | X15: 01454 | Y15: 10S | Z15: 20W | AA15: 17 | AB15: CA | AD15: 1885 | AE15: 133 | AI15: 458.87305 | AJ15: 11721.813
A16: 15 | B16: GCGW-00019 | C16: GSF | D16: GSGW | E16: MM | G16: 45854 | H16: 0.3 | I16: Arizona v California | J16: San Francisco River | K16: SF | L16: Glenwood-Mule Creek | M16: GL | N16: Spurgeon No. 2 Ditch | O16: PN | P16: Pasture (Native) | Q16: 0.25943572 | R16: 1 | S16: Flood irrigated | T16: OSE File No. 01454, Spurgeon Ditch #2 | V16: 8 | X16: 01454 | Y16: 10S | Z16: 20W | AA16: 17 | AB16: CA | AD16: 1885 | AE16: 133 | AI16: 159.81613 | AJ16: 1049.9033
A17: 16 | B17: GCGW-00020 | C17: GSF | D17: GSGW | E17: MM | G17: 45854 | H17: 0.1 | I17: Arizona v California | J17: San Francisco River | K17: SF | L17: Glenwood-Mule Creek | M17: GL | N17: Spurgeon No. 2 Ditch | O17: PN | P17: Pasture (Native) | Q17: 0.16993581 | R17: 1 | S17: Flood irrigated | T17: OSE File No. 01454, Spurgeon Ditch #2 | V17: 8 | X17: 01454 | Y17: 10S | Z17: 20W | AA17: 17 | AB17: CA | AD17: 1885 | AE17: 133 | AI17: 111.26594 | AJ17: 687.70858
A18: 17 | B18: GCGW-00021 | C18: GSF | D18: GSGW | E18: MM | G18: 45854 | H18: 1.7 | I18: Arizona v California | J18: San Francisco River | K18: SF | L18: Glenwood-Mule Creek | M18: GL | N18: Spurgeon No. 2 Ditch | O18: PN | P18: Pasture (Native) | Q18: 1.4303908 | R18: 1 | S18: Flood irrigated | T18: OSE File No. 01454, Spurgeon Ditch #2 | V18: 8 | X18: 01454 | Y18: 10S | Z18: 20W | AA18: 20 | AB18: CA | AD18: 1885 | AE18: 133 | AI18: 458.77296 | AJ18: 5788.6092
A19: 18 | B19: GCGW-00022 | C19: GSF | D19: GSGW | E19: MM | G19: 45854 | H19: 0.4 | I19: Arizona v California | J19: San Francisco River | K19: SF | L19: Glenwood-Mule Creek | M19: GL | N19: Spurgeon No. 2 Ditch | O19: PN | P19: Pasture (Native) | Q19: 1.4305235 | R19: 1 | S19: Flood irrigated | T19: OSE File No. 01454, Spurgeon Ditch #2 | V19: 8 | X19: 01454 | Y19: 10S | Z19: 20W | AA19: 20 | AB19: CA | AD19: 1885 | AE19: 133 | AI19: 419.37493 | AJ19: 5789.1463
A20: 19 | B20: GCGW-00023 | C20: GSF | D20: GSGW | E20: MM | G20: 45854 | H20: 2.9 | I20: Arizona v California | J20: San Francisco River | K20: SF | L20: Glenwood-Mule Creek | M20: GL | N20: Spurgeon No. 2 Ditch | O20: OUT | P20: Out Areas | Q20: 2.7245383 | S20: <Null> | T20: OSE File No. 01454, Spurgeon Ditch #2 | V20: 8 | X20: 01454 | Y20: 10S | Z20: 20W | AA20: 20 | AB20: CA | AD20: 1885 | AE20: 45 | AI20: 475.78079 | AJ20: 11025.859
A21: 20 | B21: GCGW-00024 | C21: GSF | D21: GSGW | E21: MM | G21: 45854 | H21: 2.1 | I21: Arizona v California | J21: San Francisco River | K21: SF | L21: Glenwood-Mule Creek | M21: GL | N21: Thomason Flat Ditch | O21: PN | P21: Pasture (Native) | Q21: 2.1813364 | R21: 1 | S21: Flood irrigated | T21: OSE File No. 01446, Thomason Flat Ditch | V21: 8 | X21: 01446 | Y21: 10S | Z21: 20W | AA21: 20 | AB21: CA | AD21: 1890 | AE21: 45 | AI21: 386.70968 | AJ21: 8827.5903
A22: 21 | B22: GCGW-00025 | C22: GSF | D22: GSGW | E22: MM | G22: 45854 | H22: 0.4 | I22: Arizona v California | J22: San Francisco River | K22: SF | L22: Glenwood-Mule Creek | M22: GL | N22: Thomason Flat Ditch | O22: PN | P22: Pasture (Native) | Q22: 0.33745601 | R22: 1 | S22: Flood irrigated | T22: OSE File No. 01446, Thomason Flat Ditch | V22: 8 | X22: 01446 | Y22: 10S | Z22: 20W | AA22: 20 | AB22: CA | AD22: 1890 | AE22: 45 | AI22: 217.43879 | AJ22: 1365.6415
A23: 22 | B23: GCGW-00026 | C23: GSF | D23: GSGW | E23: MM | G23: 45854 | H23: 1 | I23: Arizona v California | J23: San Francisco River | K23: SF | L23: Glenwood-Mule Creek | M23: GL | N23: Thomason Flat Ditch | O23: PN | P23: Pasture (Native) | Q23: 1.050243 | R23: 1 | S23: Flood irrigated | T23: OSE File No. 01446, Thomason Flat Ditch | V23: 8 | X23: 01446 | Y23: 10S | Z23: 20W | AA23: 19 | AB23: CA | AD23: 1890 | AE23: 45 | AI23: 287.48955 | AJ23: 4250.1996
A24: 23 | B24: GCGW-00027 | C24: GSF | D24: GSGW | E24: MM | G24: 45854 | H24: 17.8 | I24: Arizona v California | J24: San Francisco River | K24: SF | L24: Glenwood-Mule Creek | M24: GL | N24: Thomason Flat Ditch | O24: PN | P24: Pasture (Native) | Q24: 18.093655 | R24: 1 | S24: Flood irrigated | T24: OSE File No. 01446, Thomason Flat Ditch | V24: 8 | X24: 01446 | Y24: 10S | Z24: 20W | AA24: 20 | AB24: CA | AD24: 1890 | AE24: 45 | AI24: 1400.0981 | AJ24: 73222.715
A25: 24 | B25: GCGW-00028 | C25: GSF | D25: GSGW | E25: MM | G25: 45854 | H25: 0.1 | I25: Arizona v California | J25: San Francisco River | K25: SF | L25: Glenwood-Mule Creek | M25: GL | N25: Thomason Flat Ditch | O25: PN | P25: Pasture (Native) | Q25: 0.12266612 | R25: 1 | S25: Flood irrigated | T25: OSE File No. 01446, Thomason Flat Ditch | V25: 8 | X25: 01446 | Y25: 10S | Z25: 20W | AA25: 20 | AB25: CA | AD25: 1890 | AE25: 45 | AI25: 114.93407 | AJ25: 496.41417
A26: 25 | B26: GCGW-00029 | C26: GSF | D26: GSGW | E26: MM | G26: 45854 | H26: 0.9 | I26: Arizona v California | J26: San Francisco River | K26: SF | L26: Glenwood-Mule Creek | M26: GL | N26: Thomason Flat Ditch | O26: PN | P26: Pasture (Native) | Q26: 0.86514301 | R26: 1 | S26: Flood irrigated | T26: OSE File No. 01446, Thomason Flat Ditch | V26: 8 | X26: 01446 | Y26: 10S | Z26: 20W | AA26: 19 | AB26: CA | AD26: 1890 | AE26: 45 | AI26: 243.05507 | AJ26: 3501.1236
A27: 26 | B27: GCGW-00030 | C27: GSF | D27: GSGW | E27: MM | G27: 45854 | H27: 5.3 | I27: Arizona v California | J27: San Francisco River | K27: SF | L27: Glenwood-Mule Creek | M27: GL | N27: Thomason Flat Ditch | O27: PN | P27: Pasture (Native) | Q27: 5.3357688 | R27: 1 | S27: Flood irrigated | T27: OSE File No. 01446, Thomason Flat Ditch | V27: 8 | X27: 01446 | Y27: 10S | Z27: 20W | AA27: 19 | AB27: CA | AD27: 1890 | AE27: 45 | AI27: 765.81521 | AJ27: 21593.177
A28: 27 | B28: GCGW-00031 | C28: GSF | D28: GSGW | E28: MM | G28: 45854 | H28: 8.8 | I28: Arizona v California | J28: San Francisco River | K28: SF | L28: Glenwood-Mule Creek | M28: GL | N28: Thomason Flat Ditch | O28: PN | P28: Pasture (Native) | Q28: 9.0050345 | R28: 1 | S28: Flood irrigated | T28: OSE File No. 01446, Thomason Flat Ditch | V28: 8 | X28: 01446 | Y28: 10S | Z28: 20W | AA28: 19 | AB28: CA | AD28: 1890 | AE28: 45 | AI28: 869.01862 | AJ28: 36442.228
A29: 28 | B29: GCGW-00032 | C29: GSF | D29: GSGW | E29: MM | G29: 45854 | H29: 1 | I29: Arizona v California | J29: San Francisco River | K29: SF | L29: Glenwood-Mule Creek | M29: GL | N29: Thomason Flat Ditch | O29: PN | P29: Pasture (Native) | Q29: 0.95408873 | R29: 1 | S29: Flood irrigated | T29: OSE File No. 01446, Thomason Flat Ditch | V29: 8 | X29: 01446 | Y29: 10S | Z29: 20W | AA29: 20 | AB29: CA | AD29: 1890 | AE29: 45 | AI29: 269.32391 | AJ29: 3861.0755
A30: 29 | B30: GCGW-00033 | C30: GSF | D30: GSGW | E30: MM | G30: 45854 | H30: 2.3 | I30: Arizona v California | J30: San Francisco River | K30: SF | L30: Glenwood-Mule Creek | M30: GL | N30: Thomason Flat Ditch | O30: PN | P30: Pasture (Native) | Q30: 2.3381289 | R30: 1 | S30: Flood irrigated | T30: OSE File No. 01446, Thomason Flat Ditch | V30: 8 | X30: 01446 | Y30: 10S | Z30: 20W | AA30: 19 | AB30: CA | AD30: 1890 | AE30: 45 | AI30: 412.26278 | AJ30: 9462.1097
A31: 30 | B31: GCGW-00034 | C31: GSF | D31: GSGW | E31: MM | G31: 45854 | H31: 1.6 | I31: Arizona v California | J31: San Francisco River | K31: SF | L31: Glenwood-Mule Creek | M31: GL | N31: Thomason Flat Ditch | O31: PN | P31: Pasture (Native) | Q31: 1.6185631 | R31: 1 | S31: Flood irrigated | T31: OSE File No. 01446, Thomason Flat Ditch | V31: 8 | X31: 01446 | Y31: 10S | Z31: 20W | AA31: 20 | AB31: CA | AD31: 1890 | AE31: 45 | AI31: 337.09381 | AJ31: 6550.1185
A32: 31 | B32: GCGW-00035 | C32: GSF | D32: GSGW | E32: MM | G32: 45854 | H32: 0.5 | I32: Arizona v California | J32: San Francisco River | K32: SF | L32: Glenwood-Mule Creek | M32: GL | N32: Thomason Flat Ditch | O32: PN | P32: Pasture (Native) | Q32: 0.46842338 | R32: 1 | S32: Flood irrigated | T32: OSE File No. 01446, Thomason Flat Ditch | V32: 8 | X32: 01446 | Y32: 10S | Z32: 20W | AA32: 19 | AB32: CA | AD32: 1890 | AE32: 45 | AI32: 285.81967 | AJ32: 1895.6498
A33: 32 | B33: GCGW-00036 | C33: GSF | D33: GSGW | E33: MM | G33: 45854 | H33: 3.7 | I33: Arizona v California | J33: San Francisco River | K33: SF | L33: Glenwood-Mule Creek | M33: GL | N33: Thomason Flat Ditch | O33: PN | P33: Pasture (Native) | Q33: 3.7352818 | R33: 1 | S33: Flood irrigated | T33: OSE File No. 01446, Thomason Flat Ditch | V33: 8 | X33: 01446 | Y33: 10S | Z33: 20W | AA33: 19 | AB33: CA | AD33: 1890 | AE33: 45 | AI33: 484.94922 | AJ33: 15116.209
A34: 33 | B34: GCGW-00039 | C34: GSF | D34: GSGW | E34: MM | G34: 45854 | H34: 2.6 | I34: Arizona v California | J34: San Francisco River | K34: SF | L34: Glenwood-Mule Creek | M34: GL | O34: FA | P34: Fallow, idle or otherwise not irrigated | Q34: 2.4347979 | R34: 4 | S34: Not irrigated | T34: OSE File No. 01906, Private Ditch | V34: 16 | X34: 01906 | Y34: 10S | Z34: 19W | AA34: 30 | AB34: CA | AD34: 1884 | AE34: 46 | AI34: 479.03033 | AJ34: 9853.3171
A35: 34 | B35: GCGW-00040 | C35: GSF | D35: GSGW | E35: MM | G35: 45854 | H35: 0.8 | I35: Arizona v California | J35: San Francisco River | K35: SF | L35: Glenwood-Mule Creek | M35: GL | O35: RD | P35: Reservoir Dry | Q35: 0.32878503 | T35: OSE File No. 01906, Private Ditch, Reservoir, Dry | V35: 16 | X35: 01906 | Y35: 10S | Z35: 19W | AA35: 30 | AB35: CA | AD35: 1884 | AE35: 46 | AI35: 136.27205 | AJ35: 1330.5511
A36: 35 | B36: GCGW-00041 | C36: GSF | D36: GSGW | E36: MM | G36: 45854 | H36: 2.7 | I36: Arizona v California | J36: San Francisco River | K36: SF | L36: Glenwood-Mule Creek | M36: GL | O36: FA | P36: Fallow, idle or otherwise not irrigated | Q36: 2.4522216 | R36: 4 | S36: Not irrigated | T36: OSE File No. 01906, Private Ditch | V36: 16 | X36: 01906 | Y36: 10S | Z36: 19W | AA36: 30 | AB36: CA | AD36: 1884 | AE36: 46 | AI36: 457.69362 | AJ36: 9923.8282
A37: 36 | B37: GCGW-00044 | C37: GSF | D37: GSGW | E37: MM | G37: 45854 | H37: 0.2 | I37: Arizona v California | J37: San Francisco River | K37: SF | L37: Glenwood-Mule Creek | M37: GL | O37: FA | P37: Fallow, idle or otherwise not irrigated | Q37: 0.17551411 | R37: 4 | S37: Not irrigated | T37: OSE File No. 01906, Private Ditch | V37: 16 | X37: 01906 | Y37: 10S | Z37: 19W | AA37: 30 | AB37: CA | AD37: 1884 | AE37: 46 | AI37: 115.8066 | AJ37: 710.28325
A38: 37 | B38: GCGW-00045 | C38: GSF | D38: GSGW | E38: MM | G38: 45854 | H38: 0.2 | I38: Arizona v California | J38: San Francisco River | K38: SF | L38: Glenwood-Mule Creek | M38: GL | O38: FA | P38: Fallow, idle or otherwise not irrigated | Q38: 0.11990793 | R38: 4 | S38: Not irrigated | T38: OSE File No. 01906, Private Ditch | V38: 16 | X38: 01906 | Y38: 10S | Z38: 19W | AA38: 30 | AB38: CA | AD38: 1884 | AE38: 46 | AI38: 111.45358 | AJ38: 485.25211
A39: 38 | B39: GCGW-00046 | C39: GSF | D39: GSGW | E39: MM | G39: 45854 | H39: 0.2 | I39: Arizona v California | J39: San Francisco River | K39: SF | L39: Glenwood-Mule Creek | M39: GL | O39: FA | P39: Fallow, idle or otherwise not irrigated | Q39: 0.15972359 | R39: 4 | S39: Not irrigated | T39: OSE File No. 01906, Private Ditch | V39: 16 | X39: 01906 | Y39: 10S | Z39: 19W | AA39: 30 | AB39: CA | AD39: 1884 | AE39: 46 | AI39: 103.56864 | AJ39: 646.381
A40: 39 | B40: GCGW-00047 | C40: GSF | D40: GSGW | E40: MM | G40: 45854 | H40: 4.8 | I40: Arizona v California | J40: San Francisco River | K40: SF | L40: Glenwood-Mule Creek | M40: GL | O40: FA | P40: Fallow, idle or otherwise not irrigated | Q40: 4.4194285 | R40: 4 | S40: Not irrigated | T40: OSE File No. 01906, Private Ditch | V40: 16 | X40: 01906 | Y40: 10S | Z40: 19W | AA40: 30 | AB40: CA | AD40: 1884 | AE40: 46 | AI40: 522.34473 | AJ40: 17884.864
A41: 40 | B41: GCGW-00049 | C41: GSF | D41: GSGW | E41: MM | G41: 45854 | H41: 8.7 | I41: Arizona v California | J41: San Francisco River | K41: SF | L41: Glenwood-Mule Creek | M41: GL | O41: FA | P41: Fallow, idle or otherwise not irrigated | Q41: 8.1488455 | R41: 4 | S41: Not irrigated | T41: OSE File No. 01560, Warden Ditch | V41: 16 | X41: 01560 | Y41: 10S | Z41: 20W | AA41: 25 | AB41: CA | AD41: 1895 | AE41: 100 | AI41: 1313.1164 | AJ41: 32977.34
A42: 41 | B42: GCGW-00058 | C42: GSF | D42: GSGW | E42: MM | G42: 45854 | I42: Arizona v California | J42: San Francisco River | K42: SF | L42: Glenwood-Mule Creek | M42: GL | O42: FA | P42: Fallow, idle or otherwise not irrigated | Q42: 2.4451481 | R42: 4 | S42: Not irrigated | T42: No Right | V42: 15 | X42: No Right | Y42: 10S | Z42: 20W | AA42: 36 | AB42: CA | AE42: 90 | AF42: 2.7 | AI42: 466.86245 | AJ42: 9895.2028
A43: 42 | B43: GCGW-00059 | C43: GSF | D43: GSGW | E43: MM | G43: 45854 | H43: 0.5 | I43: Arizona v California | J43: San Francisco River | K43: SF | L43: Glenwood-Mule Creek | M43: GL | O43: FA | P43: Fallow, idle or otherwise not irrigated | Q43: 0.42066483 | R43: 5 | S43: Sub-irrigated | T43: OSE File No. 01518, Oaks Ditch #1 | V43: 15 | X43: 01518 | Y43: 10S | Z43: 20W | AA43: 36 | AB43: CA | AD43: 1898 | AE43: 100 | AI43: 240.82335 | AJ43: 1702.377
A44: 43 | B44: GCGW-00060 | C44: GSF | D44: GSGW | E44: MM | G44: 45854 | H44: 2.6 | I44: Arizona v California | J44: San Francisco River | K44: SF | L44: Glenwood-Mule Creek | M44: GL | O44: FA | P44: Fallow, idle or otherwise not irrigated | Q44: 2.4858498 | R44: 4 | S44: Not irrigated | T44: OSE File No. 01518, Oaks Ditch #1 | V44: 15 | X44: 01518 | Y44: 10S | Z44: 20W | AA44: 35 | AB44: CA | AD44: 1898 | AE44: 100 | AI44: 467.85513 | AJ44: 10059.917
A45: 44 | B45: GCGW-00061 | C45: GSF | D45: GSGW | E45: MM | G45: 45854 | I45: Arizona v California | J45: San Francisco River | K45: SF | L45: Glenwood-Mule Creek | M45: GL | O45: FA | P45: Fallow, idle or otherwise not irrigated | Q45: 0.5194824 | R45: 4 | S45: Not irrigated | T45: No Right | V45: 15 | X45: No Right | Y45: 11S | Z45: 20W | AA45: 01 | AB45: CA | AE45: 90 | AF45: 0.6 | AI45: 331.3446 | AJ45: 2102.2791
A46: 45 | B46: GCGW-00062 | C46: GSF | D46: GSGW | E46: MM | G46: 45854 | H46: 1.1 | I46: Arizona v California | J46: San Francisco River | K46: SF | L46: Glenwood-Mule Creek | M46: GL | O46: FA | P46: Fallow, idle or otherwise not irrigated | Q46: 0.98196139 | R46: 4 | S46: Not irrigated | T46: OSE File No. 01518, Oaks Ditch #1 | V46: 15 | X46: 01518 | Y46: 11S | Z46: 20W | AA46: 01 | AB46: CA | AD46: 1898 | AE46: 100 | AI46: 320.22986 | AJ46: 3973.8727
A47: 46 | B47: GCGW-00063 | C47: GSF | D47: GSGW | E47: MM | G47: 45854 | H47: 2.5 | I47: Arizona v California | J47: San Francisco River | K47: SF | L47: Glenwood-Mule Creek | M47: GL | O47: FA | P47: Fallow, idle or otherwise not irrigated | Q47: 2.3042398 | R47: 4 | S47: Not irrigated | T47: OSE File No. 01449, Oaks Ditch #1 | V47: 15 | X47: 01449 | Y47: 11S | Z47: 20W | AA47: 01 | AB47: CA | AD47: 05/10/1898 | AE47: 90 | AI47: 393.479 | AJ47: 9324.9651
A48: 47 | B48: GCGW-00065 | C48: GSF | D48: GSGW | E48: MM | G48: 45854 | H48: 0.7 | I48: Arizona v California | J48: San Francisco River | K48: SF | L48: Glenwood-Mule Creek | M48: GL | O48: RW | P48: Reservoir Retaining water (note volume in remarks) | Q48: 0.29505331 | S48: <Null> | T48: OSE File No. 01449, Oaks Ditch #1, Reservoir, 50% Full | V48: 15 | X48: 01449 | Y48: 11S | Z48: 20W | AA48: 01 | AB48: CA | AD48: 05/10/1898 | AE48: 90 | AI48: 128.82949 | AJ48: 1194.0431
A49: 48 | B49: GCGW-00066 | C49: GSF | D49: GSGW | E49: MM | G49: 45854 | H49: 0.1 | I49: Arizona v California | J49: San Francisco River | K49: SF | L49: Glenwood-Mule Creek | M49: GL | O49: FA | P49: Fallow, idle or otherwise not irrigated | Q49: 0.068466558 | R49: 4 | S49: Not irrigated | T49: OSE File No. 01449, Oaks Ditch #1 | V49: 15 | X49: 01449 | Y49: 11S | Z49: 20W | AA49: 01 | AB49: CA | AD49: 05/10/1898 | AE49: 90 | AI49: 84.330767 | AJ49: 277.07544
A50: 49 | B50: GCGW-00068 | C50: GSF | D50: GSGW | E50: MM | G50: 45854 | H50: 3.9 | I50: Arizona v California | J50: San Francisco River | K50: SF | L50: Glenwood-Mule Creek | M50: GL | O50: FA | P50: Fallow, idle or otherwise not irrigated | Q50: 3.7122655 | R50: 4 | S50: Not irrigated | T50: OSE File No. 01449, Oaks Ditch #1 (Appears to be dry farmed) | V50: 15 | X50: 01449 | Y50: 11S | Z50: 31E | AA50: 01 | AB50: CA | AD50: 05/10/1898 | AE50: 90 | AI50: 490.64078 | AJ50: 15023.065
A51: 50 | B51: GCGW-00069 | C51: GSF | D51: GSGW | E51: MM | G51: 45854 | I51: Arizona v California | J51: San Francisco River | K51: SF | L51: Glenwood-Mule Creek | M51: GL | O51: OUT | P51: Out Areas | Q51: 0.274623 | S51: <Null> | T51: No Right, Reservoir, Dry | V51: 15 | X51: No Right | Y51: 11S | Z51: 20W | AA51: 01 | AB51: CA | AE51: 90 | AF51: 0.6 | AI51: 122.10972 | AJ51: 1111.3643
A52: 51 | B52: GCGW-00071 | C52: GSF | D52: GSGW | E52: MM | G52: 45854 | H52: 0.7 | I52: Arizona v California | J52: San Francisco River | K52: SF | L52: Glenwood-Mule Creek | M52: GL | O52: RD | P52: Reservoir Dry | Q52: 0.5465289 | S52: <Null> | T52: OSE File No. 01449, Oaks Ditch #2, Stock Tank, Reservoir, Dry | V52: 14 | X52: 01449 | Y52: 11S | Z52: 20W | AA52: 02 | AB52: CA | AD52: 05/10/1898 | AE52: 90 | AI52: 177.39916 | AJ52: 2211.7328
A53: 52 | B53: GCGW-00072 | C53: GSF | D53: GSGW | E53: MM | G53: 45854 | H53: 5.7 | I53: Arizona v California | J53: San Francisco River | K53: SF | L53: Glenwood-Mule Creek | M53: GL | O53: SSG | P53: Spring Small Grains | Q53: 5.6831893 | R53: 1 | S53: Flood irrigated | T53: Early spring crop while water was available - OSE File No. 01449, Oaks Ditch #2 | V53: 14 | X53: 01449 | Y53: 11S | Z53: 20W | AA53: 02 | AB53: CA | AD53: 05/10/1898 | AE53: 90 | AI53: 659.17775 | AJ53: 22999.143
A54: 53 | B54: GCGW-00074 | C54: GSF | D54: GSGW | E54: MM | G54: 45854 | H54: 5.5 | I54: Arizona v California | J54: San Francisco River | K54: SF | L54: Glenwood-Mule Creek | M54: GL | O54: SSG | P54: Spring Small Grains | Q54: 4.9024802 | R54: 1 | S54: Flood irrigated | T54: OSE File No. 01449, Oaks Ditch #2 | V54: 14 | X54: 01449 | Y54: 11S | Z54: 20W | AA54: 02 | AB54: CA | AD54: 05/10/1898 | AE54: 90 | AI54: 600.96149 | AJ54: 19839.713
A55: 54 | B55: GCGW-00076 | C55: GSF | D55: GSGW | E55: MM | G55: 45854 | H55: 4.5 | I55: Arizona v California | J55: San Francisco River | K55: SF | L55: Glenwood-Mule Creek | M55: GL | O55: FA | P55: Fallow, idle or otherwise not irrigated | Q55: 4.2811596 | R55: 4 | S55: Not irrigated | T55: OSE File No. 01449, Oaks Ditch #2 | V55: 14 | X55: 01449 | Y55: 11S | Z55: 20W | AA55: 03 | AB55: CA | AD55: 05/10/1898 | AE55: 90 | AI55: 616.73787 | AJ55: 17325.308
A56: 55 | B56: GCGW-00077 | C56: GSF | D56: GSGW | E56: MM | G56: 45854 | H56: 0.4 | I56: Arizona v California | J56: San Francisco River | K56: SF | L56: Glenwood-Mule Creek | M56: GL | O56: RD | P56: Reservoir Dry | Q56: 0.32969672 | S56: <Null> | T56: OSE File No. 01449, Oaks Ditch #2 | V56: 14 | X56: 01449 | Y56: 11S | Z56: 20W | AA56: 02 | AB56: CA | AD56: 05/10/1898 | AE56: 90 | AI56: 213.00669 | AJ56: 1334.2406
A57: 56 | B57: GCGW-00078 | C57: GSF | D57: GSGW | E57: MM | G57: 45854 | H57: 2.6 | I57: Arizona v California | J57: San Francisco River | K57: SF | L57: Glenwood-Mule Creek | M57: GL | O57: FA | P57: Fallow, idle or otherwise not irrigated | Q57: 2.6400644 | R57: 4 | S57: Not irrigated | T57: OSE File No. 01449, Oaks Ditch #2 | V57: 14 | X57: 01449 | Y57: 11S | Z57: 20W | AA57: 03 | AB57: CA | AD57: 05/10/1898 | AE57: 90 | AI57: 662.81836 | AJ57: 10684.004
A58: 57 | B58: GCGW-00079 | C58: GSF | D58: GSGW | E58: MM | G58: 45854 | H58: 1.3 | I58: Arizona v California | J58: San Francisco River | K58: SF | L58: Glenwood-Mule Creek | M58: GL | O58: FA | P58: Fallow, idle or otherwise not irrigated | Q58: 1.326137 | R58: 4 | S58: Not irrigated | T58: OSE File No. 01449, Oaks Ditch #2 | V58: 14 | X58: 01449 | Y58: 11S | Z58: 20W | AA58: 03 | AB58: CA | AD58: 05/10/1898 | AE58: 90 | AI58: 325.3153 | AJ58: 5366.7074
A59: 58 | B59: GCGW-00081 | C59: GSF | D59: GSGW | E59: MM | G59: 45854 | H59: 10.7 | I59: Arizona v California | J59: San Francisco River | K59: SF | L59: Glenwood-Mule Creek | M59: GL | O59: SSG | P59: Spring Small Grains | Q59: 11.14911 | R59: 1 | S59: Flood irrigated | T59: OSE File No. 01449, Oaks Ditch #2 | V59: 14 | X59: 01449 | Y59: 11S | Z59: 20W | AA59: 02 | AB59: CA | AD59: 05/10/1898 | AE59: 90 | AI59: 904.83863 | AJ59: 45119.026
A60: 59 | B60: GCGW-00082 | C60: GSF | D60: GSGW | E60: MM | G60: 45854 | H60: 2 | I60: Arizona v California | J60: San Francisco River | K60: SF | L60: Glenwood-Mule Creek | M60: GL | O60: FA | P60: Fallow, idle or otherwise not irrigated | Q60: 2.1729984 | R60: 4 | S60: Not irrigated | T60: OSE File No. 01449, Oaks Ditch #2 | V60: 14 | X60: 01449 | Y60: 11S | Z60: 20W | AA60: 03 | AB60: CA | AD60: 05/10/1898 | AE60: 90 | AI60: 435.47008 | AJ60: 8793.8478
A61: 60 | B61: GCGW-00083 | C61: GSF | D61: GSGW | E61: MM | G61: 45854 | H61: 10.9 | I61: Arizona v California | J61: San Francisco River | K61: SF | L61: Glenwood-Mule Creek | M61: GL | O61: FA | P61: Fallow, idle or otherwise not irrigated | Q61: 10.764526 | R61: 4 | S61: Not irrigated | T61: OSE File No. 01449, Oaks Ditch #2 | V61: 14 | X61: 01449 | Y61: 11S | Z61: 20W | AA61: 03 | AB61: CA | AD61: 05/10/1898 | AE61: 90 | AI61: 970.00342 | AJ61: 43562.664
A62: 61 | B62: GCGW-00084 | C62: GSF | D62: GSGW | E62: MM | G62: 45854 | H62: 8 | I62: Arizona v California | J62: San Francisco River | K62: SF | L62: Glenwood-Mule Creek | M62: GL | O62: FA | P62: Fallow, idle or otherwise not irrigated | Q62: 7.9094577 | R62: 4 | S62: Not irrigated | T62: OSE File No. 01449, Oaks Ditch #2 | V62: 14 | X62: 01449 | Y62: 11S | Z62: 20W | AA62: 03 | AB62: CA | AD62: 05/10/1898 | AE62: 90 | AI62: 1157.2241 | AJ62: 32008.568
A63: 62 | B63: GCGW-00085 | C63: GSF | D63: GSGW | E63: MM | G63: 45854 | H63: 3.2 | I63: Arizona v California | J63: San Francisco River | K63: SF | L63: Glenwood-Mule Creek | M63: GL | O63: FA | P63: Fallow, idle or otherwise not irrigated | Q63: 8.0514785 | R63: 4 | S63: Not irrigated | T63: OSE File No. 01449, Oaks Ditch #2 | V63: 14 | X63: 01449 | Y63: 11S | Z63: 20W | AA63: 03 | AB63: CA | AD63: 05/10/1898 | AE63: 90 | AI63: 921.25073 | AJ63: 32583.308
A64: 63 | B64: GCGW-00086 | C64: GSF | D64: GSGW | E64: MM | G64: 45854 | I64: Arizona v California | J64: San Francisco River | K64: SF | L64: Glenwood-Mule Creek | M64: GL | O64: FA | P64: Fallow, idle or otherwise not irrigated | Q64: 0.24742593 | R64: 4 | S64: Not irrigated | T64: Out Area | V64: 14 | X64: Out Area | Y64: 11S | Z64: 20W | AA64: 03 | AB64: CA | AI64: 122.58636 | AJ64: 1001.3012
A65: 64 | B65: GCGW-00087 | C65: GSF | D65: GSGW | E65: MM | G65: 45854 | H65: 18.3 | I65: Arizona v California | J65: San Francisco River | K65: SF | L65: Glenwood-Mule Creek | M65: GL | O65: FA | P65: Fallow, idle or otherwise not irrigated | Q65: 18.09764 | R65: 4 | S65: Not irrigated | T65: OSE File No. 01449, Oaks Ditch #2 | V65: 14 | X65: 01449 | Y65: 11S | Z65: 20W | AA65: 03 | AB65: CA | AD65: 05/10/1898 | AE65: 90 | AI65: 1951.0947 | AJ65: 73238.842
A66: 65 | B66: GCGW-00088 | C66: GSF | D66: GSGW | E66: MM | G66: 45854 | H66: 4.1 | I66: Arizona v California | J66: San Francisco River | K66: SF | L66: Glenwood-Mule Creek | M66: GL | O66: FA | P66: Fallow, idle or otherwise not irrigated | Q66: 4.1031319 | R66: 4 | S66: Not irrigated | T66: OSE File No. 01442, Mineral Creek (Holliman) Ditch | V66: 14 | X66: 01442 | Y66: 11S | Z66: 20W | AA66: 03 | AB66: CA | AD66: 1905 | AE66: 53 | AI66: 656.49773 | AJ66: 16604.852
A67: 66 | B67: GCGW-00089 | C67: GSF | D67: GSGW | E67: MM | G67: 45854 | H67: 1.7 | I67: Arizona v California | J67: San Francisco River | K67: SF | L67: Glenwood-Mule Creek | M67: GL | O67: PN | P67: Pasture (Native) | Q67: 1.653558 | R67: 2 | S67: Sprinkler irrigated | T67: OSE File NO. 01714, Jackson Ditch | V67: 5 | X67: 01714 | Y67: 11S | Z67: 20W | AA67: 03 | AB67: CA | AD67: 1891 | AE67: 82 | AI67: 333.41086 | AJ67: 6691.7386
A68: 67 | B68: GCGW-00090 | C68: GSF | D68: GSGW | E68: MM | G68: 45854 | H68: 0.1 | I68: Arizona v California | J68: San Francisco River | K68: SF | L68: Glenwood-Mule Creek | M68: GL | O68: FA | P68: Fallow, idle or otherwise not irrigated | Q68: 0.093547664 | R68: 4 | S68: Not irrigated | T68: OSE File NO. 01714, Jackson Ditch | V68: 5 | X68: 01714 | Y68: 11S | Z68: 20W | AA68: 03 | AB68: CA | AD68: 1891 | AE68: 82 | AI68: 91.159147 | AJ68: 378.57548
A69: 68 | B69: GCGW-00091 | C69: GSF | D69: GSGW | E69: MM | G69: 45854 | I69: Arizona v California | J69: San Francisco River | K69: SF | L69: Glenwood-Mule Creek | M69: GL | O69: RD | P69: Reservoir Dry | Q69: 0.14810625 | S69: <Null> | T69: OSE File NO. 01450, Jackson Ditch and GSF 25, Reservoir, Dry | V69: 5 | X69: 01450 & GSF-25 | Y69: 11S | Z69: 20W | AA69: 03 | AB69: CA | AD69: 08/31/1885 | AE69: 89 | AF69: 0.4 | AI69: 90.316617 | AJ69: 599.36713
A70: 69 | B70: GCGW-00092 | C70: GSF | D70: GSGW | E70: MM | G70: 45854 | H70: 9.3 | I70: Arizona v California | J70: San Francisco River | K70: SF | L70: Glenwood-Mule Creek | M70: GL | O70: SSG | P70: Spring Small Grains | Q70: 5.9014351 | R70: 1 | S70: Flood irrigated | T70: OSE File NO. 01450, Jackson Ditch and GSF 25 | V70: 5 | X70: 01450 & GSF-25 | Y70: 11S | Z70: 20W | AA70: 04 | AD70: 08/31/1885 | AE70: 89 | AI70: 634.4286 | AJ70: 23882.356
A71: 70 | B71: GCGW-00093 | C71: GSF | D71: GSGW | E71: MM | G71: 45854 | H71: 0.2 | I71: Arizona v California | J71: San Francisco River | K71: SF | L71: Glenwood-Mule Creek | M71: GL | O71: FA | P71: Fallow, idle or otherwise not irrigated | Q71: 0.15185185 | R71: 4 | S71: Not irrigated | T71: OSE File NO. 01714, Jackson Ditch | V71: 5 | X71: 01714 | Y71: 11S | Z71: 20W | AA71: 03 | AB71: CA | AD71: 1891 | AE71: 82 | AI71: 102.25466 | AJ71: 614.52508
A72: 71 | B72: GCGW-00094 | C72: GSF | D72: GSGW | E72: MM | G72: 45854 | H72: 1 | I72: Arizona v California | J72: San Francisco River | K72: SF | L72: Glenwood-Mule Creek | M72: GL | O72: FA | P72: Fallow, idle or otherwise not irrigated | Q72: 1.0223004 | R72: 4 | S72: Not irrigated | T72: OSE File NO. 01450, Jackson Ditch and GSF 25 | V72: 5 | X72: 01450 & GSF-25 | Y72: 11S | Z72: 20W | AA72: 04 | AB72: CA | AD72: 08/31/1885 | AE72: 89 | AI72: 307.29827 | AJ72: 4137.1194
A73: 72 | B73: GCGW-00095 | C73: GSF | D73: GSGW | E73: MM | G73: 45854 | H73: 0.5 | I73: Arizona v California | J73: San Francisco River | K73: SF | L73: Glenwood-Mule Creek | M73: GL | O73: FA | P73: Fallow, idle or otherwise not irrigated | Q73: 0.25509094 | R73: 4 | S73: Not irrigated | T73: OSE File NO. 01450, Jackson Ditch and GSF 25, Stock Tank, Reservoir, Dry | V73: 5 | X73: 01450 & GSF-25 | Y73: 11S | Z73: 20W | AA73: 03 | AB73: CA | AD73: 08/31/1885 | AE73: 89 | AI73: 159.59819 | AJ73: 1032.3206
A74: 73 | B74: GCGW-00096 | C74: GSF | D74: GSGW | E74: MM | G74: 45854 | H74: 7.78 | I74: Arizona v California | J74: San Francisco River | K74: SF | L74: Glenwood-Mule Creek | M74: GL | O74: FA | P74: Fallow, idle or otherwise not irrigated | Q74: 8.7585754 | R74: 4 | S74: Not irrigated | T74: OSE File NO. 01450, Jackson Ditch and GSF 25 | V74: 5 | X74: 01450 & GSF-25 | Y74: 11S | Z74: 20W | AA74: 04 | AB74: CA | AD74: 08/31/1885 | AE74: 89 | AI74: 1116.8161 | AJ74: 35444.839
A75: 74 | B75: GCGW-00100 | C75: GSF | D75: GSGW | E75: MM | G75: 45855 | H75: 8.2 | I75: Arizona v California | J75: San Francisco River | K75: SF | L75: Glenwood-Mule Creek | M75: GL | O75: FA | P75: Fallow, idle or otherwise not irrigated | Q75: 6.0353038 | R75: 4 | S75: Not irrigated | T75: OSE File No. 01519, Private Ditch | V75: 11 | X75: 01519 | Y75: 11S | Z75: 20W | AA75: 24 | AB75: CA | AD75: 1907 | AE75: 121 & 129 | AI75: 801.34911 | AJ75: 24424.106
A76: 75 | B76: GCGW-00101 | C76: GSF | D76: GSGW | E76: MM | G76: 45855 | H76: 0.2 | I76: Arizona v California | J76: San Francisco River | K76: SF | L76: Glenwood-Mule Creek | M76: GL | O76: FA | P76: Fallow, idle or otherwise not irrigated | Q76: 0.19320257 | R76: 4 | S76: Not irrigated | T76: OSE File No. 01519, Private Ditch | V76: 11 | X76: 01519 | Y76: 11S | Z76: 20W | AA76: 24 | AB76: CA | AD76: 1907 | AE76: 121 & 129 | AI76: 112.79376 | AJ76: 781.8662
A77: 76 | B77: GCGW-00103 | C77: GSF | D77: GSGW | E77: MM | G77: 45855 | H77: 2.9 | I77: Arizona v California | J77: San Francisco River | K77: SF | L77: Glenwood-Mule Creek | M77: GL | O77: FA | P77: Fallow, idle or otherwise not irrigated | Q77: 1.3987351 | R77: 4 | S77: Not irrigated | T77: OSE File No. 01519, Private Ditch | V77: 11 | X77: 01519 | Y77: 11S | Z77: 20W | AA77: 24 | AB77: CA | AD77: 1907 | AE77: 121 & 129 | AI77: 347.91603 | AJ77: 5660.5027
A78: 77 | B78: GCGW-00104 | C78: GSF | D78: GSGW | E78: MM | G78: 45855 | H78: 0.267 | I78: Arizona v California | J78: San Francisco River | K78: SF | L78: Glenwood-Mule Creek | M78: GL | O78: FA | P78: Fallow, idle or otherwise not irrigated | Q78: 0.19089631 | R78: 4 | S78: Not irrigated | T78: OSE File No. 01543, Tipton Ditch, Polly Tipton | V78: 11 | X78: 01543 | Y78: 11S | Z78: 20W | AA78: 23 | AB78: CA | AD78: 1880 | AE78: 143 | AI78: 132.12318 | AJ78: 772.53303
A79: 78 | B79: GCGW-00105 | C79: GSF | D79: GSGW | E79: MM | G79: 45855 | H79: 1 | I79: Arizona v California | J79: San Francisco River | K79: SF | L79: Glenwood-Mule Creek | M79: GL | O79: FA | P79: Fallow, idle or otherwise not irrigated | Q79: 1.0146001 | R79: 4 | S79: Not irrigated | T79: OSE File No. 01543, Tipton Ditch, moved by permit to GSF-3119-2 | V79: 11 | X79: 01543 | Y79: 11S | Z79: 20W | AA79: 23 | AB79: CA | AD79: 1880 | AE79: 143 | AI79: 371.4829 | AJ79: 4105.9573
A80: 79 | B80: GCGW-00106 | C80: GSF | D80: GSGW | E80: MM | G80: 45855 | H80: 3.5 | I80: Arizona v California | J80: San Francisco River | K80: SF | L80: Glenwood-Mule Creek | M80: GL | O80: MON | P80: Misc. Outdoor Nursery Stock | Q80: 2.9991899 | R80: 2 | S80: Sprinkler irrigated | T80: OSE File No. 01527, Tipton, Gage Community Ditch and GSF 223 Domestic uses around houses | V80: 11 | X80: 01527 & GSF-223 | Y80: 11S | Z80: 20W | AA80: 23 | AB80: CA | AD80: 1891 | AE80: 8 | AI80: 689.32611 | AJ80: 12137.34
A81: 80 | B81: GCGW-00108 | C81: GSF | D81: GSGW | E81: MM | G81: 45855 | H81: 0.1 | I81: Arizona v California | J81: San Francisco River | K81: SF | L81: Glenwood-Mule Creek | M81: GL | O81: TW | P81: Turfgrass (Warm Season) | Q81: 0.076400281 | R81: 2 | S81: Sprinkler irrigated | T81: OSE File No. GSF-1866 | V81: 4 | X81: GSF-1866 | Y81: 11S | Z81: 20W | AA81: 26 | AB81: CA | AD81: 10/01/1960 | AE81: 143 | AI81: 87.159779 | AJ81: 309.18221
A82: 81 | B82: GCGW-00109 | C82: GSF | D82: GSGW | E82: MM | G82: 45855 | H82: 2.1 | I82: Arizona v California | J82: San Francisco River | K82: SF | L82: Glenwood-Mule Creek | M82: GL | N82: Fish Pond Ditch | O82: TW | P82: Turfgrass (Warm Season) | Q82: 1.9083939 | R82: 2 | S82: Sprinkler irrigated | T82: OSE File No. 01363, Fish Pond Ditch | V82: 4 | X82: 01363 | Y82: 11S | Z82: 20W | AA82: 26 | AB82: CA | AD82: 1891 | AE82: 78 | AI82: 384.68222 | AJ82: 7723.027
A83: 82 | B83: GCGW-00110 | C83: GSF | D83: GSGW | E83: MM | G83: 45855 | H83: 0.38 | I83: Arizona v California | J83: San Francisco River | K83: SF | L83: Glenwood-Mule Creek | M83: GL | N83: Fish Pond Ditch | O83: RW | P83: Reservoir Retaining water (note volume in remarks) | Q83: 0.38581006 | T83: OSE File No. 01363, Fish Pond Ditch, Reservoir, 100% Full | V83: 4 | X83: 01363 | Y83: 11S | Z83: 20W | AA83: 26 | AB83: CA | AE83: 01363 | AI83: 169.61604 | AJ83: 1561.3242
A84: 83 | B84: GCGW-00111 | C84: GSF | D84: GSGW | E84: MM | G84: 45855 | H84: 0.14 | I84: Arizona v California | J84: San Francisco River | K84: SF | L84: Glenwood-Mule Creek | M84: GL | N84: Fish Pond Ditch | O84: PN | P84: Pasture (Native) | Q84: 0.2595074 | R84: 2 | S84: Sprinkler irrigated | T84: OSE File No. 01363, Fish Pond Ditch | V84: 4 | X84: 01363 | Y84: 11S | Z84: 20W | AA84: 26 | AB84: CA | AE84: 01363 | AI84: 137.56282 | AJ84: 1050.1934
A85: 84 | B85: GCGW-00112 | C85: GSF | D85: GSGW | E85: MM | G85: 45855 | H85: 0.7 | I85: Arizona v California | J85: San Francisco River | K85: SF | L85: Glenwood-Mule Creek | M85: GL | N85: Fish Pond Ditch | O85: RW | P85: Reservoir Retaining water (note volume in remarks) | Q85: 0.37709826 | T85: OSE File No. 01363, Fish Pond Ditch, Reservoir, 100% Full | V85: 4 | X85: 01363 | Y85: 11S | Z85: 20W | AA85: 26 | AB85: CA | AD85: 1891 | AE85: 78 | AI85: 150.57741 | AJ85: 1526.0686
A86: 85 | B86: GCGW-00113 | C86: GSF | D86: GSGW | E86: MM | G86: 45855 | H86: 10.6 | I86: Arizona v California | J86: San Francisco River | K86: SF | L86: Glenwood-Mule Creek | M86: GL | O86: FA | P86: Fallow, idle or otherwise not irrigated | Q86: 9.0218194 | R86: 4 | S86: Not irrigated | T86: OSE File No. 01558, Lower Ditch South, Snipe Ditch, Permit | V86: 4 | X86: 01558 | Y86: 11S | Z86: 20W | AA86: 26 | AB86: CA | AD86: 1891 | AE86: 6 | AI86: 784.0713 | AJ86: 36510.154
A87: 86 | B87: GCGW-00114 | C87: GSF | D87: GSGW | E87: MM | G87: 45855 | H87: 3.14 | I87: Arizona v California | J87: San Francisco River | K87: SF | L87: Glenwood-Mule Creek | M87: GL | O87: FA | P87: Fallow, idle or otherwise not irrigated | Q87: 3.1771921 | R87: 4 | S87: Not irrigated | T87: OSE File No. 01514, Upper Ditch | V87: 4 | X87: 01514 | Y87: 11S | Z87: 20W | AA87: 26 | AB87: CA | AD87: 1891 | AE87: 6 | AI87: 1165.6366 | AJ87: 12857.692
A88: 87 | B88: GCGW-00115 | C88: GSF | D88: GSGW | E88: MM | G88: 45855 | H88: 2.54 | I88: Arizona v California | J88: San Francisco River | K88: SF | L88: Glenwood-Mule Creek | M88: GL | O88: FA | P88: Fallow, idle or otherwise not irrigated | Q88: 2.1469621 | R88: 4 | S88: Not irrigated | T88: OSE File No. 01514, Upper Ditch | V88: 4 | X88: 01514 | Y88: 11S | Z88: 20W | AA88: 26 | AB88: CA | AD88: 1891 | AE88: 6 | AI88: 758.3806 | AJ88: 8688.4823
A89: 88 | B89: GCGW-00116 | C89: GSF | D89: GSGW | E89: MM | G89: 45855 | H89: 0.4 | I89: Arizona v California | J89: San Francisco River | K89: SF | L89: Glenwood-Mule Creek | M89: GL | O89: FA | P89: Fallow, idle or otherwise not irrigated | Q89: 0.38299335 | R89: 4 | S89: Not irrigated | T89: OSE File No. 01514, Lower Ditch North | V89: 4 | X89: 01514 | Y89: 11S | Z89: 20W | AA89: 26 | AB89: CA | AD89: 1891 | AE89: 6 | AI89: 175.58845 | AJ89: 1549.9253
A90: 89 | B90: GCGW-00117 | C90: GSF | D90: GSGW | E90: MM | G90: 45855 | H90: 0.2 | I90: Arizona v California | J90: San Francisco River | K90: SF | L90: Glenwood-Mule Creek | M90: GL | O90: FA | P90: Fallow, idle or otherwise not irrigated | Q90: 0.072571893 | R90: 4 | S90: Not irrigated | T90: OSE File No. 01514, Lower Ditch North Denied Access | V90: 4 | X90: 01514 | Y90: 11S | Z90: 20W | AA90: 26 | AB90: CA | AD90: 1891 | AE90: 6 | AI90: 79.049558 | AJ90: 293.68921
A91: 90 | B91: GCGW-00119 | C91: GSF | D91: GSGW | E91: MM | G91: 45855 | H91: 16.9 | I91: Arizona v California | J91: San Francisco River | K91: SF | L91: Glenwood-Mule Creek | M91: GL | O91: FA | P91: Fallow, idle or otherwise not irrigated | Q91: 15.851943 | R91: 4 | S91: Not irrigated | T91: OSE File No. 01514, Lower Ditch North 85% Full | V91: 4 | X91: 01514 | Y91: 11S | Z91: 20W | AA91: 27 | AB91: CA | AD91: 1891 | AE91: 6 | AI91: 1602.4712 | AJ91: 64150.795
A92: 91 | B92: GCGW-00120 | C92: GSF | D92: GSGW | E92: MM | G92: 45855 | H92: 0.2 | I92: Arizona v California | J92: San Francisco River | K92: SF | L92: Glenwood-Mule Creek | M92: GL | O92: FA | P92: Fallow, idle or otherwise not irrigated | Q92: 0.12342828 | R92: 4 | S92: Not irrigated | T92: OSE File No. 01514, Upper Ditch | V92: 4 | X92: 01514 | Y92: 11S | Z92: 20W | AA92: 26 | AB92: CA | AD92: 1891 | AE92: 63 | AI92: 91.371961 | AJ92: 499.49851
A93: 92 | B93: GCGW-00121 | C93: GSF | D93: GSGW | E93: MM | G93: 45855 | H93: 0.2 | I93: Arizona v California | J93: San Francisco River | K93: SF | L93: Glenwood-Mule Creek | M93: GL | O93: TC | P93: Turfgrass (Cool Season) | Q93: 0.33967468 | R93: 2 | S93: Sprinkler irrigated | T93: OSE File No. 01514, Lower Ditch North | V93: 4 | X93: 01514 | Y93: 11S | Z93: 20W | AA93: 26 | AB93: CA | AD93: 1891 | AE93: 109 | AI93: 198.28451 | AJ93: 1374.6202
A94: 93 | B94: GCGW-00122 | C94: GSF | D94: GSGW | E94: MM | G94: 45855 | H94: 0.2 | I94: Arizona v California | J94: San Francisco River | K94: SF | L94: Glenwood-Mule Creek | M94: GL | O94: PIC | P94: Pasture (Improved/Planted, Cool Grass) | Q94: 0.18451083 | R94: 1 | S94: Flood irrigated | T94: OSE File No. 01514, Lower Ditch North | V94: 4 | X94: 01514 | Y94: 11S | Z94: 20W | AA94: 26 | AB94: CA | AD94: 1891 | AE94: 109 | AI94: 109.95348 | AJ94: 746.69182
A95: 94 | B95: GCGW-00123 | C95: GSF | D95: GSGW | E95: MM | G95: 45855 | H95: 0.4 | I95: Arizona v California | J95: San Francisco River | K95: SF | L95: Glenwood-Mule Creek | M95: GL | O95: PIC | P95: Pasture (Improved/Planted, Cool Grass) | Q95: 0.39304472 | R95: 1 | S95: Flood irrigated | T95: OSE File No. 01514, Lower Ditch North | V95: 4 | X95: 01514 | Y95: 11S | Z95: 20W | AA95: 26 | AB95: CA | AD95: 1891 | AE95: 109 | AI95: 158.55513 | AJ95: 1590.6019
A96: 95 | B96: GCGW-00124 | C96: GSF | D96: GSGW | E96: MM | G96: 45855 | H96: 0.3 | I96: Arizona v California | J96: San Francisco River | K96: SF | L96: Glenwood-Mule Creek | M96: GL | O96: FA | P96: Fallow, idle or otherwise not irrigated | Q96: 0.24460478 | R96: 4 | S96: Not irrigated | T96: OSE File No. 01505, Upper Ditch | V96: 4 | X96: 01505 | Y96: 11S | Z96: 20W | AA96: 26 | AB96: CA | AD96: 1891 | AE96: 70 | AI96: 139.97415 | AJ96: 989.8844
A97: 96 | B97: GCGW-00125 | C97: GSF | D97: GSGW | E97: MM | G97: 45855 | H97: 1.2 | I97: Arizona v California | J97: San Francisco River | K97: SF | L97: Glenwood-Mule Creek | M97: GL | O97: FA | P97: Fallow, idle or otherwise not irrigated | Q97: 1.6153195 | R97: 4 | S97: Not irrigated | T97: OSE File No. 01505, Upper Ditch | V97: 4 | X97: 01505 | Y97: 11S | Z97: 20W | AA97: 26 | AB97: CA | AD97: 1891 | AE97: 70 | AI97: 367.03451 | AJ97: 6536.9922
... A100: 99 | B100: GCGW-00128 | C100: GSF | D100: GSGW | E100: MM | G100: 45855 | H100: 2.9 | I100: Arizona v California | J100: San Francisco River | K100: SF | L100: Glenwood-Mule Creek | M100: GL | O100: TW | P100: Turfgrass (Warm Season) | Q100: 2.8513267 | R100: 2 | S100: Sprinkler irrigated | T100: OSE File No. 01558, Lower Ditch South | V100: 4 | X100: 01558 | Y100: 11S | Z100: 20W | AA100: 26 | AB100: CA | AD100: 1880 | AE100: 155 | AI100: 424.57021 | AJ100: 11538.956
A101: 100 | B101: GCGW-00130 | C101: GSF | D101: GSGW | E101: MM | G101: 45855 | I101: Arizona v California | J101: San Francisco River | K101: SF | L101: Glenwood-Mule Creek | M101: GL | O101: OUT | P101: Out Areas | Q101: 6.3258463 | T101: No Right | V101: 4 | X101: No Right | Y101: 11S | Z101: 20W | AA101: 27 | AB101: CA | AF101: 6.3 | AI101: 786.12694 | AJ101: 25599.894
A102: 101 | B102: GCGW-00132 | C102: GSF | D102: GSGW | E102: MM | G102: 45855 | H102: 0.3 | I102: Arizona v California | J102: San Francisco River | K102: SF | L102: Glenwood-Mule Creek | M102: GL | O102: FA | P102: Fallow, idle or otherwise not irrigated | Q102: 0.22079555 | R102: 4 | S102: Not irrigated | T102: OSE File No. GSF-168, domestic well | V102: 4 | X102: GSF-168 | Y102: 11S | Z102: 20W | AA102: 26 | AB102: CA | AI102: 125.57287 | AJ102: 893.53145
...

Sheet GSLU_IA_2025
A1: OBJECTID | B1: Field_ID | C1: Basin | D1: Sub_Basin | E1: Inspector_1 | F1: Inspector_2 | G1: Inspection_Date | H1: Water_Righted_Acreage | I1: Decree | J1: System | K1: SysCode | L1: Unit | M1: UCode | N1: Ditch | O1: Crop_Code | P1: Crop_Type | Q1: Computed_Acreage | R1: Irr_Code | S1: Irr_Method | T1: Remarks | U1: Season | V1: Mapsheet | W1: Sections | X1: File_nbr | Y1: Tws | Z1: Rng | AA1: Sec | AB1: County | AC1: Owner | AD1: Priority | AE1: Subfile | AF1: No_Adjudicated_Water_Right | AG1: PLSS QQQ | AH1: Pla_rec_nbr | AI1: Shape_Length | AJ1: Shape_Area
A2: 1 | B2: GSLU-00001 | C2: GSF | D2: GSLU | E2: MM | G2: 45861 | H2: 23.611029 | I2: Arizona v California | J2: San Francisco River | K2: SF | L2: Luna | M2: LU | O2: OUT | P2: Out Areas | Q2: 23.611029 | R2: 0 | S2: <Null> | T2: No Right, Dry Farm | V2: 7 | W2: 11, 10 | X2: No Right | Y2: T5S | Z2: R20W | AA2: 11 | AB2: CA | AC2: Herbert Bastion | AI2: 1385.2307 | AJ2: 95550.826
A3: 2 | B3: GSLU-00002 | C3: GSF | D3: GSLU | E3: MM | G3: 45861 | H3: 2.2703548 | I3: Arizona v California | J3: San Francisco River | K3: SF | L3: Luna | M3: LU | O3: OUT | P3: Out Areas | Q3: 2.2703548 | R3: 0 | S3: <Null> | T3: No Right, Dry Farm | V3: 8 | X3: No Right | Y3: T5S | Z3: R20W | AA3: 15 | AB3: CA | AI3: 427.84416 | AJ3: 9187.8365
A4: 3 | B4: GSLU-00003 | C4: GSF | D4: GSLU | E4: MM | G4: 45861 | H4: 5.3737736 | I4: Arizona v California | J4: San Francisco River | K4: SF | L4: Luna | M4: LU | O4: PN | P4: Pasture (Native) | Q4: 5.3737736 | R4: 1 | S4: Flood irrigated | T4: OSE File No. 01098, William S Laney Ditch | V4: 9 | X4: 01098 | Y4: T5S | Z4: R20W | AA4: 24 | AB4: CA | AC4: Randolph Jenks | AD4: 1894 | AE4: 432 | AI4: 926.59137 | AJ4: 21746.977
A5: 4 | B5: GSLU-00004 | C5: GSF | D5: GSLU | E5: MM | G5: 45861 | H5: 3.7481711 | I5: Arizona v California | J5: San Francisco River | K5: SF | L5: Luna | M5: LU | O5: PN | P5: Pasture (Native) | Q5: 3.7481711 | R5: 1 | S5: Flood irrigated | T5: OSE File No. 01098, William S Laney Ditch | V5: 9 | X5: 01098 | Y5: T5S | Z5: R20W | AA5: 24 | AB5: CA | AC5: Randolph Jenks | AD5: 1894 | AE5: 432 | AI5: 578.57502 | AJ5: 15168.371
A6: 5 | B6: GSLU-00005 | C6: GSF | D6: GSLU | E6: MM | G6: 45861 | H6: 1.1742685 | I6: Arizona v California | J6: San Francisco River | K6: SF | L6: Luna | M6: LU | O6: PN | P6: Pasture (Native) | Q6: 1.1742685 | R6: 1 | S6: Flood irrigated | T6: OSE File No. 01098, William S Laney Ditch | V6: 9 | X6: 01098 | Y6: T5S | Z6: R20W | AA6: 24 | AB6: CA | AC6: Randolph Jenks | AD6: 1894 | AE6: 432 | AI6: 314.5869 | AJ6: 4752.1149
A7: 6 | B7: GSLU-00006 | C7: GSF | D7: GSLU | E7: MM | G7: 45861 | H7: 3.6047351 | I7: Arizona v California | J7: San Francisco River | K7: SF | L7: Luna | M7: LU | O7: PN | P7: Pasture (Native) | Q7: 3.6047351 | R7: 1 | S7: Flood irrigated | T7: OSE File No. 01098, William S Laney Ditch | V7: 9 | X7: 01098 | Y7: T5S | Z7: R20W | AA7: 24 | AB7: CA | AC7: Randolph Jenks | AD7: 1894 | AE7: 432 | AI7: 535.16624 | AJ7: 14587.904
A8: 7 | B8: GSLU-00007 | C8: GSF | D8: GSLU | E8: MM | G8: 45861 | H8: 1.4092835 | I8: Arizona v California | J8: San Francisco River | K8: SF | L8: Luna | M8: LU | O8: PN | P8: Pasture (Native) | Q8: 1.4092835 | R8: 1 | S8: Flood irrigated | T8: OSE File No. 01098, William S Laney Ditch | V8: 9 | X8: 01098 | Y8: T5S | Z8: R20W | AA8: 24 | AB8: CA | AC8: Randolph Jenks | AD8: 1892 | AE8: 430 | AI8: 324.6593 | AJ8: 5703.1907
A9: 8 | B9: GSLU-00008 | C9: GSF | D9: GSLU | E9: MM | G9: 45861 | H9: 0.85459799 | I9: Arizona v California | J9: San Francisco River | K9: SF | L9: Luna | M9: LU | O9: STD | P9: Stock Rank, Dry | Q9: 0.85459799 | R9: 0 | S9: <Null> | T9: OSE File No. LWD-SF-0310, Stock Tank, | V9: 9 | X9: LWD-SF-0310 | Y9: T5S | Z9: R20W | AA9: 24 | AB9: CA | AC9: Clyde Hamblin | AD9: 1894 | AE9: 428 | AI9: 253.68967 | AJ9: 3458.4492
A10: 9 | B10: GSLU-00009 | C10: GSF | D10: GSLU | E10: MM | G10: 45861 | H10: 0.38043626 | I10: Arizona v California | J10: San Francisco River | K10: SF | L10: Luna | M10: LU | O10: STD | P10: Stock Rank, Dry | Q10: 0.38043626 | R10: 0 | S10: <Null> | T10: OSE File No. LWD-SF-0310, Stock Tank, | V10: 9 | X10: LWD-SF-0310 | Y10: T5S | Z10: R20W | AA10: 24 | AB10: CA | AC10: Reynolds Bros. | AD10: 1894 | AE10: 428 | AI10: 197.63554 | AJ10: 1539.5771
A11: 10 | B11: GSLU-00010 | C11: GSF | D11: GSLU | E11: MM | G11: 45861 | H11: 4.4841213 | I11: Arizona v California | J11: San Francisco River | K11: SF | L11: Luna | M11: LU | O11: PN | P11: Pasture (Native) | Q11: 4.4841213 | R11: 1 | S11: Flood irrigated | T11: OSE File No. 01098, William S Laney Ditch | V11: 9 | X11: 01098 | Y11: T5S | Z11: R20W | AA11: 24 | AB11: CA | AC11: Randolph Jenks | AD11: 1892 | AE11: 430 | AI11: 563.50372 | AJ11: 18146.668
A12: 11 | B12: GSLU-00013 | C12: GSF | D12: GSLU | E12: MM | G12: 45861 | H12: 2.2756253 | I12: Arizona v California | J12: San Francisco River | K12: SF | L12: Luna | M12: LU | O12: PN | P12: Pasture (Native) | Q12: 2.2756253 | R12: 1 | S12: Flood irrigated | T12: OSE File No. 01098, William S Laney Ditch | V12: 9 | X12: 01098 | Y12: T5S | Z12: R20W | AA12: 24 | AB12: CA | AC12: Randolph Jenks | AD12: 1894 | AE12: 432 | AI12: 419.92362 | AJ12: 9209.1657
A13: 12 | B13: GSLU-00014 | C13: GSF | D13: GSLU | E13: MM | G13: 45861 | H13: 3.4686161 | I13: Arizona v California | J13: San Francisco River | K13: SF | L13: Luna | M13: LU | O13: PN | P13: Pasture (Native) | Q13: 3.4686161 | R13: 1 | S13: Flood irrigated | T13: OSE File No. 01098, William S Laney Ditch | V13: 10 | X13: 01098 | Y13: T5S | Z13: R20W | AA13: 24 | AB13: CA | AC13: Reynolds Bros. | AD13: 1894 | AE13: 425 & 428 | AI13: 485.62566 | AJ13: 14037.048
A14: 13 | B14: GSLU-00015 | C14: GSF | D14: GSLU | E14: MM | G14: 45861 | H14: 1.8545625 | I14: Arizona v California | J14: San Francisco River | K14: SF | L14: Luna | M14: LU | O14: PN | P14: Pasture (Native) | Q14: 1.8545625 | R14: 1 | S14: Flood irrigated | T14: OSE File No. 01098, William S Laney Ditch | V14: 10 | X14: 01098 | Y14: T5S | Z14: R20W | AA14: 24 | AB14: CA | AC14: Reynolds Bros. | AD14: 1894 | AE14: 425 & 428 | AI14: 403.31654 | AJ14: 7505.178
A15: 14 | B15: GSLU-00016 | C15: GSF | D15: GSLU | E15: MM | G15: 45861 | H15: 6.9791337 | I15: Arizona v California | J15: San Francisco River | K15: SF | L15: Luna | M15: LU | O15: PN | P15: Pasture (Native) | Q15: 6.9791337 | R15: 1 | S15: Flood irrigated | T15: OSE File No. 01098, William S Laney Ditch | V15: 10 | X15: 01098 | Y15: T5S | Z15: R20W | AA15: 24 | AB15: CA | AC15: Reynolds Bros. | AD15: 1894 | AE15: 425 & 428 | AI15: 899.65429 | AJ15: 28243.665
A16: 15 | B16: GSLU-00017 | C16: GSF | D16: GSLU | E16: MM | G16: 45861 | H16: 13.535435 | I16: Arizona v California | J16: San Francisco River | K16: SF | L16: Luna | M16: LU | O16: PN | P16: Pasture (Native) | Q16: 13.535435 | R16: 1 | S16: Flood irrigated | T16: Out No Right | V16: 10 | X16: No Right | Y16: T5S | Z16: R20W | AA16: 24 | AB16: CA | AC16: Reynolds Bros. | AE16: <Null> | AF16: 11.4 | AI16: 1004.3463 | AJ16: 54776.181
A17: 16 | B17: GSLU-00018 | C17: GSF | D17: GSLU | E17: MM | G17: 45861 | H17: 3.2320483 | I17: Arizona v California | J17: San Francisco River | K17: SF | L17: Luna | M17: LU | O17: FA | P17: Fallow, idle or otherwise not irrigated | Q17: 3.2320483 | R17: 4 | S17: Not irrigated | T17: OSE File No. 01098, William S Laney Ditch | V17: 10 | X17: 01098 | Y17: T5S | Z17: R20W | AA17: 24 | AB17: CA | AC17: Reynolds Bros. | AD17: 1894 | AE17: 425 & 428 | AI17: 518.07104 | AJ17: 13079.688
A18: 17 | B18: GSLU-00019 | C18: GSF | D18: GSLU | E18: MM | G18: 45861 | H18: 1.0901444 | I18: Arizona v California | J18: San Francisco River | K18: SF | L18: Luna | M18: LU | O18: FA | P18: Fallow, idle or otherwise not irrigated | Q18: 1.0901444 | R18: 4 | S18: Not irrigated | T18: OSE File No. 01098, William S Laney Ditch | V18: 10 | X18: 01098 | Y18: T5S | Z18: R20W | AA18: 24 | AB18: CA | AC18: Reynolds | AD18: 1894 | AE18: 425 & 428 | AI18: 358.66546 | AJ18: 4411.6753
A19: 18 | B19: GSLU-00020 | C19: GSF | D19: GSLU | E19: MM | G19: 45861 | H19: 4.2319618 | I19: Arizona v California | J19: San Francisco River | K19: SF | L19: Luna | M19: LU | O19: FA | P19: Fallow, idle or otherwise not irrigated | Q19: 4.2319618 | R19: 4 | S19: Not irrigated | T19: OSE File No. 01098, William S Laney Ditch | V19: 10 | X19: 01098 | Y19: T5S | Z19: R20W | AA19: 24 | AB19: CA | AC19: Reynolds Bros. | AD19: 1894 | AE19: 425 & 428 | AI19: 608.03213 | AJ19: 17126.21
A20: 19 | B20: GSLU-00021 | C20: GSF | D20: GSLU | E20: MM | G20: 45861 | H20: 0.45445609 | I20: Arizona v California | J20: San Francisco River | K20: SF | L20: Luna | M20: LU | O20: RD | P20: Reservoir Dry | Q20: 0.45445609 | R20: 0 | S20: <Null> | T20: OSE File No. 01098, William S Laney Ditch, Reservoir, Dry | V20: 10 | X20: 01098 | Y20: T5S | Z20: R20W | AA20: 24 | AB20: CA | AC20: Reynolds Bros. | AD20: 1894 | AE20: 425 & 428 | AF20: <Null> | AI20: 164.88402 | AJ20: 1839.1259
A21: 20 | B21: GSLU-00022 | C21: GSF | D21: GSLU | E21: MM | G21: 45861 | H21: 36.404292 | I21: Arizona v California | J21: San Francisco River | K21: SF | L21: Luna | M21: LU | O21: OUT | P21: Out Areas | Q21: 36.404292 | R21: 0 | S21: <Null> | T21: No Right | V21: 10 | X21: No Right | Y21: T5S | Z21: R20W | AA21: 25 | AB21: CA | AC21: H.L. Reynolds | AF21: 33.4 | AI21: 1738.7178 | AJ21: 147323.53
A22: 21 | B22: GSLU-00023 | C22: GSF | D22: GSLU | E22: MM | G22: 45861 | H22: 0.69218926 | I22: Arizona v California | J22: San Francisco River | K22: SF | L22: Luna | M22: LU | O22: OUT | P22: Out Areas | Q22: 0.69218926 | R22: 0 | S22: <Null> | T22: No Right, Reservoir, Dry | V22: 10 | X22: No Right | Y22: T5S | Z22: R20W | AA22: 25 | AB22: CA | AC22: H.L. Reynolds | AF22: 0.6 | AI22: 201.39668 | AJ22: 2801.2018
A23: 22 | B23: GSLU-00024 | C23: GSF | D23: GSLU | E23: MM | G23: 45861 | H23: 6.1873226 | I23: Arizona v California | J23: San Francisco River | K23: SF | L23: Luna | M23: LU | O23: OUT | P23: Out Areas | Q23: 6.1873226 | R23: 0 | S23: <Null> | T23: No Right | V23: 10 | X23: No Right | Y23: T5S | Z23: R20W | AA23: 25 | AB23: CA | AC23: H.L. Reynolds | AF23: 5.5 | AI23: 969.48397 | AJ23: 25039.306
A24: 23 | B24: GSLU-00025 | C24: GSF | D24: GSLU | E24: MM | G24: 45861 | H24: 18.568413 | I24: Arizona v California | J24: San Francisco River | K24: SF | L24: Luna | M24: LU | O24: OUT | P24: Out Areas | Q24: 18.568413 | R24: 0 | S24: <Null> | T24: No Right | V24: 10 | X24: No Right | Y24: T5S | Z24: R20W | AA24: 25 | AB24: CA | AC24: H.L. Reynolds | AF24: 17.1 | AI24: 1069.5164 | AJ24: 75144.004
A25: 24 | B25: GSLU-00026 | C25: GSF | D25: GSLU | E25: MM | G25: 45861 | H25: 14.500818 | I25: Arizona v California | J25: San Francisco River | K25: SF | L25: Luna | M25: LU | O25: OUT | P25: Out Areas | Q25: 14.500818 | R25: 0 | S25: <Null> | T25: No Right | V25: 10 | X25: No Right | Y25: T5S | Z25: R19W | AA25: 30 | AB25: CA | AC25: H.L. Reynolds | AF25: 13.4 | AI25: 995.47221 | AJ25: 58682.961
A26: 25 | B26: GSLU-00029 | C26: GSF | D26: GSLU | E26: MM | G26: 45861 | H26: 17.013421 | I26: Arizona v California | J26: San Francisco River | K26: SF | L26: Luna | M26: LU | O26: FA | P26: Fallow, idle or otherwise not irrigated | Q26: 17.013421 | R26: 4 | S26: Not irrigated | T26: OSE File No. 01058, William S. Laney Ditch | V26: 10 | X26: 01058 | Y26: T5S | Z26: R19W | AA26: 30 | AB26: CA | AC26: Leon Reynolds | AD26: 1894 | AE26: 432 | AI26: 1337.301 | AJ26: 68851.147
A27: 26 | B27: GSLU-00030 | C27: GSF | D27: GSLU | E27: MM | G27: 45861 | H27: 12.953952 | I27: Arizona v California | J27: San Francisco River | K27: SF | L27: Luna | M27: LU | O27: OUT | P27: Out Areas | Q27: 12.953952 | R27: 0 | S27: <Null> | T27: No Right | V27: 10 | X27: No Right | Y27: T5S | Z27: R19W | AA27: 30 | AB27: CA | AC27: Leon Reynolds | AF27: 11.9 | AI27: 952.21566 | AJ27: 52422.995
A28: 27 | B28: GSLU-00032 | C28: GSF | D28: GSLU | E28: MM | G28: 45861 | H28: 8.3654125 | I28: Arizona v California | J28: San Francisco River | K28: SF | L28: Luna | M28: LU | O28: OUT | P28: Out Areas | Q28: 8.3654125 | R28: 0 | S28: <Null> | T28: No Right | V28: 11 | X28: No Right | Y28: T5S | Z28: R19W | AA28: 30 | AB28: CA | AC28: Leon Reynolds | AF28: 9.0 | AI28: 787.52575 | AJ28: 33853.759
A29: 28 | B29: GSLU-00033 | C29: GSF | D29: GSLU | E29: MM | G29: 45861 | H29: 22.683236 | I29: Arizona v California | J29: San Francisco River | K29: SF | L29: Luna | M29: LU | O29: OUT | P29: Out Areas | Q29: 22.683236 | R29: 0 | S29: <Null> | T29: No Right | V29: 11 | X29: No Right | Y29: T5S | Z29: R19W | AA29: 30 | AB29: CA | AC29: Leon Reynolds | AF29: 24.0 | AI29: 1351.5773 | AJ29: 91796.168
A30: 29 | B30: GSLU-00034 | C30: GSF | D30: GSLU | E30: MM | G30: 45861 | H30: 1.6976454 | I30: Arizona v California | J30: San Francisco River | K30: SF | L30: Luna | M30: LU | O30: OUT | P30: Out Areas | Q30: 1.6976454 | R30: 0 | S30: <Null> | T30: No Right | V30: 11 | X30: No Right | Y30: T5S | Z30: R19W | AA30: 30 | AB30: CA | AC30: Shelby Laney | AF30: 1.8 | AI30: 373.31916 | AJ30: 6870.1545
A31: 30 | B31: GSLU-00035 | C31: GSF | D31: GSLU | E31: MM | G31: 45861 | H31: 1.0987851 | I31: Arizona v California | J31: San Francisco River | K31: SF | L31: Luna | M31: LU | O31: OUT | P31: Out Areas | Q31: 1.0987851 | R31: 0 | S31: <Null> | T31: No Right | V31: 11 | X31: No Right | Y31: T5S | Z31: R19W | AA31: 30 | AB31: CA | AC31: Shelby Lane | AF31: 1.1 | AI31: 298.68847 | AJ31: 4446.6433
A32: 31 | B32: GSLU-00036 | C32: GSF | D32: GSLU | E32: MM | G32: 45861 | H32: 5.2976114 | I32: Arizona v California | J32: San Francisco River | K32: SF | L32: Luna | M32: LU | O32: OUT | P32: Out Areas | Q32: 5.2976114 | R32: 0 | S32: <Null> | T32: No Right | V32: 11 | X32: No Right | Y32: T5S | Z32: R19W | AA32: 32 | AB32: CA | AC32: A.W. Laney | AF32: 5.6 | AI32: 587.87375 | AJ32: 21438.758
A33: 32 | B33: GSLU-00037 | C33: GSF | D33: GSLU | E33: MM | G33: 45861 | H33: 4.8859947 | I33: Arizona v California | J33: San Francisco River | K33: SF | L33: Luna | M33: LU | N33: A. Laney Ditch | O33: PN | P33: Pasture (Native) | Q33: 4.8859947 | R33: 1 | S33: Flood irrigated | T33: OSE File No. 01839, A. Laney Ditch | V33: 12 | X33: 1839 | Y33: T5S | Z33: R19W | AA33: 33 | AB33: CA | AD33: 1895 | AE33: 404 | AF33: <Null> | AI33: 701.42961 | AJ33: 19772.998
A34: 33 | B34: GSLU-00038 | C34: GSF | D34: GSLU | E34: MM | G34: 45861 | H34: 8.3864003 | I34: Arizona v California | J34: San Francisco River | K34: SF | L34: Luna | M34: LU | N34: A. Laney Ditch | O34: PN | P34: Pasture (Native) | Q34: 8.3864003 | R34: 1 | S34: Flood irrigated | T34: OSE File No. 01839, A. Laney Ditch | V34: 12 | X34: 01839 | Y34: T5S | Z34: R19W | AA34: 32 | AB34: CA | AC34: Alvin Laney | AD34: 1897 | AE34: 403 | AI34: 731.7933 | AJ34: 33938.694
A35: 34 | B35: GSLU-00039 | C35: GSF | D35: GSLU | E35: MM | G35: 45861 | H35: 12.874172 | I35: Arizona v California | J35: San Francisco River | K35: SF | L35: Luna | M35: LU | O35: OUT | P35: Out Areas | Q35: 12.874172 | R35: 0 | S35: <Null> | T35: No Right | V35: 11 | X35: No Right | Y35: T5S | Z35: R19W | AA35: 32 | AB35: CA | AC35: Alvin Laney | AF35: 13.5 | AI35: 920.77263 | AJ35: 52100.132
A36: 35 | B36: GSLU-00040 | C36: GSF | D36: GSLU | E36: MM | G36: 45861 | H36: 1.5390916 | I36: Arizona v California | J36: San Francisco River | K36: SF | L36: Luna | M36: LU | O36: OUT | P36: Out Areas | Q36: 1.5390916 | R36: 0 | S36: <Null> | T36: No Right | V36: 11 | X36: No Right | Y36: T5S | Z36: R19W | AA36: 32 | AB36: CA | AC36: A.W. Laney | AF36: 1.7 | AI36: 448.10648 | AJ36: 6228.5078
A37: 36 | B37: GSLU-00041 | C37: GSF | D37: GSLU | E37: MM | G37: 45861 | H37: 6.0593554 | I37: Arizona v California | J37: San Francisco River | K37: SF | L37: Luna | M37: LU | N37: A. Laney Ditch | O37: PN | P37: Pasture (Native) | Q37: 6.0593554 | R37: 1 | S37: Flood irrigated | T37: OSE File No. 01839, A. Laney Ditch | V37: 12 | X37: 01839 | Y37: T5S | Z37: R19W | AA37: 32 | AB37: CA | AD37: 1895 | AE37: 404 | AI37: 715.95594 | AJ37: 24521.439
A38: 37 | B38: GSLU-00043 | C38: GSF | D38: GSLU | E38: MM | G38: 45860 | H38: 100.56504 | I38: Arizona v California | J38: San Francisco River | K38: SF | L38: Luna | M38: LU | O38: OUT | P38: Out Areas | Q38: 99.09363 | R38: 0 | S38: <Null> | V38: 2 | X38: No Right | Y38: T5S | Z38: R20W | AA38: 33 | AB38: CA | AC38: Randolph Jenks | AI38: 3105.6983 | AJ38: 401019.3
A39: 38 | B39: GSLU-00044 | C39: GSF | D39: GSLU | E39: MM | G39: 45861 | H39: 3.418493 | I39: Arizona v California | J39: San Francisco River | K39: SF | L39: Luna | M39: LU | O39: OUT | P39: Out Areas | Q39: 3.418493 | R39: 0 | S39: <Null> | T39: No Right | V39: 12 | X39: No Right | Y39: T5S | Z39: R19W | AA39: 32 | AB39: CA | AC39: Alvin Laney | AF39: 3.6 | AI39: 478.51386 | AJ39: 13834.206
A40: 39 | B40: GSLU-00045 | C40: GSF | D40: GSLU | E40: MM | G40: 45861 | H40: 1.6727742 | I40: Arizona v California | J40: San Francisco River | K40: SF | L40: Luna | M40: LU | O40: OUT | P40: Out Areas | Q40: 1.6727742 | R40: 0 | S40: <Null> | T40: No Right | V40: 12 | X40: No Right | Y40: T5S | Z40: R19W | AA40: 32 | AB40: CA | AC40: A.W. Laney | AF40: 1.8 | AI40: 402.2316 | AJ40: 6769.504
A41: 40 | B41: GSLU-00046 | C41: GSF | D41: GSLU | E41: MM | G41: 45861 | H41: 1.839273 | I41: Arizona v California | J41: San Francisco River | K41: SF | L41: Luna | M41: LU | O41: PN | P41: Pasture (Native) | Q41: 1.839273 | R41: 1 | S41: Flood irrigated | T41: OSE File No. 01838, Spring | V41: 12 | X41: 01838 | Y41: T5S | Z41: R19W | AA41: 32 | AB41: CA | AC41: A.W. Laney | AD41: 1861 | AE41: 404 | AI41: 420.21105 | AJ41: 7443.3034
A42: 41 | B42: GSLU-00047 | C42: GSF | D42: GSLU | E42: MM | G42: 45861 | H42: 0.41418326 | I42: Arizona v California | J42: San Francisco River | K42: SF | L42: Luna | M42: LU | O42: PN | P42: Pasture (Native) | Q42: 0.41418326 | R42: 1 | S42: Flood irrigated | T42: OSE File No. 01838, Spring | V42: 12 | X42: 01838 | Y42: T5S | Z42: R19W | AA42: 32 | AB42: CA | AC42: A.W. Laney | AD42: 1861 | AE42: 404 | AI42: 252.53445 | AJ42: 1676.1469
A43: 42 | B43: GSLU-00048 | C43: GSF | D43: GSLU | E43: MM | G43: 45860 | H43: 4.4259179 | I43: Arizona v California | J43: San Francisco River | K43: SF | L43: Luna | M43: LU | O43: OUT | P43: Out Areas | Q43: 4.4259179 | R43: 0 | S43: <Null> | T43: No Right | V43: 2 | X43: No Right | Y43: T5S | Z43: R20W | AA43: 33 | AB43: CA | AC43: Randolph Jenks | AF43: 4.2 | AI43: 564.61126 | AJ43: 17911.126
A44: 43 | B44: GSLU-00049 | C44: GSF | D44: GSLU | E44: MM | G44: 45860 | H44: 12.234297 | I44: Arizona v California | J44: San Francisco River | K44: SF | L44: Luna | M44: LU | O44: FA | P44: Fallow, idle or otherwise not irrigated | Q44: 12.234297 | R44: 4 | S44: Not irrigated | T44: OSE File No. 0459 & 0459-a, Adair Ditch | V44: 2 | X44: 0459 & 0459-A | Y44: T5S | Z44: R20W | AA44: 33 | AB44: CA | AC44: Randolph Jenks | AD44: 1883 | AE44: 401 | AI44: 960.57322 | AJ44: 49510.64
A45: 44 | B45: GSLU-00051 | C45: GSF | D45: GSLU | E45: MM | G45: 45860 | H45: 0.23550001 | I45: Arizona v California | J45: San Francisco River | K45: SF | L45: Luna | M45: LU | O45: RW | P45: Reservoir Retaining water (note volume in remarks) | Q45: 0.23550001 | R45: 0 | S45: <Null> | T45: OSE File No. LWD-SF-098, Reservoir 2% Full | V45: 4 | X45: LWD-SF-098 | Y45: T5S | Z45: R20W | AA45: 33 | AB45: CA | AI45: 114.02723 | AJ45: 953.03855
A46: 45 | B46: GSLU-00052 | C46: GSF | D46: GSLU | E46: MM | G46: 45861 | H46: 4.5142415 | I46: Arizona v California | J46: San Francisco River | K46: SF | L46: Luna | M46: LU | O46: FA | P46: Fallow, idle or otherwise not irrigated | Q46: 4.5142415 | R46: 4 | S46: Not irrigated | T46: OSE File No. 02262, Minnie Reynolds Ditch, Move form this location | V46: 2 | X46: 02262 | Y46: T5S | Z46: R20W | AA46: 32 | AB46: CA | AC46: Minnie Reynolds | AD46: 1899 | AE46: 434 | AI46: 660.17391 | AJ46: 18268.56
A47: 46 | B47: GSLU-00053 | C47: GSF | D47: GSLU | E47: MM | G47: 45860 | H47: 11.642346 | I47: Arizona v California | J47: San Francisco River | K47: SF | L47: Luna | M47: LU | O47: FA | P47: Fallow, idle or otherwise not irrigated | Q47: 11.642346 | R47: 4 | S47: Not irrigated | V47: 4 | X47: No Right | Y47: T5S | Z47: R20W | AA47: 33 | AB47: CA | AC47: Randolph Jenks | AE47: 401 | AF47: 13.1 | AI47: 914.36575 | AJ47: 47115.089
A48: 47 | B48: GSLU-00054 | C48: GSF | D48: GSLU | E48: MM | G48: 45860 | H48: 0.57061231 | I48: Arizona v California | J48: San Francisco River | K48: SF | L48: Luna | M48: LU | O48: FA | P48: Fallow, idle or otherwise not irrigated | Q48: 0.57061231 | R48: 4 | S48: Not irrigated | V48: 4 | X48: No Right | Y48: T5S | Z48: R20W | AA48: 34 | AB48: CA | AC48: Randolph Jenks | AF48: 0.6 | AI48: 193.28215 | AJ48: 2309.1953
A49: 48 | B49: GSLU-00055 | C49: GSF | D49: GSLU | E49: MM | G49: 45861 | H49: 41.017024 | I49: Arizona v California | J49: San Francisco River | K49: SF | L49: Luna | M49: LU | O49: OUT | P49: Out Areas | Q49: 41.017024 | R49: 0 | S49: <Null> | T49: No Right | V49: 2 | X49: No Right | Y49: T5S | Z49: R20W | AA49: 32 | AB49: CA | AC49: Minnie Reynolds | AI49: 1640.1966 | AJ49: 165990.67
A50: 49 | B50: GSLU-00056 | C50: GSF | D50: GSLU | E50: MM | G50: 45860 | H50: 0.30067877 | I50: Arizona v California | J50: San Francisco River | K50: SF | L50: Luna | M50: LU | N50: L. Laney Ditch | O50: RW | P50: Reservoir Retaining water (note volume in remarks) | Q50: 0.30067877 | S50: <Null> | T50: Reservoir 0.3 5% full | V50: 4 | X50: SD-01833-1 | Y50: T5S | Z50: R20W | AA50: 34 | AB50: CA | AC50: Paul Randolph Sutton | AD50: 1889 | AE50: 401 | AG50: NW1/4NW1/4SW1/4 | AH50: 125500 | AI50: 138.56321 | AJ50: 1216.8087
A51: 50 | B51: GSLU-00057 | C51: GSF | D51: GSLU | E51: MM | G51: 45860 | H51: 46.401189 | I51: Arizona v California | J51: San Francisco River | K51: SF | L51: Luna | M51: LU | N51: L. Laney Ditch | O51: FA | P51: Fallow, idle or otherwise not irrigated | Q51: 46.401189 | R51: 4 | S51: Not irrigated | T51: OSE File No. 01833 and 01833 A, Leslie Laney Ditch | V51: 4 | X51: SD-01833-1 | Y51: T5S | Z51: R20W | AA51: 34 | AB51: CA | AC51: Paul Randolph Sutton | AD51: 1889 | AE51: 401 | AG51: SW1/4 | AH51: 125500 | AI51: 1864.2153 | AJ51: 187779.7
A52: 51 | B52: GSLU-00058 | C52: GSF | D52: GSLU | E52: MM | G52: 45860 | H52: 12.967544 | I52: Arizona v California | J52: San Francisco River | K52: SF | L52: Luna | M52: LU | O52: OUT | P52: Out Areas | Q52: 12.967544 | S52: <Null> | T52: No Right | V52: 2 | X52: No Right | Y52: T5S | Z52: R20W | AA52: 33 | AB52: CA | AC52: Randolph Jenks | AI52: 2101.1408 | AJ52: 52477.998
A53: 52 | B53: GSLU-00059 | C53: GSF | D53: GSLU | E53: MM | G53: 45860 | H53: 21.162527 | I53: Arizona v California | J53: San Francisco River | K53: SF | L53: Luna | M53: LU | O53: OUT | P53: Out Areas | Q53: 21.162527 | S53: <Null> | T53: No Right, Dry Farm | V53: 2 | X53: No Right | Y53: T5S | Z53: R20W | AA53: 33 | AB53: CA | AC53: Alex Patterson | AE53: 418 | AI53: 1669.3325 | AJ53: 85642.051
A54: 53 | B54: GSLU-00060 | C54: GSF | D54: GSLU | E54: MM | G54: 45860 | H54: 0.78742165 | I54: Arizona v California | J54: San Francisco River | K54: SF | L54: Luna | M54: LU | O54: FA | P54: Fallow, idle or otherwise not irrigated | Q54: 0.78742165 | R54: 4 | S54: Not irrigated | V54: 4 | X54: No Right | Y54: T5S | Z54: R20W | AA54: 34 | AB54: CA | AC54: Randolph Jenks | AF54: 0.8 | AI54: 245.8526 | AJ54: 3186.5951
A55: 54 | B55: GSLU-00061 | C55: GSF | D55: GSLU | E55: MM | G55: 45861 | H55: 0.5116009 | I55: Arizona v California | J55: San Francisco River | K55: SF | L55: Luna | M55: LU | O55: OUT | P55: Out Areas | Q55: 0.5116009 | T55: OSE File No. 02262, Minnie Reynolds Ditch, Reservoir, Dry, Rights moved by permit | V55: 2 | X55: 02262 | Y55: T5S | Z55: R20W | AA55: 32 | AB55: CA | AC55: Minnie Reynolds | AD55: 1889 | AE55: 434 | AI55: 189.99389 | AJ55: 2070.3837
A56: 55 | B56: GSLU-00062 | C56: GSF | D56: GSLU | E56: MM | G56: 45860 | H56: 0.097388185 | I56: Arizona v California | J56: San Francisco River | K56: SF | L56: Luna | M56: LU | O56: STD | P56: Stock Rank, Dry | Q56: 0.097388185 | S56: <Null> | T56: Stock Tank | V56: 2 | X56: Stock Tank _x000D_ Stock Tank | Y56: T5S | Z56: R20W | AA56: 33 | AB56: CA | AC56: Randolph Jenks | AI56: 78.586388 | AJ56: 394.11758
A57: 56 | B57: GSLU-00063 | C57: GSF | D57: GSLU | E57: MM | G57: 45860 | H57: 4.2562127 | I57: Arizona v California | J57: San Francisco River | K57: SF | L57: Luna | M57: LU | O57: OUT | P57: Out Areas | Q57: 4.2562127 | S57: <Null> | T57: Dry Farm | V57: 2 | X57: No Right | Y57: T5S | Z57: R20W | AA57: 33 | AB57: CA | AC57: Randolph Jenks | AI57: 734.79613 | AJ57: 17224.351
A58: 57 | B58: GSLU-00064 | C58: GSF | D58: GSLU | E58: MM | G58: 45861 | H58: 3.9643457 | I58: Arizona v California | J58: San Francisco River | K58: SF | L58: Luna | M58: LU | N58: North Luna Ditch | O58: FA | P58: Fallow, idle or otherwise not irrigated | Q58: 3.9643457 | R58: 4 | S58: Not irrigated | T58: OSE File No. 01502, North Side Luna Ditch | V58: 2 | X58: 01502 | Y58: T5S | Z58: R20W | AA58: 32 | AB58: CA | AD58: 1892 | AE58: 434 | AI58: 519.79867 | AJ58: 16043.202
A59: 58 | B59: GSLU-00065 | C59: GSF | D59: GSLU | E59: MM | G59: 45860 | H59: 15.631107 | I59: Arizona v California | J59: San Francisco River | K59: SF | L59: Luna | M59: LU | O59: OUT | P59: Out Areas | Q59: 15.631107 | S59: <Null> | T59: Dry Farm | V59: 2 | X59: No Right | Y59: T5S | Z59: R20W | AA59: 33 | AB59: CA | AC59: Randolph Jenks | AI59: 1122.5041 | AJ59: 63257.097
A60: 59 | B60: GSLU-00066 | C60: GSF | D60: GSLU | E60: MM | G60: 45860 | H60: 0.10143882 | I60: Arizona v California | J60: San Francisco River | K60: SF | L60: Luna | M60: LU | O60: STD | P60: Stock Rank, Dry | Q60: 0.10143882 | S60: <Null> | T60: Stock Tank | V60: 2 | X60: Stock Tank Stock Tank | Y60: T5S | Z60: R20W | AA60: 33 | AB60: CA | AC60: Randolph Jenks | AI60: 81.528491 | AJ60: 410.50999
A61: 60 | B61: GSLU-00067 | C61: GSF | D61: GSLU | E61: MM | G61: 45860 | H61: 13.859564 | I61: Arizona v California | J61: San Francisco River | K61: SF | L61: Luna | M61: LU | O61: OUT | P61: Out Areas | Q61: 13.859564 | S61: <Null> | T61: No Right | V61: 2 | X61: No Right | Y61: T5S | Z61: R20W | AA61: 33 | AB61: CA | AC61: Randolph Jenks | AI61: 1098.6407 | AJ61: 56087.891
A62: 61 | B62: GSLU-00068 | C62: GSF | D62: GSLU | E62: MM | G62: 45860 | H62: 0.57618213 | I62: Arizona v California | J62: San Francisco River | K62: SF | L62: Luna | M62: LU | O62: OUT | P62: Out Areas | Q62: 0.57618213 | S62: <Null> | T62: No Right | V62: 2 | X62: No Right | Y62: T5S | Z62: R20W | AA62: 32 | AB62: CA | AC62: Minnie Reynolds | AF62: 0.5 | AI62: 227.60067 | AJ62: 2331.7357
A63: 62 | B63: GSLU-00069 | C63: GSF | D63: GSLU | E63: MM | G63: 45860 | H63: 0.1237539 | I63: Arizona v California | J63: San Francisco River | K63: SF | L63: Luna | M63: LU | O63: STD | P63: Stock Rank, Dry | Q63: 0.1237539 | S63: <Null> | T63: Stock Tank | V63: 2 | X63: Stock Tank | Y63: T5S | Z63: R20W | AA63: 33 | AB63: CA | AC63: Randolph Jenks | AI63: 88.677726 | AJ63: 500.81628
A64: 63 | B64: GSLU-00070 | C64: GSF | D64: GSLU | E64: MM | G64: 45860 | H64: 2.1379235 | I64: Arizona v California | J64: San Francisco River | K64: SF | L64: Luna | M64: LU | N64: North Luna Ditch | O64: FA | P64: Fallow, idle or otherwise not irrigated | Q64: 2.1379235 | R64: 4 | S64: Not irrigated | T64: OSE File No. 01502, North Side Luna Ditch | V64: 2 | X64: 01502 | Y64: T5S | Z64: R20W | AA64: 32 | AB64: CA | AC64: George Reynolds | AD64: 1892 | AE64: 427 | AI64: 364.75083 | AJ64: 8651.9039
A65: 64 | B65: GSLU-00071 | C65: GSF | D65: GSLU | E65: MM | G65: 45860 | H65: 0.27604312 | I65: Arizona v California | J65: San Francisco River | K65: SF | L65: Luna | M65: LU | N65: North Luna Ditch | O65: FA | P65: Fallow, idle or otherwise not irrigated | Q65: 0.27604312 | R65: 4 | S65: Not irrigated | T65: OSE File No. 01502, North Side Luna Ditch | V65: 2 | X65: 01502 | Y65: T5S | Z65: R20W | AA65: 32 | AB65: CA | AC65: Walter Reynolds | AD65: 1892 | AE65: 436 | AI65: 151.79459 | AJ65: 1117.1114
A66: 65 | B66: GSLU-00072 | C66: GSF | D66: GSLU | E66: MM | G66: 45860 | H66: 0.14330565 | I66: Arizona v California | J66: San Francisco River | K66: SF | L66: Luna | M66: LU | O66: FA | P66: Fallow, idle or otherwise not irrigated | Q66: 0.14330565 | R66: 4 | S66: Not irrigated | T66: Waterd from domestic well | V66: 2 | X66: GSF- | Y66: T5S | Z66: R20W | AA66: 32 | AB66: CA | AC66: George Reynolds | AD66: 1892 | AI66: 96.921908 | AJ66: 579.9397
A67: 66 | B67: GSLU-00073 | C67: GSF | D67: GSLU | E67: MM | G67: 45860 | H67: 6.198978 | I67: Arizona v California | J67: San Francisco River | K67: SF | L67: Luna | M67: LU | N67: North Luna Ditch | O67: FA | P67: Fallow, idle or otherwise not irrigated | Q67: 6.198978 | R67: 4 | S67: Not irrigated | T67: OSE File No. 01502, North Side Luna Ditch | V67: 2 | X67: 01502 | Y67: T5S | Z67: R20W | AA67: 32 | AB67: CA | AC67: Tom Adair | AD67: 1892 | AE67: 572 | AI67: 778.01801 | AJ67: 25086.474
A68: 67 | B68: GSLU-00074 | C68: GSF | D68: GSLU | E68: MM | G68: 45860 | H68: 2.8662693 | I68: Arizona v California | J68: San Francisco River | K68: SF | L68: Luna | M68: LU | N68: North Luna Ditch | O68: FA | P68: Fallow, idle or otherwise not irrigated | Q68: 2.8662693 | R68: 4 | S68: Not irrigated | T68: OSE File No. 01502, North Side Luna Ditch | V68: 2 | X68: 01502 | Y68: T5S | Z68: R20W | AA68: 32 | AB68: CA | AC68: George Reynolds | AD68: 1892 | AE68: 427 | AI68: 526.2078 | AJ68: 11599.427
A69: 68 | B69: GSLU-00076 | C69: GSF | D69: GSLU | E69: MM | G69: 45860 | H69: 5.9979624 | I69: Arizona v California | J69: San Francisco River | K69: SF | L69: Luna | M69: LU | N69: North Luna Ditch | O69: FA | P69: Fallow, idle or otherwise not irrigated | Q69: 5.9979624 | R69: 4 | S69: Not irrigated | T69: OSE File No. 01502, North Side Luna Ditch | V69: 2 | X69: 01502 | Y69: T5S | Z69: R20W | AA69: 32 | AB69: CA | AC69: Tom Adair | AD69: 1895 | AE69: 372 | AI69: 792.27694 | AJ69: 24272.99
A70: 69 | B70: GSLU-00077 | C70: GSF | D70: GSLU | E70: MM | G70: 45860 | H70: 7.8571378 | I70: Arizona v California | J70: San Francisco River | K70: SF | L70: Luna | M70: LU | O70: FA | P70: Fallow, idle or otherwise not irrigated | Q70: 7.8571378 | R70: 4 | S70: Not irrigated | T70: OSE File No. , Frank Laney Ditch | V70: 2 | X70: <Null> | Y70: T5S | Z70: R20W | AA70: 33 | AB70: CA | AC70: Frank Laney | AD70: 1895 | AE70: 407 | AI70: 847.72488 | AJ70: 31796.836
A71: 70 | B71: GSLU-00078 | C71: GSF | D71: GSLU | E71: MM | G71: 45860 | H71: 0.47103992 | I71: Arizona v California | J71: San Francisco River | K71: SF | L71: Luna | M71: LU | O71: TC | P71: Turfgrass (Cool Season) | Q71: 0.47103992 | R71: 2 | S71: Sprinkler irrigated | T71: No Right? | V71: 2 | X71: No Right | Y71: T5S | Z71: R20W | AA71: 32 | AB71: CA | AC71: Jane Husley | AE71: 399 | AF71: 0.4 | AI71: 184.01458 | AJ71: 1906.2385
A72: 71 | B72: GSLU-00079 | C72: GSF | D72: GSLU | E72: MM | G72: 45860 | H72: 0.16353329 | I72: Arizona v California | J72: San Francisco River | K72: SF | L72: Luna | M72: LU | N72: North Luna Ditch | O72: RD | P72: Reservoir Dry | Q72: 0.16353329 | S72: <Null> | T72: Stock Dry | V72: 2 | X72: Stock | Y72: T5S | Z72: R20W | AA72: 32 | AB72: CA | AF72: <Null> | AI72: 143.27751 | AJ72: 661.79839
A73: 72 | B73: GSLU-00080 | C73: GSF | D73: GSLU | E73: MM | G73: 45860 | H73: 15.219981 | I73: Arizona v California | J73: San Francisco River | K73: SF | L73: Luna | M73: LU | O73: OUT | P73: Out Areas | Q73: 15.219981 | S73: <Null> | T73: No Right | V73: 2 | X73: No Right | Y73: T5S | Z73: R20W | AA73: 33 | AB73: CA | AC73: Alex Patterson | AF73: 15.5 | AI73: 1185.7366 | AJ73: 61593.322
A74: 73 | B74: GSLU-00081 | C74: GSF | D74: GSLU | E74: MM | G74: 45860 | H74: 0.54479169 | I74: Arizona v California | J74: San Francisco River | K74: SF | L74: Luna | M74: LU | O74: TC | P74: Turfgrass (Cool Season) | Q74: 0.54479169 | R74: 2 | S74: Sprinkler irrigated | T74: No Right? | V74: 2 | X74: No Right | Y74: T5S | Z74: R20W | AA74: 32 | AB74: CA | AC74: Buford Husley | AE74: 399 | AF74: 0.5 | AI74: 214.53059 | AJ74: 2204.7026
A75: 74 | B75: GSLU-00082 | C75: GSF | D75: GSLU | E75: MM | G75: 45860 | H75: 1.0209556 | I75: Arizona v California | J75: San Francisco River | K75: SF | L75: Luna | M75: LU | N75: North Luna Ditch | O75: OUT | P75: Out Areas | Q75: 1.0209556 | S75: <Null> | T75: No Right | V75: 1 | X75: No Right | Y75: T5S | Z75: R20W | AA75: 32 | AB75: CA | AC75: Owen Reynolds | AE75: 435 | AF75: 0.8 | AI75: 271.87882 | AJ75: 4131.6773
A76: 75 | B76: GSLU-00083 | C76: GSF | D76: GSLU | E76: MM | G76: 45860 | H76: 0.3235042 | I76: Arizona v California | J76: San Francisco River | K76: SF | L76: Luna | M76: LU | N76: North Luna Ditch | O76: OUT | P76: Out Areas | Q76: 0.3235042 | S76: <Null> | T76: No Right | V76: 1 | X76: No Right | Y76: T5S | Z76: R20W | AA76: 1 | AB76: CA | AC76: Owen Reynolds | AE76: <Null> | AF76: 0.3 | AI76: 199.52568 | AJ76: 1309.1803
A77: 76 | B77: GSLU-00084 | C77: GSF | D77: GSLU | E77: MM | G77: 45860 | H77: 0.72679689 | I77: Arizona v California | J77: San Francisco River | K77: SF | L77: Luna | M77: LU | N77: North Luna Ditch | O77: FA | P77: Fallow, idle or otherwise not irrigated | Q77: 0.72679689 | R77: 4 | S77: Not irrigated | T77: OSE File No. 01502, North Side Luna Ditch | V77: 2 | X77: 01502 | Y77: T5S | Z77: R20W | AA77: 32 | AB77: CA | AC77: Cris Derick | AD77: 1892 | AE77: 384 | AI77: 230.06009 | AJ77: 2941.2544
A78: 77 | B78: GSLU-00086 | C78: GSF | D78: GSLU | E78: MM | G78: 45860 | H78: 1.8229635 | I78: Arizona v California | J78: San Francisco River | K78: SF | L78: Luna | M78: LU | N78: North Luna Ditch | O78: FA | P78: Fallow, idle or otherwise not irrigated | Q78: 1.8229635 | R78: 4 | S78: Not irrigated | T78: OSE File No. 01502, North Side Luna Ditch | V78: 1 | X78: 01502 | Y78: T5S | Z78: R20W | AA78: 1 | AB78: CA | AC78: Ed Laney | AD78: 1892 | AE78: 405 | AI78: 362.03124 | AJ78: 7377.301
A79: 78 | B79: GSLU-00087 | C79: GSF | D79: GSLU | E79: MM | G79: 45860 | H79: 7.2267414 | I79: Arizona v California | J79: San Francisco River | K79: SF | L79: Luna | M79: LU | O79: OUT | P79: Out Areas | Q79: 7.2267414 | S79: <Null> | T79: No Right, Dry Farm | V79: 2 | X79: No Right | Y79: T5S | Z79: R20W | AA79: 33 | AB79: CA | AC79: Alvin Laney | AE79: 403 | AI79: 730.42269 | AJ79: 29245.702
A80: 79 | B80: GSLU-00088 | C80: GSF | D80: GSLU | E80: MM | G80: 45860 | H80: 2.8056023 | I80: Arizona v California | J80: San Francisco River | K80: SF | L80: Luna | M80: LU | N80: North Luna Ditch | O80: FA | P80: Fallow, idle or otherwise not irrigated | Q80: 2.8056023 | R80: 4 | S80: Not irrigated | T80: OSE File No. 01502, North Side Luna Ditch | V80: 1 | X80: 01502 | Y80: T5S | Z80: R20W | AA80: 1 | AB80: CA | AC80: Clyde Hamblin | AD80: 1892 | AE80: 396 | AI80: 514.12644 | AJ80: 11353.915
A81: 80 | B81: GSLU-00089 | C81: GSF | D81: GSLU | E81: MM | G81: 45860 | H81: 4.5766629 | I81: Arizona v California | J81: San Francisco River | K81: SF | L81: Luna | M81: LU | O81: OUT | P81: Out Areas | Q81: 4.5766629 | S81: <Null> | T81: No Right | V81: 2 | X81: No Right | Y81: T5S | Z81: R20W | AA81: 33 | AB81: CA | AC81: Randolph Jenks | AI81: 685.24963 | AJ81: 18521.172
A82: 81 | B82: GSLU-00090 | C82: GSF | D82: GSLU | E82: MM | G82: 45860 | H82: 6.1121024 | I82: Arizona v California | J82: San Francisco River | K82: SF | L82: Luna | M82: LU | O82: OUT | P82: Out Areas | Q82: 6.1121024 | S82: <Null> | T82: No Right | V82: 2 | X82: No Right | Y82: T5S | Z82: R20W | AA82: 33 | AB82: CA | AC82: Randolph Jenks | AI82: 738.09615 | AJ82: 24734.9
A83: 82 | B83: GSLU-00092 | C83: GSF | D83: GSLU | E83: MM | G83: 45860 | H83: 1.2945847 | I83: Arizona v California | J83: San Francisco River | K83: SF | L83: Luna | M83: LU | N83: North Luna Ditch | O83: FA | P83: Fallow, idle or otherwise not irrigated | Q83: 1.2945847 | R83: 4 | S83: Not irrigated | T83: OSE File No. 01502, North Side Luna Ditch | V83: 2 | X83: 01502 | Y83: T5S | Z83: R20W | AA83: 32 | AB83: CA | AC83: Lamar Reynolds | AD83: 1892 | AE83: 431 | AI83: 305.69499 | AJ83: 5239.0193
A84: 83 | B84: GSLU-00093 | C84: GSF | D84: GSLU | E84: MM | G84: 45860 | H84: 1.2127169 | I84: Arizona v California | J84: San Francisco River | K84: SF | L84: Luna | M84: LU | N84: North Luna Ditch | O84: FA | P84: Fallow, idle or otherwise not irrigated | Q84: 1.2127169 | R84: 4 | S84: Not irrigated | T84: OSE File No. 01502, North Side Luna Ditch | V84: 2 | X84: 01502 | Y84: T5S | Z84: R20W | AA84: 32 | AB84: CA | AC84: Tom Adair | AD84: 1900 | AE84: 386 | AI84: 276.94038 | AJ84: 4907.7109
A85: 84 | B85: GSLU-00094 | C85: GSF | D85: GSLU | E85: MM | G85: 45860 | H85: 19.639857 | I85: Arizona v California | J85: San Francisco River | K85: SF | L85: Luna | M85: LU | N85: North Luna Ditch | O85: FA | P85: Fallow, idle or otherwise not irrigated | Q85: 19.639857 | R85: 4 | S85: Not irrigated | T85: OSE File No. 01502, North Side Luna Ditch | V85: 2 | X85: 01502 | Y85: T5S | Z85: R20W | AA85: 32 | AB85: CA | AC85: Minnie Reynolds | AD85: 1892 | AE85: 434 | AI85: 1538.8762 | AJ85: 79479.998
A86: 85 | B86: GSLU-00095 | C86: GSF | D86: GSLU | E86: MM | G86: 45860 | H86: 0.32754557 | I86: Arizona v California | J86: San Francisco River | K86: SF | L86: Luna | M86: LU | N86: North Luna Ditch | O86: FA | P86: Fallow, idle or otherwise not irrigated | Q86: 0.32754557 | R86: 4 | S86: Not irrigated | T86: OSE File No. 01502, North Side Luna Ditch | V86: 1 | X86: 01502 | Y86: T5S | Z86: R20W | AA86: 32 | AB86: CA | AC86: Harry and David Reynolds | AD86: 1892 | AE86: 430 | AI86: 151.77773 | AJ86: 1325.5352
A87: 86 | B87: GSLU-00096 | C87: GSF | D87: GSLU | E87: MM | G87: 45860 | H87: 1.2977635 | I87: Arizona v California | J87: San Francisco River | K87: SF | L87: Luna | M87: LU | O87: OUT | P87: Out Areas | Q87: 1.2977635 | T87: No Right | V87: 2 | X87: No Right | Y87: T5S | Z87: R20W | AA87: 32 | AB87: CA | AC87: Andrew J. Derrick | AD87: 1900 | AF87: 1.28 | AI87: 396.93799 | AJ87: 5251.8836
A88: 87 | B88: GSLU-00098 | C88: GSF | D88: GSLU | E88: MM | G88: 45860 | H88: 2.0057198 | I88: Arizona v California | J88: San Francisco River | K88: SF | L88: Luna | M88: LU | O88: FA | P88: Fallow, idle or otherwise not irrigated | Q88: 2.0057198 | R88: 4 | S88: Not irrigated | T88: OSE File No. , Frank Laney Ditch | V88: 2 | Y88: T5S | Z88: R20W | AA88: 33 | AB88: CA | AC88: Frank Laney | AD88: 1895 | AE88: 407 | AI88: 458.95508 | AJ88: 8116.8924
A89: 88 | B89: GSLU-00099 | C89: GSF | D89: GSLU | E89: MM | G89: 45860 | H89: 7.3640709 | I89: Arizona v California | J89: San Francisco River | K89: SF | L89: Luna | M89: LU | N89: North Luna Ditch | O89: FA | P89: Fallow, idle or otherwise not irrigated | Q89: 7.3640709 | R89: 4 | S89: Not irrigated | T89: OSE File No. 01502, North Side Luna Ditch | V89: 2 | X89: 01502 | Y89: T5S | Z89: R20W | AA89: 32 | AB89: CA | AC89: Minnie Reynolds | AD89: 1892 | AE89: 434 | AI89: 712.99613 | AJ89: 29801.457
A90: 89 | B90: GSLU-00100 | C90: GSF | D90: GSLU | E90: MM | G90: 45860 | H90: 9.8479511 | I90: Arizona v California | J90: San Francisco River | K90: SF | L90: Luna | M90: LU | O90: OUT | P90: Out Areas | Q90: 9.8479511 | S90: <Null> | T90: No Right | V90: 2 | X90: No Right | Y90: T5S | Z90: R20W | AA90: 33 | AB90: CA | AC90: Randolph Jenks | AI90: 789.97606 | AJ90: 39853.403
A91: 90 | B91: GSLU-00101 | C91: GSF | D91: GSLU | E91: MM | G91: 45860 | H91: 2.2443215 | I91: Arizona v California | J91: San Francisco River | K91: SF | L91: Luna | M91: LU | O91: OUT | P91: Out Areas | Q91: 2.2443215 | S91: <Null> | T91: No Right | V91: 2 | X91: No Right | Y91: T5S | Z91: R20W | AA91: 33 | AB91: CA | AC91: Randolph Jenks | AI91: 505.29064 | AJ91: 9082.4832
A92: 91 | B92: GSLU-00104 | C92: GSF | D92: GSLU | E92: MM | G92: 45860 | H92: 0.80065442 | I92: Arizona v California | J92: San Francisco River | K92: SF | L92: Luna | M92: LU | N92: North Luna Ditch | O92: FA | P92: Fallow, idle or otherwise not irrigated | Q92: 0.80065442 | R92: 4 | S92: Not irrigated | T92: OSE File No. 01502, North Side Luna Ditch | V92: 2 | X92: 01502 | Y92: T5S | Z92: R20W | AA92: 32 | AB92: CA | AC92: Lamar Reynolds | AD92: 1892 | AE92: 431 | AI92: 272.90786 | AJ92: 3240.1464
A93: 92 | B93: GSLU-00105 | C93: GSF | D93: GSLU | E93: MM | G93: 45860 | H93: 0.39742167 | I93: Arizona v California | J93: San Francisco River | K93: SF | L93: Luna | M93: LU | O93: STD | P93: Stock Rank, Dry | Q93: 0.39742167 | S93: <Null> | T93: Stock Tank NO Right Dry | V93: 4 | X93: Stock Tank | Y93: T5S | Z93: R20W | AA93: 33 | AB93: CA | AC93: Ed Sewell | AI93: 153.5442 | AJ93: 1608.3149
A94: 93 | B94: GSLU-00106 | C94: GSF | D94: GSLU | E94: MM | G94: 45860 | H94: 0.31381348 | I94: Arizona v California | J94: San Francisco River | K94: SF | L94: Luna | M94: LU | O94: OUT | P94: Out Areas | Q94: 0.31381348 | S94: <Null> | T94: Out Area | V94: 4 | X94: Out Area | Y94: T5S | Z94: R20W | AA94: 33 | AB94: CA | AC94: Ed Sewell | AI94: 195.75157 | AJ94: 1269.9632
A95: 94 | B95: GSLU-00107 | C95: GSF | D95: GSLU | E95: MM | G95: 45860 | H95: 8.8363888 | I95: Arizona v California | J95: San Francisco River | K95: SF | L95: Luna | M95: LU | O95: FA | P95: Fallow, idle or otherwise not irrigated | Q95: 8.8363888 | R95: 4 | S95: Not irrigated | T95: No Right | V95: 2 | X95: No Right | Y95: T5S | Z95: R20W | AA95: 32 | AB95: CA | AC95: Tom Adair | AI95: 985.84397 | AJ95: 35759.74
A96: 95 | B96: GSLU-00108 | C96: GSF | D96: GSLU | E96: MM | G96: 45860 | H96: 3.052274 | I96: Arizona v California | J96: San Francisco River | K96: SF | L96: Luna | M96: LU | N96: North Luna Ditch | O96: FA | P96: Fallow, idle or otherwise not irrigated | Q96: 3.052274 | R96: 4 | S96: Not irrigated | T96: OSE File No. 01502, North Side Luna Ditch | V96: 1 | X96: 01502 | Y96: T5S | Z96: R20W | AA96: 1 | AB96: CA | AC96: Frank Adair | AD96: 1892 | AE96: 370 | AI96: 461.33707 | AJ96: 12352.164
A97: 96 | B97: GSLU-00109 | C97: GSF | D97: GSLU | E97: MM | G97: 45860 | H97: 4.0645972 | I97: Arizona v California | J97: San Francisco River | K97: SF | L97: Luna | M97: LU | N97: North Luna Ditch | O97: OUT | P97: Out Areas | Q97: 4.0645972 | S97: <Null> | T97: No Right | V97: 1 | X97: No Right | Y97: T5S | Z97: R20W | AA97: 1 | AB97: CA | AC97: Ed Laney | AF97: 4.1 | AI97: 564.65066 | AJ97: 16448.907
A98: 97 | B98: GSLU-00110 | C98: GSF | D98: GSLU | E98: MM | G98: 45860 | H98: 0.69462141 | I98: Arizona v California | J98: San Francisco River | K98: SF | L98: Luna | M98: LU | N98: North Luna Ditch | O98: FA | P98: Fallow, idle or otherwise not irrigated | Q98: 0.69462141 | R98: 4 | S98: Not irrigated | T98: OSE File No. 01502, North Side Luna Ditch | V98: 1 | X98: 01502 | Y98: T5S | Z98: R20W | AA98: 32 | AB98: CA | AC98: David Reynolds | AD98: 1892 | AE98: 410 | AI98: 228.77902 | AJ98: 2811.0443
A99: 98 | B99: GSLU-00111 | C99: GSF | D99: GSLU | E99: MM | G99: 45860 | H99: 0.48788184 | I99: Arizona v California | J99: San Francisco River | K99: SF | L99: Luna | M99: LU | N99: North Luna Ditch | O99: FA | P99: Fallow, idle or otherwise not irrigated | Q99: 0.48788184 | R99: 4 | S99: Not irrigated | T99: OSE File No. 01502, North Side Luna Ditch | V99: 1 | X99: 01502 | Y99: T5S | Z99: R20W | AA99: 1 | AB99: CA | AC99: Harry and David Reynolds | AD99: 1892 | AE99: 426 | AI99: 189.93156 | AJ99: 1974.3957
A100: 99 | B100: GSLU-00112 | C100: GSF | D100: GSLU | E100: MM | G100: 45860 | H100: 3.8000984 | I100: Arizona v California | J100: San Francisco River | K100: SF | L100: Luna | M100: LU | N100: North Luna Ditch | O100: FA | P100: Fallow, idle or otherwise not irrigated | Q100: 3.8000984 | R100: 4 | S100: Not irrigated | T100: OSE File No. 01502, North Side Luna Ditch | V100: 2 | X100: 01502 | Y100: T5S | Z100: R20W | AA100: 32 | AB100: CA | AC100: Walter Butler | AD100: 1892 | AE100: 380 | AI100: 681.77935 | AJ100: 15378.514
...

Sheet GSRR_IA_2025
A1: OBJECTID | B1: Field_ID | C1: Basin | D1: Water_Righted_Acreage | E1: Decree | F1: System | G1: SysCode | H1: Unit | I1: UCode | J1: Ditch | K1: Crop_Code | L1: Crop_Type | M1: Computed_Acreage | N1: Irr_Code | O1: Irr_Method | P1: Remarks | Q1: Season | R1: Mapsheet | S1: Sections | T1: File_nbr | U1: Tws | V1: Rng | W1: Sec | X1: County | Y1: Owner | Z1: Priority | AA1: PLSS QQQ | AB1: Pla_rec_nbr | AC1: Shape_Length | AD1: Shape_Area
A2: 1 | B2: GSRR_00001 | C2: GSF | D2: 4.7 | E2: Arizona v California | F2: Gila River | G2: GR | H2: Red Rock | I2: RR | J2: Fuller Ditch | K2: OUT | L2: Out Areas | M2: 4.9826213 | N2: 0 | O2: <Null> | P2: Road to river not passable. best to view fron point above the river on southwest side - No WR's | R2: 1 | T2: 1459 | U2: T19S | V2: R19W | W2: 18 | X2: GR | Y2: Martha Fuller | Z2: 1904 | AC2: 537.82062 | AD2: 20164.034
A3: 2 | B3: GSRR_00002 | C3: GSF | D3: 25.5 | E3: Arizona v California | F3: Gila River | G3: GR | H3: Red Rock | I3: RR | J3: Fuller Ditch | K3: OUT | L3: Out Areas | M3: 27.037702 | N3: 0 | O3: <Null> | P3: Road to river not passable. best to view fron point above the river on southwest side | R3: 1 | T3: 1459 | U3: T19S | V3: R19W | W3: 18 | X3: GR | Y3: Pacific Western | Z3: 1904 | AC3: 1480.4522 | AD3: 109418.13
A4: 3 | B4: GSRR_00003 | C4: GSF | D4: 0.5 | E4: Arizona v California | F4: Gila River | G4: GR | H4: Red Rock | I4: RR | J4: Fuller Ditch | K4: FA | L4: Fallow, idle or otherwise not irrigated | M4: 0.52528282 | N4: 4 | O4: Not irrigated | P4: Road to river not passable. best to view fron point above the river on southwest side | R4: 1 | T4: 1459 | U4: T19S | V4: R19W | W4: 18 | X4: GR | Y4: Calvin C. Martin | Z4: 1904 | AC4: 265.6702 | AD4: 2125.7527
A5: 4 | B5: GSRR_00004 | C5: GSF | D5: 30.9 | E5: Arizona v California | F5: Gila River | G5: GR | H5: Red Rock | I5: RR | J5: Fuller Ditch | K5: OUT | L5: Out Areas | M5: 32.522518 | N5: 0 | O5: <Null> | P5: Road to river not passable. best to view fron point above the river on southwest side - No WR's | R5: 1 | T5: 1459 | U5: T19S | V5: R19W | W5: 18 | X5: GR | Y5: Pacific Western | Z5: 1904 | AC5: 1604.0028 | AD5: 131614.49
A6: 5 | B6: GSRR_00005 | C6: GSF | D6: 4.3 | E6: Arizona v California | F6: Gila River | G6: GR | H6: Red Rock | I6: RR | J6: Fuller Ditch | K6: OUT | L6: Out Areas | M6: 4.4475964 | N6: 0 | O6: <Null> | P6: Road to river not passable. best to view fron point above the river on southwest side - No WR's | R6: 1 | T6: 1459 | U6: T19S | V6: R19W | W6: 18 | X6: GR | Y6: Pacific Western | Z6: 1904 | AC6: 736.62946 | AD6: 17998.856
A7: 6 | B7: GSRR_00006 | C7: GSF | D7: 5.6 | E7: Arizona v California | F7: Gila River | G7: GR | H7: Red Rock | I7: RR | J7: Fuller Ditch | K7: OUT | L7: Out Areas | M7: 5.834519 | N7: 0 | O7: <Null> | P7: Road to river not passable. best to view fron point above the river on southwest side - No WR's | R7: 1 | T7: 1459 | U7: T19S | V7: R19W | W7: 18 | X7: GR | Y7: Pacific Western | Z7: 1904 | AC7: 744.00535 | AD7: 23611.555
A8: 7 | B8: GSRR_00007 | C8: GSF | D8: 30.9 | E8: Arizona v California | F8: Gila River | G8: GR | H8: Red Rock | I8: RR | J8: Maverick Flat Ditch | K8: OUT | L8: Out Areas | M8: 31.339456 | N8: 0 | O8: <Null> | R8: 2 | T8: 1566 | U8: T19S | V8: R19W | W8: 10 | X8: GR | Y8: Pacific Western | Z8: 1902 | AC8: 1630.4059 | AD8: 126826.79
A9: 8 | B9: GSRR_00008 | C9: GSF | D9: 2.7 | E9: Arizona v California | F9: Gila River | G9: GR | H9: Red Rock | I9: RR | J9: Maverick Flat Ditch | K9: FA | L9: Fallow, idle or otherwise not irrigated | M9: 2.7464307 | N9: 4 | O9: Not irrigated | R9: 2 | T9: 1566 | U9: T19S | V9: R19W | W9: 10 | X9: GR | Y9: Charlie Anderson | Z9: 1900 | AC9: 436.86106 | AD9: 11114.455
A10: 9 | B10: GSRR_00009 | C10: GSF | D10: 1.8 | E10: Arizona v California | F10: Gila River | G10: GR | H10: Red Rock | I10: RR | J10: Maverick Flat Ditch | K10: FA | L10: Fallow, idle or otherwise not irrigated | M10: 1.8576292 | N10: 4 | O10: Not irrigated | R10: 2 | T10: 1566 | U10: T19S | V10: R19W | W10: 10 | X10: GR | Y10: Charlie Anderson | Z10: 1900 | AC10: 409.61515 | AD10: 7517.5889
A11: 10 | B11: GSRR_00010 | C11: GSF | D11: 2.7 | E11: Arizona v California | F11: Gila River | G11: GR | H11: Red Rock | I11: RR | J11: Maverick Flat Ditch | K11: FA | L11: Fallow, idle or otherwise not irrigated | M11: 2.5968598 | N11: 4 | O11: Not irrigated | R11: 2 | T11: 1566 | U11: T19S | V11: R19W | W11: 10 | X11: GR | Y11: Fred Anderson | Z11: 1907 | AC11: 504.35769 | AD11: 10509.161
A12: 11 | B12: GSRR_00011 | C12: GSF | D12: 10.3 | E12: Arizona v California | F12: Gila River | G12: GR | H12: Red Rock | I12: RR | J12: Maverick Flat Ditch | K12: OUT | L12: Out Areas | M12: 10.229573 | N12: 0 | O12: <Null> | R12: 2 | T12: 1566 | U12: T19S | V12: R19W | W12: 10 | X12: GR | Y12: Pacific Western | Z12: 1902 | AC12: 932.18614 | AD12: 41397.78
A13: 12 | B13: GSRR_00012 | C13: GSF | D13: 3.8 | E13: Arizona v California | F13: Gila River | G13: GR | H13: Red Rock | I13: RR | J13: Maverick Flat Ditch | K13: OUT | L13: Out Areas | M13: 3.9538671 | N13: 0 | O13: <Null> | R13: 2 | T13: 1566 | U13: T19S | V13: R19W | W13: 10 | X13: GR | Y13: Pacific Western | Z13: 1902 | AC13: 600.07135 | AD13: 16000.797
A14: 13 | B14: GSRR_00013 | C14: GSF | D14: 3.8 | E14: Arizona v California | F14: Gila River | G14: GR | H14: Red Rock | I14: RR | K14: OUT | L14: Out Areas | M14: 3.8708347 | N14: 0 | O14: <Null> | P14: rights moved to mine? | R14: 2 | U14: T19S | V14: R19W | W14: 9 | X14: GR | Y14: Pacific Western | Z14: 1956 | AC14: 607.26004 | AD14: 15664.775
A15: 14 | B15: GSRR_00014 | C15: GSF | D15: 5.3 | E15: Arizona v California | F15: Gila River | G15: GR | H15: Red Rock | I15: RR | J15: Maverick Flat Ditch | K15: PIW | L15: Pasture (improved/Planted, Warm Grass) | M15: 4.4939894 | N15: 1 | O15: Flood irrigated | R15: 2 | T15: 1566 | U15: T19S | V15: R19W | W15: 10 | X15: GR | Y15: Fred Anderson | Z15: 1907 | AC15: 574.34356 | AD15: 18186.603
A16: 15 | B16: GSRR_00015 | C16: GSF | D16: 4.1 | E16: Arizona v California | F16: Gila River | G16: GR | H16: Red Rock | I16: RR | K16: OUT | L16: Out Areas | M16: 4.1372716 | N16: 0 | O16: <Null> | P16: No WR's - Transferred Out | R16: 3 | U16: T19S | V16: R19W | W16: 2 | X16: GR | Y16: Pacific Western | Z16: 1956 | AC16: 664.56607 | AD16: 16743.011
A17: 16 | B17: GSRR_00016 | C17: GSF | D17: 0.4 | E17: Arizona v California | F17: Gila River | G17: GR | H17: Red Rock | I17: RR | K17: OUT | L17: Out Areas | M17: 0.41050273 | N17: 0 | O17: <Null> | P17: rights moved to mine? | R17: 2 | U17: T19S | V17: R19W | W17: 10 | X17: GR | Y17: Pacific Western | Z17: 1956 | AC17: 215.83464 | AD17: 1661.2522
A18: 17 | B18: GSRR_00017 | C18: GSF | D18: 2.8 | E18: Arizona v California | F18: Gila River | G18: GR | H18: Red Rock | I18: RR | K18: OUT | L18: Out Areas | M18: 2.8511245 | N18: 0 | O18: <Null> | P18: rights moved to mine? | R18: 2 | U18: T19S | V18: R19W | W18: 10 | X18: GR | Y18: Pacific Western | Z18: 1956 | AC18: 426.60854 | AD18: 11538.138
A19: 18 | B19: GSRR_00018 | C19: GSF | D19: 10.9 | E19: Arizona v California | F19: Gila River | G19: GR | H19: Red Rock | I19: RR | K19: OUT | L19: Out Areas | M19: 10.950123 | N19: 0 | O19: <Null> | P19: rights moved to mine? | R19: 2 | U19: T19S | V19: R19W | W19: 9 | X19: GR | Y19: Pacific Western | Z19: 1956 | AC19: 1066.6123 | AD19: 44313.754
A20: 19 | B20: GSRR_00019 | C20: GSF | D20: 2.43 | E20: Arizona v California | F20: Gila River | G20: GR | H20: Red Rock | I20: RR | K20: FA | L20: Fallow, idle or otherwise not irrigated | M20: 2.1653334 | N20: 4 | O20: Not irrigated | P20: OSE File No. GSF-2443, Part 2 of 2 totaling 29.06 acres by permit | R20: 4 | T20: GSF-2443 | U20: T19S | V20: R19W | W20: 1 | X20: GR | Y20: Pacific Western | Z20: 1877 | AC20: 427.4484 | AD20: 8762.8285
A21: 20 | B21: GSRR_00020 | C21: GSF | D21: 1.1 | E21: Arizona v California | F21: Gila River | G21: GR | H21: Red Rock | I21: RR | J21: M. H. D. & E. Ditch | K21: OUT | L21: Out Areas | M21: 0.92825758 | N21: 0 | O21: <Null> | P21: No WR's - Transferred Out | R21: 4 | U21: T19S | V21: R19W | W21: 1 | X21: GR | Y21: Pacific Western | Z21: 1887 | AC21: 259.68095 | AD21: 3756.5402
A22: 21 | B22: GSRR_00022 | C22: GSF | D22: 6.7 | E22: Arizona v California | F22: Gila River | G22: GR | H22: Red Rock | I22: RR | J22: Robinson Ditch | K22: OUT | L22: Out Areas | M22: 6.7450894 | N22: 0 | O22: <Null> | P22: rights moved to mine? | R22: 2 | U22: T19S | V22: R19W | W22: 4 | X22: GR | Y22: Pacific Western | Z22: 1891 | AC22: 698.83421 | AD22: 27296.517
A23: 22 | B23: GSRR_00023 | C23: GSF | D23: 8.4 | E23: Arizona v California | F23: Gila River | G23: GR | H23: Red Rock | I23: RR | J23: Maverick Flat Ditch | K23: OUT | L23: Out Areas | M23: 8.3306215 | N23: 0 | O23: <Null> | P23: No WR's - Transferred Out | R23: 3 | T23: 963 | U23: T19S | V23: R19W | W23: 2 | X23: GR | Y23: Pacific Western | Z23: 1902 | AC23: 733.90477 | AD23: 33712.964
A24: 23 | B24: GSRR_00024 | C24: GSF | D24: 3.3 | E24: Arizona v California | F24: Gila River | G24: GR | H24: Red Rock | I24: RR | J24: Robinson Ditch | K24: OUT | L24: Out Areas | M24: 3.2479997 | N24: 0 | O24: <Null> | P24: rights moved to mine? | R24: 2 | U24: T19S | V24: R19W | W24: 4 | X24: GR | Y24: Pacific Western | Z24: 1891 | AC24: 485.43143 | AD24: 13144.241
A25: 24 | B25: GSRR_00026 | C25: GSF | D25: 1.8 | E25: Arizona v California | F25: Gila River | G25: GR | H25: Red Rock | I25: RR | J25: Robinson Ditch | K25: OUT | L25: Out Areas | M25: 1.9213115 | N25: 0 | O25: <Null> | P25: rights moved to mine? | R25: 2 | T25: 961 | U25: T19S | V25: R19W | W25: 3 | X25: GR | Y25: Pacific Western | Z25: 1891 | AC25: 434.86724 | AD25: 7775.3031
A26: 25 | B26: GSRR_00027 | C26: GSF | D26: 13.7 | E26: Arizona v California | F26: Gila River | G26: GR | H26: Red Rock | I26: RR | J26: M. H. D. & E. Ditch | K26: OUT | L26: Out Areas | M26: 11.552365 | N26: 0 | O26: <Null> | P26: No WR's - Transferred Out | R26: 4 | U26: T19S | V26: R18W | W26: 6 | X26: GR | Y26: Pacific Western | Z26: 1887 | AC26: 1213.7997 | AD26: 46750.948
A27: 26 | B27: GSRR_00028 | C27: GSF | D27: 1.2 | E27: Arizona v California | F27: Gila River | G27: GR | H27: Red Rock | I27: RR | J27: Robinson Ditch | K27: OUT | L27: Out Areas | M27: 1.2021821 | N27: 0 | O27: <Null> | P27: rights moved to mine? | R27: 2 | T27: 961 | U27: T19S | V27: R19W | W27: 6 | X27: GR | Y27: Pacific Western | Z27: 1891 | AC27: 289.81391 | AD27: 4865.078
A28: 27 | B28: GSRR_00029 | C28: GSF | D28: 2 | E28: Arizona v California | F28: Gila River | G28: GR | H28: Red Rock | I28: RR | J28: Robinson Ditch | K28: OUT | L28: Out Areas | M28: 2.0500858 | N28: 0 | O28: <Null> | P28: rights moved to mine? | R28: 2 | U28: T19S | V28: R19W | W28: 4 | X28: GR | Y28: Pacific Western | Z28: 1891 | AC28: 508.53106 | AD28: 8296.4362
A29: 28 | B29: GSRR_00030 | C29: GSF | D29: 0.3 | E29: Arizona v California | F29: Gila River | G29: GR | H29: Red Rock | I29: RR | J29: Robinson Ditch | K29: OUT | L29: Out Areas | M29: 0.25573024 | N29: 0 | O29: <Null> | P29: rights moved to mine? | R29: 2 | T29: 961 | U29: T19S | V29: R19W | W29: 3 | X29: GR | Y29: Pacific Western | Z29: 1891 | AC29: 120.52726 | AD29: 1034.9077
A30: 29 | B30: GSRR_00032 | C30: GSF | D30: 10.9 | E30: Arizona v California | F30: Gila River | G30: GR | H30: Red Rock | I30: RR | J30: Robinson Ditch | K30: OUT | L30: Out Areas | M30: 11.048144 | N30: 0 | O30: <Null> | P30: rights moved to mine? | R30: 2 | T30: 961 | U30: T19S | V30: R19W | W30: 3 | X30: GR | Y30: Pacific Western | Z30: 1891 | AC30: 880.09681 | AD30: 44710.433
A31: 30 | B31: GSRR_00033 | C31: GSF | D31: 6.8 | E31: Arizona v California | F31: Gila River | G31: GR | H31: Red Rock | I31: RR | J31: Maverick Flat Ditch | K31: OUT | L31: Out Areas | M31: 6.6919728 | N31: 0 | O31: <Null> | P31: No WR's - Transferred Out | R31: 3 | T31: 963 | U31: T19S | V31: R19W | W31: 2 | X31: GR | Y31: Pacific Western | Z31: 1902 | AC31: 727.30657 | AD31: 27081.561
A32: 31 | B32: GSRR_00034 | C32: GSF | D32: 0.8 | E32: Arizona v California | F32: Gila River | G32: GR | H32: Red Rock | I32: RR | J32: Robinson Ditch | K32: OUT | L32: Out Areas | M32: 0.85809896 | N32: 0 | O32: <Null> | P32: RESERVOIR | R32: 2 | T32: 961 | U32: T19S | V32: R19W | W32: 3 | X32: GR | Y32: Pacific Western | Z32: 1891 | AC32: 234.30291 | AD32: 3472.6172
A33: 32 | B33: GSRR_00035 | C33: GSF | D33: 24.06 | E33: Arizona v California | F33: Gila River | G33: GR | H33: Red Rock | I33: RR | K33: FA | L33: Fallow, idle or otherwise not irrigated | M33: 19.5361 | N33: 4 | O33: Not irrigated | P33: OSE File No. GSF-2443, Part 2 of 2 totaling 29.06 acres by permit | R33: 4 | T33: GSF-2443 | U33: T19S | V33: R19W | W33: 1 | X33: GR | Y33: Pacific Western Land Company | Z33: 1877 | AC33: 1113.6828 | AD33: 79060.106
A34: 33 | B34: GSRR_00036 | C34: GSF | D34: 12.4 | E34: Arizona v California | F34: Gila River | G34: GR | H34: Red Rock | I34: RR | K34: OUT | L34: Out Areas | M34: 11.113892 | N34: 0 | O34: <Null> | P34: No WR's - Transferred Out | R34: 4 | U34: T19S | V34: R19W | W34: 1 | X34: GR | Y34: Pacific Western | Z34: 1887 | AC34: 1975.7841 | AD34: 44976.507
A35: 34 | B35: GSRR_00037 | C35: GSF | D35: 20.3 | E35: Arizona v California | F35: Gila River | G35: GR | H35: Red Rock | I35: RR | J35: Robinson Ditch | K35: OUT | L35: Out Areas | M35: 20.67512 | N35: 0 | O35: <Null> | P35: rights moved to mine? | R35: 2 | T35: 961 | U35: T19S | V35: R19W | W35: 3 | X35: GR | Y35: Pacific Western | Z35: 1891 | AC35: 1251.5384 | AD35: 83669.575
A36: 35 | B36: GSRR_00038 | C36: GSF | D36: 40.3 | E36: Arizona v California | F36: Gila River | G36: GR | H36: Red Rock | I36: RR | J36: Robinson Ditch | K36: OUT | L36: Out Areas | M36: 40.563825 | N36: 0 | O36: <Null> | P36: rights moved to mine? | R36: 2 | T36: 961 | U36: T19S | V36: R19W | W36: 3 | X36: GR | Y36: Pacific Western | Z36: 1891 | AC36: 1663.2544 | AD36: 164156.63
A37: 36 | B37: GSRR_00039 | C37: GSF | D37: 20 | E37: Arizona v California | F37: Gila River | G37: GR | H37: Red Rock | I37: RR | J37: Robinson Ditch | K37: OUT | L37: Out Areas | M37: 20.281218 | N37: 0 | O37: <Null> | P37: rights moved to mine? | R37: 2 | T37: 961 | U37: T19S | V37: R19W | W37: 3 | X37: GR | Y37: Pacific Western | Z37: 1891 | AC37: 1149.8288 | AD37: 82075.508
A38: 37 | B38: GSRR_00040 | C38: GSF | D38: 28.8 | E38: Arizona v California | F38: Gila River | G38: GR | H38: Red Rock | I38: RR | J38: Maverick Flat Ditch | K38: OUT | L38: Out Areas | M38: 28.41678 | N38: 0 | O38: <Null> | P38: No WR's - Transferred Out | R38: 3 | T38: 963 | U38: T19S | V38: R19W | W38: 2 | X38: GR | Y38: Pacific Western | Z38: 1902 | AC38: 1332.4126 | AD38: 114999.09
A39: 38 | B39: GSRR_00041 | C39: GSF | D39: 14.6 | E39: Arizona v California | F39: Gila River | G39: GR | H39: Red Rock | I39: RR | J39: LC Ditch | K39: OUT | L39: Out Areas | M39: 14.698566 | N39: 0 | O39: <Null> | P39: No WR's - Transferred Out | R39: 2 | T39: 964 | U39: T19S | V39: R19W | W39: 2 | X39: GR | Y39: Pacific Western | Z39: 1891 | AC39: 1054.1216 | AD39: 59483.223
A40: 39 | B40: GSRR_00042 | C40: GSF | D40: 13.4 | E40: Arizona v California | F40: Gila River | G40: GR | H40: Red Rock | I40: RR | K40: OUT | L40: Out Areas | M40: 13.123945 | N40: 0 | O40: <Null> | R40: 4 | U40: T19S | V40: R19W | W40: 1 | X40: GR | Y40: Pacific Western | Z40: 1887 | AC40: 1521.0939 | AD40: 53110.934
A41: 40 | B41: GSRR_00043 | C41: GSF | D41: 14 | E41: Arizona v California | F41: Gila River | G41: GR | H41: Red Rock | I41: RR | J41: Maverick Flat Ditch | K41: OUT | L41: Out Areas | M41: 13.710099 | N41: 0 | O41: <Null> | P41: No WR's - Transferred Out | R41: 3 | T41: 963 | U41: T19S | V41: R19W | W41: 2 | X41: GR | Y41: Pacific Western | Z41: 1902 | AC41: 1093.3625 | AD41: 55483.026
A42: 41 | B42: GSRR_00044 | C42: GSF | D42: 20.1 | E42: Arizona v California | F42: Gila River | G42: GR | H42: Red Rock | I42: RR | J42: Maverick Flat Ditch | K42: OUT | L42: Out Areas | M42: 19.752853 | N42: 0 | O42: <Null> | P42: No WR's - Transferred Out | R42: 3 | T42: 963 | U42: T19S | V42: R19W | W42: 2 | X42: GR | Y42: Pacific Western | Z42: 1902 | AC42: 1392.0691 | AD42: 79937.278
A43: 42 | B43: GSRR_00045 | C43: GSF | D43: 5.1 | E43: Arizona v California | F43: Gila River | G43: GR | H43: Red Rock | I43: RR | J43: Maverick Flat Ditch | K43: OUT | L43: Out Areas | M43: 5.0550881 | N43: 0 | O43: <Null> | P43: No WR's - Transferred Out | R43: 3 | T43: 963 | U43: T19S | V43: R19W | W43: 2 | X43: GR | Y43: Pacific Western | Z43: 1902 | AC43: 666.88055 | AD43: 20457.298
A44: 43 | B44: GSRR_00046 | C44: GSF | D44: 14.7 | E44: Arizona v California | F44: Gila River | G44: GR | H44: Red Rock | I44: RR | K44: OUT | L44: Out Areas | M44: 14.073546 | N44: 0 | O44: <Null> | R44: 4 | U44: T19S | V44: R19W | W44: 1 | X44: GR | Y44: Pacific Western | Z44: 1887 | AC44: 1890.3745 | AD44: 56953.848
A45: 44 | B45: GSRR_00049 | C45: GSF | D45: 9.8 | E45: Arizona v California | F45: Gila River | G45: GR | H45: Red Rock | I45: RR | K45: OUT | L45: Out Areas | M45: 10.139675 | N45: 0 | O45: <Null> | P45: Area not declared in surface file No. 0964 & 0964 Amended | R45: 4 | U45: T19S | V45: R19W | W45: 1 | X45: GR | Y45: Pacific Western | Z45: 1953 | AC45: 1121.5805 | AD45: 41033.973
A46: 45 | B46: GSRR_00050 | C46: GSF | D46: 11.9 | E46: Arizona v California | F46: Gila River | G46: GR | H46: Red Rock | I46: RR | J46: L.C. Ditch | K46: OUT | L46: Out Areas | M46: 11.708162 | N46: 0 | O46: <Null> | P46: No WR's - Transferred Out | R46: 3 | T46: 964 | U46: T19S | V46: R19W | W46: 2 | X46: GR | Y46: Pacific Western | Z46: 1891 | AC46: 982.2709 | AD46: 47381.44
A47: 46 | B47: GSRR_00052 | C47: GSF | D47: 0.1 | E47: Arizona v California | F47: Gila River | G47: GR | H47: Red Rock | I47: RR | J47: L.C. Ditch | K47: RD | L47: Reservoir Dry | M47: 0.081812152 | N47: 0 | P47: RESERVOIR | R47: 4 | T47: 964 | U47: T19S | V47: R19W | W47: 1 | X47: GR | Y47: Pacific Western | Z47: 1885 | AC47: 69.471188 | AD47: 331.08336
A48: 47 | B48: GSRR_00054 | C48: GSF | D48: 36.2 | E48: Arizona v California | F48: Gila River | G48: GR | H48: Red Rock | I48: RR | J48: L.C. Ditch | K48: OUT | L48: Out Areas | M48: 36.255813 | N48: 0 | O48: <Null> | R48: 4 | T48: 964 | U48: T19S | V48: R19W | W48: 1 | X48: GR | Y48: Pacific Western | Z48: 1885 | AC48: 1893.402 | AD48: 146722.66
A49: 48 | B49: GSRR_00056 | C49: GSF | D49: 24.9 | E49: Arizona v California | F49: Gila River | G49: GR | H49: Red Rock | I49: RR | J49: L.C. Ditch | K49: OUT | L49: Out Areas | M49: 25.478346 | N49: 0 | O49: <Null> | P49: No WR's - Transferred Out | R49: 3 | T49: 964 | U49: T19S | V49: R19W | W49: 2 | X49: GR | Y49: Pacific Western | Z49: 1885 | AC49: 1395.7215 | AD49: 103107.62
A50: 49 | B50: GSRR_00057 | C50: GSF | D50: 24.6 | E50: Arizona v California | F50: Gila River | G50: GR | H50: Red Rock | I50: RR | J50: L.C. Ditch | K50: OUT | L50: Out Areas | M50: 24.079099 | N50: 0 | O50: <Null> | P50: No WR's - Transferred Out | R50: 3 | T50: 964 | U50: T19S | V50: R19W | W50: 2 | X50: GR | Y50: Pacific Western | Z50: 1885 | AC50: 1292.868 | AD50: 97445.045
A51: 50 | B51: GSRR_00058 | C51: GSF | D51: 17.8 | E51: Arizona v California | F51: Gila River | G51: GR | H51: Red Rock | I51: RR | J51: L.C. Ditch | K51: OUT | L51: Out Areas | M51: 17.448348 | N51: 0 | O51: <Null> | P51: No WR's - Transferred Out | R51: 3 | T51: 964 | U51: T19S | V51: R19W | W51: 2 | X51: GR | Y51: Pacific Western | Z51: 1885 | AC51: 1104.843 | AD51: 70611.242
A52: 51 | B52: GSRR_00060 | C52: GSF | D52: 14.3 | E52: Arizona v California | F52: Gila River | G52: GR | H52: Red Rock | I52: RR | J52: Toney Ditch | K52: OUT | L52: Out Areas | M52: 6.3329129 | N52: 0 | O52: <Null> | P52: No WR's - Transferred Out | R52: 4 | T52: 184 | U52: T19S | V52: R18W | W52: 6 | X52: GR | Y52: Pacific Western | Z52: 1882 | AC52: 1383.0836 | AD52: 25628.492
A53: 52 | B53: GSRR_00061 | C53: GSF | D53: 13.5 | E53: Arizona v California | F53: Gila River | G53: GR | H53: Red Rock | I53: RR | J53: Toney Ditch | K53: OUT | L53: Out Areas | M53: 13.249711 | N53: 0 | O53: <Null> | P53: No WR's - Transferred Out | R53: 4 | T53: 184 | U53: T19S | V53: R18W | W53: 6 | X53: GR | Y53: Pacific Western | Z53: 1882 | AC53: 959.27211 | AD53: 53619.893
A54: 53 | B54: GSRR_00062 | C54: GSF | D54: 2.6 | E54: Arizona v California | F54: Gila River | G54: GR | H54: Red Rock | I54: RR | J54: Toney Ditch | K54: OUT | L54: Out Areas | M54: 2.5883797 | N54: 0 | O54: <Null> | P54: No WR's - Transferred Out | R54: 4 | T54: 184 | U54: T19S | V54: R18W | W54: 6 | X54: GR | Y54: Pacific Western | Z54: 1882 | AC54: 457.89807 | AD54: 10474.843
